id,source_file,category,subcategory,question_type,difficulty,question,option_a,option_b,option_c,option_d,correct_answer,explanation
NLM-222,The_Forge_Questions_221_300_CLEAN.csv,Psychology,WAT,SingleWord,Hard,Word: Responsibility,,,,,Responsible people complete tasks without supervision.,Shows reliability and accountability.
NLM-224,The_Forge_Questions_221_300_CLEAN.csv,Military GK,Commands,SingleWord,Medium,The Eastern Naval Command is headquartered at ________.,,,,,Visakhapatnam,It is India's primary eastern naval headquarters.
NLM-225,The_Forge_Questions_221_300_CLEAN.csv,OIR Verbal,Number Series,MCQ,Hard,"1, 4, 9, 16, 25, ?",30,36,49,64,B,Perfect squares.
NLM-227,The_Forge_Questions_221_300_CLEAN.csv,Interview,Personal Interview,Subjective,Hard,You are asked about a major mistake in life.,,,,,B,Honesty and learning attitude matter.
NLM-228,The_Forge_Questions_221_300_CLEAN.csv,OIR Verbal,Coding-Decoding,MCQ,Hard,"If PEACE is coded as QFBDF, then WAR is coded as:",XBS,XCS,YBS,YCS,A,Each letter shifted +1.
NLM-231,The_Forge_Questions_221_300_CLEAN.csv,OIR Verbal,Analogy,MCQ,Medium,Map : Navigation :: Dictionary : ?,Grammar,Vocabulary,Pronunciation,Writing,B,Dictionary helps with words.
NLM-232,The_Forge_Questions_221_300_CLEAN.csv,Military GK,Aircraft,SingleWord,Medium,The Chinook helicopter is mainly used for ________ transport.,,,,,Heavy-lift,Chinook specializes in heavy cargo transport.
NLM-233,The_Forge_Questions_221_300_CLEAN.csv,Psychology,Self Description,SingleWord,Medium,How do your teachers describe you?,,,,,Dependable and willing to learn.,
NLM-235,The_Forge_Questions_221_300_CLEAN.csv,OIR Verbal,Alphabet Series,MCQ,Hard,"B, E, I, N, T, ?",Z,Y,A,U,C,"+3,+4,+5,+6,+7"
NLM-237,The_Forge_Questions_221_300_CLEAN.csv,Interview,CIQ,SingleWord,Medium,What would your best friend say is your strongest quality?,,,,,Trustworthiness.,
NLM-241,The_Forge_Questions_221_300_CLEAN.csv,OIR Verbal,Blood Relation,MCQ,Hard,"A woman says, ""My mother's brother's son is standing there.""

That person is her:",Brother,Cousin,Nephew,Uncle,B,
NLM-243,The_Forge_Questions_221_300_CLEAN.csv,Military GK,Missiles,SingleWord,Medium,Nag is an Indian ________ missile.,,,,,Anti-tank,
NLM-245,The_Forge_Questions_221_300_CLEAN.csv,OIR Verbal,Classification,MCQ,Medium,Find odd one.,Courage,Bravery,Valour,Determination,D,
NLM-246,The_Forge_Questions_221_300_CLEAN.csv,Psychology,WAT,SingleWord,Medium,Word: Success,,,,,Success follows preparation and persistence.,
NLM-248,The_Forge_Questions_221_300_CLEAN.csv,Military GK,Ranks,MCQ,Medium,Which rank is junior to Major?,Captain,Colonel,Brigadier,Lieutenant Colonel,A,
NLM-249,The_Forge_Questions_221_300_CLEAN.csv,OIR Verbal,Statement & Conclusion,MCQ,Hard,"Statement:
The academy introduced advanced simulators.

Conclusions:
I. Training methods are being upgraded.
II. Previous training was useless.",Only I,Only II,Both,Neither,A,
NLM-251,The_Forge_Questions_221_300_CLEAN.csv,OIR Verbal,Number Series,MCQ,Hard,"3, 7, 15, 31, 63, ?",127,129,131,133,A,
NLM-254,The_Forge_Questions_221_300_CLEAN.csv,Military GK,Navy,SingleWord,Medium,INS Arihant is a nuclear-powered ________.,,,,,Submarine,
NLM-255,The_Forge_Questions_221_300_CLEAN.csv,OIR Non-Verbal,Embedded Figure,MCQ,Hard,Embedded figure tests primarily measure:,Memory,Observation,Perception,Concentration,B,
NLM-257,The_Forge_Questions_221_300_CLEAN.csv,Interview,CIQ,SingleWord,Medium,What does leadership mean to you?,,,,,Helping a group achieve objectives together.,
NLM-258,The_Forge_Questions_221_300_CLEAN.csv,OIR Verbal,Direction Sense,MCQ,Hard,"A person walks 4 km south, 3 km east. Distance from start?",4 km,5 km,6 km,7 km,B,
NLM-260,The_Forge_Questions_221_300_CLEAN.csv,Military GK,Aircraft,MCQ,Medium,Mi-17 is primarily a:,Fighter,Bomber,Helicopter,UAV,C,
NLM-261,The_Forge_Questions_221_300_CLEAN.csv,OIR Verbal,Analogy,MCQ,Hard,Compass : Direction :: Clock : ?,Distance,Time,Speed,Schedule,B,
NLM-264,The_Forge_Questions_221_300_CLEAN.csv,Military GK,Air Force,,Fill in the Blanks,The aerobatic display team of the Indian Air Force is called ________.,,,,,Surya Kiran,
NLM-265,The_Forge_Questions_221_300_CLEAN.csv,OIR Verbal,Coding-Decoding,,Hard,"If BOOK = CPPL, then ARMY = ?",,,,,A,
NLM-267,The_Forge_Questions_221_300_CLEAN.csv,Interview,Personal Interview,,,What should you do if you don't know an answer?,,,,,Admit honestly and attempt logical reasoning.,
NLM-268,The_Forge_Questions_221_300_CLEAN.csv,OIR Verbal,Ranking,,,"7th from top and 15th from bottom.

Total?",,,,,A,
NLM-269,The_Forge_Questions_221_300_CLEAN.csv,Psychology,Self Description,,,How would your parents describe you?,,,,,Responsible and dependable.,
NLM-270,The_Forge_Questions_221_300_CLEAN.csv,Military GK,Awards,,,PVC stands for ________.,,,,,Param Vir Chakra,
NLM-275,The_Forge_Questions_221_300_CLEAN.csv,Military GK,Missile,,,Prithvi belongs to which category?,,,,,Surface-to-Surface Missile,
NLM-278,The_Forge_Questions_221_300_CLEAN.csv,Interview,CIQ,,,What inspires you most?,,,,,Meaningful responsibility.,
NLM-279,The_Forge_Questions_221_300_CLEAN.csv,OIR Verbal,Number Series,,,"10, 20, 40, 80, ?",,,,,C,
NLM-280,The_Forge_Questions_221_300_CLEAN.csv,Military GK,Aircraft,,,LCA stands for?,,,,,Light Combat Aircraft,
NLM-282,The_Forge_Questions_221_300_CLEAN.csv,OIR Verbal,Blood Relation,,,Father's sister is:,,,,,Aunt,
NLM-285,The_Forge_Questions_221_300_CLEAN.csv,Military GK,Navy,,,INS stands for?,,,,,Indian Naval Ship,
NLM-287,The_Forge_Questions_221_300_CLEAN.csv,Interview,Officer Response,,,Criticism should be:,,,,,Accepted positively and analyzed.,
NLM-288,The_Forge_Questions_221_300_CLEAN.csv,OIR Verbal,Analogy,,,Teacher : School :: Officer : ?,,,,,A,
NLM-290,The_Forge_Questions_221_300_CLEAN.csv,Military GK,Army,,,The regiment is primarily a ________ formation.,,,,,Military,
NLM-293,The_Forge_Questions_221_300_CLEAN.csv,OIR Verbal,Direction Sense,,,"Face North, turn right, then right.

Direction?",,,,,South,
NLM-294,The_Forge_Questions_221_300_CLEAN.csv,Psychology,Self Description,,,What is your greatest strength?,,,,,Consistency in effort.,
NLM-295,The_Forge_Questions_221_300_CLEAN.csv,Military GK,Defence,,,First line of national defence is the ________.,,,,,Armed Forces,
NLM-297,The_Forge_Questions_221_300_CLEAN.csv,OIR Verbal,Classification,,,"Find odd one.

Jet, Helicopter, Tank, Glider",,,,,Tank,
NLM-298,The_Forge_Questions_221_300_CLEAN.csv,Interview,PIQ,,,What extracurricular activity taught you leadership?,,,,,Any activity involving team coordination and responsibility.,
NLM-300,The_Forge_Questions_221_300_CLEAN.csv,OLQ,Overall Officer Potential,Subjective,Hard,"Which quality best integrates leadership, responsibility, courage and initiative?",,,,,C,OLQs collectively determine officer potential and suitability for leadership roles.
OBJ-001,Forge_Objective_Content_Cleaned.csv,Indian Constitution,,MCQ,Easy,Who is the Supreme Commander of the Indian Armed Forces?,The President of India.,The Prime Minister of India.,The Chief of Defence Staff.,The Defence Minister of India.,A,
OBJ-002,Forge_Objective_Content_Cleaned.csv,Indian Armed Forces,,MCQ,Easy,What is the motto of the Indian Army?,Shatrujeet (Vanquisher of Enemies).,Service before self.,"Nation First, Always First.",Touch the sky with glory.,B,
OBJ-003,Forge_Objective_Content_Cleaned.csv,Indian Armed Forces,,MCQ,Easy,When is Army Day celebrated in India?,15th August.,26th January.,15th January.,1st December.,C,
OBJ-004,Forge_Objective_Content_Cleaned.csv,Indian Armed Forces,,MCQ,Medium,What is the highest honorary rank in the Indian Army?,Major General,General,Lieutenant General,Field Marshal.,D,
OBJ-005,Forge_Objective_Content_Cleaned.csv,Indian Armed Forces,,MCQ,Medium,What is the highest honorary rank in the Indian Navy?,Admiral of the Fleet.,Admiral,Vice Admiral,Rear Admiral,A,
OBJ-006,Forge_Objective_Content_Cleaned.csv,Indian Armed Forces,,MCQ,Medium,What is the highest honorary rank in the Indian Air Force?,Air Chief Marshal,Marshal of the Air Force.,Air Marshal,Air Vice Marshal,B,
OBJ-007,Forge_Objective_Content_Cleaned.csv,Indian Armed Forces,,MCQ,Easy,What is the highest commissioned rank in the Indian Army?,Lieutenant General,Field Marshal,General.,Major General,C,
OBJ-008,Forge_Objective_Content_Cleaned.csv,Indian Armed Forces,,MCQ,Easy,What is the highest commissioned rank in the Indian Navy?,Rear Admiral,Admiral of the Fleet,Vice Admiral,Admiral.,D,
OBJ-009,Forge_Objective_Content_Cleaned.csv,Indian Armed Forces,,MCQ,Easy,What is the highest commissioned rank in the Indian Air Force?,Air Chief Marshal.,Marshal of the Air Force,Air Marshal,Air Vice Marshal,A,
OBJ-010,Forge_Objective_Content_Cleaned.csv,Indian Armed Forces,,MCQ,Medium,What is the Naval equivalent of an Army Lieutenant?,Admiral of the Fleet,Sub-Lieutenant.,Admiral,Vice Admiral,B,
OBJ-011,Forge_Objective_Content_Cleaned.csv,Indian Armed Forces,,MCQ,Medium,What is the Air Force equivalent of an Army Lieutenant?,Air Chief Marshal,Marshal of the Air Force,Flying Officer.,Air Marshal,C,
OBJ-012,Forge_Objective_Content_Cleaned.csv,Indian Armed Forces,,MCQ,Medium,What is the Air Force equivalent of a Naval Lieutenant?,Air Marshal,Marshal of the Air Force,Air Chief Marshal,Flight Lieutenant.,D,
OBJ-013,Forge_Objective_Content_Cleaned.csv,Indian Armed Forces,,MCQ,Medium,What is the Naval equivalent of an Air Force Squadron Leader?,Lieutenant Commander.,Admiral of the Fleet,Admiral,Vice Admiral,A,
OBJ-014,Forge_Objective_Content_Cleaned.csv,Indian Armed Forces,,MCQ,Medium,What is the Army equivalent of a Naval Commander?,Field Marshal,Lieutenant Colonel.,General,Lieutenant General,B,
OBJ-015,Forge_Objective_Content_Cleaned.csv,Indian Armed Forces,,MCQ,Medium,What is the Naval equivalent of an Air Force Group Captain?,Admiral,Admiral of the Fleet,Captain.,Vice Admiral,C,
OBJ-016,Forge_Objective_Content_Cleaned.csv,Indian Armed Forces,,MCQ,Medium,What is the Air Force equivalent of an Army Brigadier?,Air Marshal,Marshal of the Air Force,Air Chief Marshal,Air Commodore.,D,
OBJ-017,Forge_Objective_Content_Cleaned.csv,Indian Armed Forces,,MCQ,Medium,What is the Army equivalent of a Naval Commodore?,Brigadier.,Field Marshal,General,Lieutenant General,A,
OBJ-018,Forge_Objective_Content_Cleaned.csv,Indian Armed Forces,,MCQ,Medium,What is the Naval equivalent of an Army Major General?,Admiral of the Fleet,Rear Admiral.,Admiral,Vice Admiral,B,
OBJ-019,Forge_Objective_Content_Cleaned.csv,Indian Armed Forces,,MCQ,Medium,What is the Air Force equivalent of a Naval Rear Admiral?,Air Chief Marshal,Marshal of the Air Force,Air Vice Marshal.,Air Marshal,C,
OBJ-020,Forge_Objective_Content_Cleaned.csv,Indian Armed Forces,,MCQ,Medium,What is the Naval equivalent of an Army Lieutenant General?,Rear Admiral,Admiral of the Fleet,Admiral,Vice Admiral.,D,
OBJ-021,Forge_Objective_Content_Cleaned.csv,Indian Armed Forces,,MCQ,Medium,What is the Air Force equivalent of an Army Lieutenant General?,Air Marshal.,Marshal of the Air Force,Air Chief Marshal,Air Vice Marshal,A,
OBJ-022,Forge_Objective_Content_Cleaned.csv,Indian Armed Forces,,MCQ,Medium,What is the highest Junior Commissioned Officer rank in the Indian Army?,Subedar or Risaldar,Subedar Major or Risaldar Major.,Naib Subedar or Naib Risaldar,Honorary Captain,B,
OBJ-023,Forge_Objective_Content_Cleaned.csv,Indian Armed Forces,,MCQ,Medium,What is the middle Junior Commissioned Officer rank in the Indian Army?,Naib Subedar or Naib Risaldar,Subedar Major or Risaldar Major,Subedar or Risaldar.,Honorary Captain,C,
OBJ-024,Forge_Objective_Content_Cleaned.csv,Indian Armed Forces,,MCQ,Medium,What is the lowest Junior Commissioned Officer rank in the Indian Army?,Honorary Captain,Subedar Major or Risaldar Major,Subedar or Risaldar,Naib Subedar or Naib Risaldar.,D,
OBJ-025,Forge_Objective_Content_Cleaned.csv,Indian Armed Forces,,MCQ,Medium,How many operational commands are there in the Indian Army?,Six operational commands.,Five operational commands.,Seven operational commands.,Four operational commands.,A,
OBJ-026,Forge_Objective_Content_Cleaned.csv,Indian Armed Forces,,MCQ,Medium,Where is the Central Command of the Indian Army headquartered?,"Udhampur, Jammu and Kashmir","Lucknow, Uttar Pradesh.",Chandimandir,"Pune, Maharashtra",B,
OBJ-027,Forge_Objective_Content_Cleaned.csv,Indian Armed Forces,,MCQ,Medium,Where is the Eastern Command of the Indian Army headquartered?,Chandimandir,"Udhampur, Jammu and Kashmir","Kolkata, West Bengal.","Pune, Maharashtra",C,
OBJ-028,Forge_Objective_Content_Cleaned.csv,Indian Armed Forces,,MCQ,Medium,Where is the Northern Command of the Indian Army headquartered?,"Kolkata, West Bengal",Chandimandir,"Pune, Maharashtra","Udhampur, Jammu and Kashmir.",D,
OBJ-029,Forge_Objective_Content_Cleaned.csv,Indian Armed Forces,,MCQ,Medium,Where is the Southern Command of the Indian Army headquartered?,"Pune, Maharashtra.","Udhampur, Jammu and Kashmir",Chandimandir,"Kolkata, West Bengal",A,
OBJ-030,Forge_Objective_Content_Cleaned.csv,Indian Armed Forces,,MCQ,Medium,Where is the South Western Command of the Indian Army headquartered?,"Udhampur, Jammu and Kashmir","Jaipur, Rajasthan.",Chandimandir,"Pune, Maharashtra",B,
OBJ-031,Forge_Objective_Content_Cleaned.csv,Indian Armed Forces,,MCQ,Medium,Where is the Western Command of the Indian Army headquartered?,"Pune, Maharashtra","Udhampur, Jammu and Kashmir",Chandimandir.,"Kolkata, West Bengal",C,
OBJ-032,Forge_Objective_Content_Cleaned.csv,Indian Armed Forces,,MCQ,Medium,What is the motto of the Indian Navy?,Touch the sky with glory (Nabha Sparsham Deeptam).,"Nation First, Always First.",Service before self.,Shano Varuna (May the Lord of the Oceans be auspicious unto us).,D,
OBJ-033,Forge_Objective_Content_Cleaned.csv,Indian Armed Forces,,MCQ,Medium,How many operational commands does the Indian Navy operate?,Three operational commands.,Four operational commands.,Two operational commands.,Five operational commands.,A,
OBJ-034,Forge_Objective_Content_Cleaned.csv,Indian Armed Forces,,MCQ,Easy,Where is the Western Naval Command headquartered?,"Visakhapatnam, Andhra Pradesh","Mumbai, Maharashtra.","Kochi, Kerala",Port Blair,B,
OBJ-035,Forge_Objective_Content_Cleaned.csv,Indian Armed Forces,,MCQ,Easy,Where is the Eastern Naval Command headquartered?,"Kochi, Kerala","Mumbai, Maharashtra","Visakhapatnam, Andhra Pradesh.",Port Blair,C,
OBJ-036,Forge_Objective_Content_Cleaned.csv,Indian Armed Forces,,MCQ,Easy,Where is the Southern Naval Command headquartered?,Port Blair,"Mumbai, Maharashtra","Visakhapatnam, Andhra Pradesh","Kochi, Kerala.",D,
OBJ-037,Forge_Objective_Content_Cleaned.csv,Indian Armed Forces,,MCQ,Medium,Which is the joint command of the Indian Armed Forces?,The Andaman and Nicobar Command.,The Strategic Forces Command.,The Southern Naval Command.,The Central Air Command.,A,
OBJ-038,Forge_Objective_Content_Cleaned.csv,Indian Armed Forces,,MCQ,Medium,Where is the Andaman and Nicobar Command headquartered?,"Mumbai, Maharashtra",Port Blair.,"Visakhapatnam, Andhra Pradesh","Kochi, Kerala",B,
OBJ-039,Forge_Objective_Content_Cleaned.csv,Indian Armed Forces,,MCQ,Hard,Who heads the Andaman and Nicobar Command?,The Chief of Army Staff.,The Chief of Naval Staff.,The Chief of Integrated Service Command (CISC).,The Vice Chief of Defence Staff.,C,
OBJ-040,Forge_Objective_Content_Cleaned.csv,Indian Armed Forces,,MCQ,Easy,What does INS stand for in the Indian Navy?,Indian Naval Squadron.,Indian Navy Ship.,Indian National Ship.,Indian Naval Ship.,D,
OBJ-041,Forge_Objective_Content_Cleaned.csv,Indian Armed Forces,,MCQ,Medium,When was the Indian Air Force established?,8 October 1932.,1 April 1933.,26 October 1932.,1 January 1947.,A,
OBJ-042,Forge_Objective_Content_Cleaned.csv,Indian Armed Forces,,MCQ,Medium,What is the motto of the Indian Air Force?,Shatrujeet (Vanquisher of Enemies).,Touch the sky with glory (Nabha Sparsham Deeptam).,Service before self.,Shano Varuna.,B,
OBJ-043,Forge_Objective_Content_Cleaned.csv,Indian Armed Forces,,MCQ,Medium,Where is the Central Air Command headquartered?,"Shillong, Meghalaya",New Delhi,"Allahabad, Uttar Pradesh.","Thiruvananthapuram, Kerala",C,
OBJ-044,Forge_Objective_Content_Cleaned.csv,Indian Armed Forces,,MCQ,Medium,Where is the Eastern Air Command headquartered?,"Thiruvananthapuram, Kerala",New Delhi,"Allahabad, Uttar Pradesh","Shillong, Meghalaya.",D,
OBJ-045,Forge_Objective_Content_Cleaned.csv,Indian Armed Forces,,MCQ,Medium,Where is the Southern Air Command headquartered?,"Thiruvananthapuram, Kerala.",New Delhi,"Shillong, Meghalaya","Allahabad, Uttar Pradesh",A,
OBJ-046,Forge_Objective_Content_Cleaned.csv,Indian Armed Forces,,MCQ,Medium,Where is the South Western Air Command headquartered?,New Delhi,"Gandhinagar, Gujarat.","Shillong, Meghalaya","Allahabad, Uttar Pradesh",B,
OBJ-047,Forge_Objective_Content_Cleaned.csv,Indian Armed Forces,,MCQ,Medium,Where is the Western Air Command headquartered?,"Allahabad, Uttar Pradesh","Shillong, Meghalaya",New Delhi.,"Thiruvananthapuram, Kerala",C,
OBJ-048,Forge_Objective_Content_Cleaned.csv,Indian Armed Forces,,MCQ,Medium,Where is the Training Command of the IAF headquartered?,"Allahabad, Uttar Pradesh",New Delhi,"Shillong, Meghalaya",Bengaluru.,D,
OBJ-049,Forge_Objective_Content_Cleaned.csv,Indian Armed Forces,,MCQ,Medium,Where is the Maintenance Command of the IAF headquartered?,Nagpur.,New Delhi,"Shillong, Meghalaya","Allahabad, Uttar Pradesh",A,
OBJ-050,Forge_Objective_Content_Cleaned.csv,General Awareness,,MCQ,Easy,Where is the Indian Military Academy located?,"Khadakwasla, Pune","Dehradun, Uttarakhand.","Ezhimala, Kerala","Dundigal, Hyderabad",B,
OBJ-051,Forge_Objective_Content_Cleaned.csv,General Awareness,,MCQ,Medium,Where is the Officers Training Academy for Short Service Commission located?,"Dehradun, Uttarakhand","Khadakwasla, Pune","Chennai, Tamil Nadu.","Ezhimala, Kerala",C,
OBJ-052,Forge_Objective_Content_Cleaned.csv,General Awareness,,MCQ,Hard,Where is the Officers Training Academy for TES and SCO courses located?,"Ezhimala, Kerala","Khadakwasla, Pune","Dehradun, Uttarakhand","Gaya, Bihar.",D,
OBJ-053,Forge_Objective_Content_Cleaned.csv,General Awareness,,MCQ,Easy,Where is the National Defence Academy located?,"Khadakwasla, Pune.","Dehradun, Uttarakhand","Ezhimala, Kerala","Dundigal, Hyderabad",A,
OBJ-054,Forge_Objective_Content_Cleaned.csv,General Awareness,,MCQ,Easy,Where is the Indian Naval Academy located?,"Khadakwasla, Pune","Ezhimala, Kerala.","Dehradun, Uttarakhand","Dundigal, Hyderabad",B,
OBJ-055,Forge_Objective_Content_Cleaned.csv,General Awareness,,MCQ,Easy,Where is the Air Force Academy located?,"Dehradun, Uttarakhand","Khadakwasla, Pune","Dundigal, Hyderabad.","Ezhimala, Kerala",C,
OBJ-056,Forge_Objective_Content_Cleaned.csv,Indian Armed Forces,,MCQ,Medium,What is the primary role of the Corps of Signals?,Conducting reconnaissance and surveillance using UAVs.,Providing forward air control and close air support to ground troops.,Managing logistics and supply chain for frontline units.,"Handling communications, information technology, electronic warfare, and cyber operations.",D,
OBJ-057,Forge_Objective_Content_Cleaned.csv,Indian Armed Forces,,MCQ,Hard,Which branch of the Indian Army is known as the Cyber Warriors?,The Corps of Signals.,The Corps of Engineers.,The Army Aviation Corps.,The Corps of Military Police.,A,
OBJ-058,Forge_Objective_Content_Cleaned.csv,Indian Armed Forces,,MCQ,Medium,What is the primary role of the Army Aviation Corps?,Transporting troops and supplies across difficult terrain.,Providing attack helicopters as the manoeuvre arm against enemy mechanised columns.,Handling encrypted communications between field units.,Conducting airborne assault and paratrooper operations.,B,
OBJ-059,Forge_Objective_Content_Cleaned.csv,Indian Armed Forces,,MCQ,Medium,What is the primary responsibility of the Army Medical Corps?,Providing logistics support for artillery units.,Constructing and maintaining forward defensive fortifications.,"Managing operations casualties, health, and hygiene of the field force.",Training officer cadets in battlefield tactics.,C,
OBJ-060,Forge_Objective_Content_Cleaned.csv,Indian Armed Forces,,MCQ,Medium,What is the primary role of the Corps of Military Police?,Managing supply depots for forward units.,Providing artillery fire support to infantry units.,Conducting electronic surveillance of enemy communications.,Regulating the movement of combat forces and ensuring military discipline.,D,
OBJ-061,Forge_Objective_Content_Cleaned.csv,Defence Awareness,,MCQ,Easy,What is the highest peacetime gallantry award in India?,Ashok Chakra.,Param Vir Chakra,Maha Vir Chakra,Kirti Chakra,A,
OBJ-062,Forge_Objective_Content_Cleaned.csv,Defence Awareness,,MCQ,Easy,What is the highest wartime gallantry award in India?,Ashok Chakra,Param Vir Chakra.,Maha Vir Chakra,Kirti Chakra,B,
OBJ-063,Forge_Objective_Content_Cleaned.csv,Military Awareness,,MCQ,Medium,Who was the first recipient of the Param Vir Chakra?,Company Havildar Major Piru Singh.,Naik Jadunath Singh.,Major Somnath Sharma.,Second Lieutenant Rama Raghoba Rane.,C,
OBJ-064,Forge_Objective_Content_Cleaned.csv,Military Awareness,,MCQ,Hard,What was Operation Meghdoot?,A 1988 operation to protect the Maldivian government.,A 1971 operation to liberate East Pakistan.,A 1999 operation to evict infiltrators from Kargil.,A 1984 Indian Armed Forces operation to capture the Siachen Glacier.,D,
OBJ-065,Forge_Objective_Content_Cleaned.csv,Military Awareness,,MCQ,Hard,What was Operation Cactus?,A 1988 Indian military operation to thwart a mercenary invasion in the Maldives.,A 1984 operation to capture the Siachen Glacier.,A 1971 naval strike on Karachi harbour.,A 2006 evacuation of Indian citizens from Lebanon.,A,
OBJ-066,Forge_Objective_Content_Cleaned.csv,Military Awareness,,MCQ,Hard,What was Operation Pawan?,A 1988 mission to counter a coup attempt in the Maldives.,A 1987 operation by the Indian Peace Keeping Force in Sri Lanka.,A 1999 air campaign during the Kargil conflict.,A 1984 mission to secure the Siachen Glacier.,B,
OBJ-067,Forge_Objective_Content_Cleaned.csv,Military Awareness,,MCQ,Hard,What was Operation Safed Sagar?,The 1965 IAF campaign in the Indo-Pakistani War.,The 1971 IAF campaign in the Indo-Pakistani War.,The 1999 Indian Air Force strike operation during the Kargil conflict.,The IAF's 1962 operations in the Sino-Indian War.,C,
OBJ-068,Forge_Objective_Content_Cleaned.csv,Military Awareness,,MCQ,Medium,What was Operation Vijay?,The codename for the 1971 Indo-Pak War.,The codename for Operation Meghdoot.,The codename for the 1965 Indo-Pak War.,The codename for the 1999 Kargil War.,D,
OBJ-069,Forge_Objective_Content_Cleaned.csv,Military Awareness,,MCQ,Hard,What was Operation Sukoon?,A 2006 Indian Navy operation to evacuate citizens from war-torn Lebanon.,A 1988 operation to evacuate nationals from the Maldives.,A 1999 operation to rescue stranded climbers in Kargil.,A 1984 humanitarian mission in Sri Lanka.,A,
OBJ-070,Forge_Objective_Content_Cleaned.csv,Defence Technology,,MCQ,Easy,What is the Arjun MBT Mk1?,A Soviet-origin main battle tank used by the Indian Army.,The primary main battle tank of the Indian Army.,A joint India-Russia infantry fighting vehicle.,An indigenously developed self-propelled howitzer.,B,
OBJ-071,Forge_Objective_Content_Cleaned.csv,Defence Technology,,MCQ,Medium,What is the origin of the T-90 Bhishma tank?,Soviet Union.,Indigenously designed and built in India.,It is a joint venture between India and Russia.,A joint venture between India and France.,C,
OBJ-072,Forge_Objective_Content_Cleaned.csv,Defence Technology,,MCQ,Medium,What is the origin of the T-72M1 Ajeya tank?,United Kingdom.,India.,A joint venture between India and Russia.,Soviet Union.,D,
OBJ-073,Forge_Objective_Content_Cleaned.csv,Defence Technology,,MCQ,Medium,What is the origin of the T-55 battle tank?,Soviet Union.,India.,A joint venture between India and Russia.,United States.,A,
OBJ-074,Forge_Objective_Content_Cleaned.csv,Defence Technology,,MCQ,Medium,What is the origin of the BMP-2 Sarath?,India.,Soviet Union.,A joint venture between India and Israel.,United Kingdom.,B,
OBJ-075,Forge_Objective_Content_Cleaned.csv,Defence Technology,,MCQ,Hard,What is the BRDM-2?,A US-origin armoured personnel carrier.,An indigenously developed light tank of Indian origin.,An amphibious armoured reconnaissance vehicle of Soviet origin.,A French-origin reconnaissance vehicle.,C,
OBJ-076,Forge_Objective_Content_Cleaned.csv,Defence Technology,,MCQ,Medium,What is the FH77/B Howitzer commonly known as?,Dhanush.,Pinaka.,Smerch.,Bofors.,D,
OBJ-077,Forge_Objective_Content_Cleaned.csv,Defence Technology,,MCQ,Hard,What is Smerch?,A multiple rocket launcher system of Russian origin used by India.,An Israeli-origin loitering munition used by India.,An indigenously developed multi-barrel rocket launcher.,A French-origin self-propelled howitzer.,A,
OBJ-078,Forge_Objective_Content_Cleaned.csv,International Relations,,MCQ,Easy,Which two countries collaborated to create the BrahMos missile?,India and Israel.,India and Russia.,India and France.,India and the United States.,B,
OBJ-079,Forge_Objective_Content_Cleaned.csv,Defence Technology,,MCQ,Easy,What type of missile is BrahMos?,A short-range ballistic missile.,A subsonic anti-ship cruise missile.,A supersonic ramjet cruise missile.,An intercontinental ballistic missile.,C,
OBJ-080,Forge_Objective_Content_Cleaned.csv,Defence Technology,,MCQ,Medium,What is the range of the Agni-I ballistic missile?,"5,000 to 8,000 kilometers.",150 to 250 kilometers.,"2,000 to 3,500 kilometers.",700 to 800 kilometers.,D,
OBJ-081,Forge_Objective_Content_Cleaned.csv,Defence Technology,,MCQ,Medium,What is the range of the Agni-II ballistic missile?,"2,000 to 3,500 kilometers.",700 to 800 kilometers.,"3,500 to 5,000 kilometers.","5,000 to 8,000 kilometers.",A,
OBJ-082,Forge_Objective_Content_Cleaned.csv,Defence Technology,,MCQ,Medium,What is the range of the Agni-III ballistic missile?,"2,000 to 3,500 kilometers.","3,500 to 5,000 kilometers.","5,000 to 8,000 kilometers.",700 to 800 kilometers.,B,
OBJ-083,Forge_Objective_Content_Cleaned.csv,Defence Technology,,MCQ,Medium,What type of missile is Akash?,A submarine-launched ballistic missile.,An anti-tank guided missile developed by India.,A surface-to-air missile developed by India.,A supersonic cruise missile jointly developed with Russia.,C,
OBJ-084,Forge_Objective_Content_Cleaned.csv,Defence Technology,,MCQ,Medium,What type of missile is Trishul?,An anti-tank guided missile.,A medium-range surface-to-air missile.,A submarine-launched cruise missile.,A short-range surface-to-air missile developed by India.,D,
OBJ-085,Forge_Objective_Content_Cleaned.csv,Defence Technology,,MCQ,Hard,What is the Prithvi Air Defence (PAD)?,An anti-ballistic missile system for outside the atmosphere interception.,An endo-atmospheric interceptor missile system.,A short-range surface-to-air missile.,A submarine-launched ballistic missile.,A,
OBJ-086,Forge_Objective_Content_Cleaned.csv,Defence Technology,,MCQ,Hard,What is the Advanced Air Defence (AAD)?,An exo-atmospheric interceptor missile for outside the atmosphere.,An anti-ballistic missile system for endo-atmospheric interception.,A short-range tactical ballistic missile.,A man-portable air-defence system.,B,
OBJ-087,Forge_Objective_Content_Cleaned.csv,Defence Technology,,MCQ,Easy,What is the Tejas?,An unmanned combat aerial vehicle.,A twin-engine heavy multirole fighter jet.,An indigenously developed multi-role light combat aircraft.,A turboprop advanced jet trainer.,C,
OBJ-088,Forge_Objective_Content_Cleaned.csv,Defence Technology,,MCQ,Easy,Which is the primary air superiority fighter of the Indian Air Force?,SEPECAT Jaguar.,HAL Tejas.,Dassault Mirage 2000.,Sukhoi Su-30MKI.,D,
OBJ-089,Forge_Objective_Content_Cleaned.csv,Defence Technology,,MCQ,Medium,What is the Dassault Mirage 2000 known as in the IAF?,Vajra.,Garuda.,Bahadur.,Shamsher.,A,
OBJ-090,Forge_Objective_Content_Cleaned.csv,Defence Technology,,MCQ,Hard,What is the SEPECAT Jaguar known as in the IAF?,Vajra.,Shamsher.,Garuda.,Bahadur.,B,
OBJ-091,Forge_Objective_Content_Cleaned.csv,Defence Technology,,MCQ,Medium,What is the BAE Hawk Mk 132 used for?,It serves as India's primary air superiority fighter.,It serves as a heavy-lift transport aircraft.,It serves as an advanced jet trainer in the Indian Air Force.,It serves as an airborne early warning platform.,C,
OBJ-092,Forge_Objective_Content_Cleaned.csv,Defence Technology,,MCQ,Medium,What is the Ilyushin Il-76?,An aerial refuelling tanker aircraft.,A dedicated maritime patrol aircraft.,A medium-range tactical transport aircraft.,A heavy military transport aircraft used by the Indian Air Force.,D,
OBJ-093,Forge_Objective_Content_Cleaned.csv,Defence Technology,,MCQ,Hard,Name a heavy-lift helicopter operated by the Indian Air Force.,The Mil Mi-26.,The Mil Mi-17.,The HAL Dhruv.,The Mil Mi-35.,A,
OBJ-094,Forge_Objective_Content_Cleaned.csv,Defence Technology,,MCQ,Hard,Name an attack helicopter operated by the Indian Air Force.,The Mil Mi-26.,The Mil Mi-35.,The HAL Chetak.,The Boeing Chinook.,B,
OBJ-095,Forge_Objective_Content_Cleaned.csv,Defence Technology,,MCQ,Hard,Name two Unmanned Aerial Vehicles (UAVs) used by the IAF for reconnaissance.,IAI Harop and Harpy.,DRDO Rustom and Nishant.,IAI Searcher II and IAI Heron.,Predator and Global Hawk.,C,
OBJ-096,Forge_Objective_Content_Cleaned.csv,Defence Technology,,MCQ,Hard,What is the IAI Harpy used for by the Indian Air Force?,It is a trainer UAV used to train operators.,It is a reconnaissance UAV used for battlefield surveillance.,It is a heavy-lift transport UAV.,It is an Unmanned Combat Aerial Vehicle designed to attack radar systems.,D,
OBJ-097,Forge_Objective_Content_Cleaned.csv,Defence Technology,,MCQ,Hard,What is the DRDO Lakshya?,A pilotless target aircraft used as a towed aerial sub-target for live fire training.,An armed combat UAV used for precision strikes.,A long-endurance surveillance drone.,A heavy-lift cargo UAV.,A,
OBJ-098,Forge_Objective_Content_Cleaned.csv,Defence Awareness,,MCQ,Easy,Name the aircraft carrier currently active in the Indian Navy.,INS Viraat and INS Vikrant.,INS Vikramaditya and INS Vikrant,INS Vikrant and INS Chakra.,INS Vikramaditya and INS Viraat.,B,
OBJ-099,Forge_Objective_Content_Cleaned.csv,International Relations,,MCQ,Medium,From which country did India purchase the INS Vikramaditya?,United Kingdom.,France.,Russia.,United States.,C,
OBJ-100,Forge_Objective_Content_Cleaned.csv,Defence Technology,,MCQ,Hard,What is INS Chakra?,A conventional submarine built with German collaboration.,An indigenously built ballistic missile submarine.,A diesel-electric submarine purchased from France.,A nuclear-powered attack submarine leased from Russia.,D,
OBJ-101,Forge_Objective_Content_Cleaned.csv,Defence Technology,,MCQ,Hard,What is INS Arihant?,An indigenously built nuclear-powered ballistic missile submarine.,A nuclear-powered attack submarine leased from Russia.,A diesel-electric submarine built with French collaboration.,A conventional submarine of Soviet origin.,A,
OBJ-102,Forge_Objective_Content_Cleaned.csv,Indian Armed Forces,,MCQ,Medium,What is MARCOS?,The Marine Commando Force of the Indian Navy.,"The Marine Commando Force, a special operations unit of the Indian Navy.",The Special Frontier Force under the Cabinet Secretariat.,The Parachute Regiment's special forces wing.,B,
OBJ-103,Forge_Objective_Content_Cleaned.csv,Indian Armed Forces,,MCQ,Medium,What is the Garud Commando Force?,The special operations unit of the Indian Navy.,The special operations unit of the Indian Army.,The special operations unit of the Indian Air Force.,The special operations wing of the Border Security Force.,C,
OBJ-104,Forge_Objective_Content_Cleaned.csv,Defence Technology,,MCQ,Hard,What is the Sagarika missile?,A supersonic anti-ship cruise missile.,A land-based intercontinental ballistic missile.,A short-range surface-to-air missile.,An oceanic submarine-launched ballistic missile (SLBM).,D,
OBJ-105,Forge_Objective_Content_Cleaned.csv,Defence Technology,,MCQ,Hard,What is the Klub SS-N-27?,A foreign-made cruise missile system used by the Indian Navy.,A Russian-origin cruise missile system used by the Indian Navy.,An indigenously developed anti-ship missile.,A French-origin torpedo system.,A,
OBJ-106,Forge_Objective_Content_Cleaned.csv,Defence Technology,,MCQ,Hard,What is the Nirbhay?,An indigenously developed subsonic cruise missile.,An indigenously developed sub-sonic cruise missile system of India.,A supersonic cruise missile jointly developed with Russia.,A submarine-launched ballistic missile.,B,
OBJ-107,Forge_Objective_Content_Cleaned.csv,Defence Technology,,MCQ,Hard,What is Sangraha in the context of the Indian Navy?,A satellite communication network for the Indian Navy.,A joint electronic warfare programme of DRDO and the Indian Navy.,A joint electronic warfare programme of the DRDO and the Indian Navy.,A coastal radar surveillance chain.,C,
OBJ-108,Forge_Objective_Content_Cleaned.csv,Defence Technology,,MCQ,Hard,What does NEWN stand for in the Indian Navy?,Network for Early Warning and Navigation.,National Emergency Warning Network.,Naval Electronic Warfare Node.,Navy Enterprise Wide Network.,D,
OBJ-109,Forge_Objective_Content_Cleaned.csv,Indian Armed Forces,,MCQ,Hard,Where is the Naval Institute of Computer Applications located?,Mumbai.,Kochi.,Visakhapatnam.,Kolkata.,A,
OBJ-110,Forge_Objective_Content_Cleaned.csv,International Relations,,MCQ,Hard,What is COMCASA?,A pact enabling secure communications compatibility between India and the US.,A communications compatibility pact between India and the US for secure military hardware.,A logistics-sharing agreement between India and the US.,A civil nuclear cooperation agreement between India and the US.,B,
OBJ-111,Forge_Objective_Content_Cleaned.csv,International Relations,,MCQ,Hard,What is LEMOA?,The communications security pact between India and the US.,The Logistics Exchange Memorandum of Agreement between India and the US.,The Logistics Exchange Memorandum of Agreement signed between India and the US in 2016.,The foundational defence framework agreement between India and the US.,C,
OBJ-112,Forge_Objective_Content_Cleaned.csv,International Relations,,MCQ,Hard,What is the 123 Agreement?,The Communications Compatibility and Security Agreement.,The US-India Civil Nuclear Agreement.,The Logistics Exchange Memorandum of Agreement.,The US-India Civil Nuclear Agreement signed to facilitate civilian nuclear trade.,D,
OBJ-113,Forge_Objective_Content_Cleaned.csv,International Relations,,MCQ,Medium,What is the NSG?,"The Nuclear Suppliers Group, a multinational export-control cartel for nuclear technologies.",The Nuclear Suppliers Group.,The International Atomic Energy Agency.,The Missile Technology Control Regime.,A,
OBJ-114,Forge_Objective_Content_Cleaned.csv,International Relations,,MCQ,Medium,What is the IAEA?,The International Atomic Energy Agency.,"The International Atomic Energy Agency, which assists member states with safe nuclear technologies.",The Nuclear Suppliers Group.,The Comprehensive Test Ban Treaty Organization.,B,
OBJ-115,Forge_Objective_Content_Cleaned.csv,International Relations,,MCQ,Easy,What was the Rafale Deal?,An agreement to purchase Su-30MKI fighters from Russia.,An agreement to purchase 36 Dassault Rafale fighter aircraft from France.,An agreement between India and France for the purchase of 36 Dassault Rafale fighter aircraft.,An agreement to jointly develop a fighter jet with the US.,C,
OBJ-116,Forge_Objective_Content_Cleaned.csv,General Awareness,,MCQ,Easy,Who is known as the Missile Man of India?,Dr. Raja Ramanna.,Dr. Vikram Sarabhai.,Dr. Homi Bhabha.,Dr. APJ Abdul Kalam.,D,
OBJ-117,Forge_Objective_Content_Cleaned.csv,Indian Armed Forces,,MCQ,Medium,What is the Territorial Army?,A reserve force of volunteers who receive brief military training for emergency mobilization.,A reserve force of volunteers for emergency mobilisation.,The regular standing infantry reserve of the Indian Army.,A paramilitary force under the Ministry of Home Affairs.,A,
OBJ-118,Forge_Objective_Content_Cleaned.csv,Defence Technology,,MCQ,Easy,What is DRDO?,Defence Research and Development Organisation.,"Defence Research and Development Organisation, responsible for developing military technology in India.",Directorate of Research and Defence Operations.,Defence Research and Deployment Organisation.,B,
OBJ-119,Forge_Objective_Content_Cleaned.csv,General Awareness,,MCQ,Easy,What is the motto of the National Cadet Corps (NCC)?,"Nation First, Always First.",Service before self.,Unity and Discipline.,Shatrujeet.,C,
OBJ-120,Forge_Objective_Content_Cleaned.csv,General Awareness,,MCQ,Medium,When is NCC Day celebrated?,26th January.,The fourth Sunday of November.,The first Sunday of December.,The fourth Sunday of November every year.,D,
OBJ-121,Forge_Objective_Content_Cleaned.csv,General Awareness,,MCQ,Easy,What is Aadhaar?,A 12-digit unique identity number issued to Indian residents by UIDAI.,A 12-digit unique identity number issued by UIDAI.,A 10-digit tax identification number issued by the Income Tax Department.,A biometric ration card number issued by state governments.,A,
OBJ-122,Forge_Objective_Content_Cleaned.csv,General Awareness,,MCQ,Medium,When was the Unique Identification Authority of India (UIDAI) established?,August 2015.,January 2009.,March 2011.,November 2006.,B,
OBJ-123,Forge_Objective_Content_Cleaned.csv,General Awareness,,MCQ,Medium,What is the primary objective of Swachh Bharat Abhiyan?,To provide clean drinking water to rural households.,To clean India's infrastructure and eradicate open defecation.,To clean India's infrastructure and completely eradicate open defecation.,To promote renewable energy adoption nationwide.,C,
OBJ-124,Forge_Objective_Content_Cleaned.csv,General Awareness,,MCQ,Medium,What is the NRC?,National Registry of Compliance.,National Register of Citizens.,National Resident Card.,"National Register of Citizens, maintained to identify illegal immigrants in India.",D,
OBJ-125,Forge_Objective_Content_Cleaned.csv,General Awareness,,MCQ,Medium,What is the UDAN scheme?,A Regional Connectivity Scheme aimed at making air travel affordable for common citizens.,A Regional Connectivity Scheme for affordable air travel.,A scheme to modernise national highways.,A rural electrification scheme.,A,
OBJ-126,Forge_Objective_Content_Cleaned.csv,General Awareness,,MCQ,Easy,What does the acronym UDAN stand for?,Udaan Bharat Abhiyan.,Ude Desh ka Aam Naagrik.,Unnat Disha Aam Naagrik.,Uday Desh Aam Nirman.,B,
OBJ-127,Forge_Objective_Content_Cleaned.csv,General Awareness,,MCQ,Medium,What is Mission Indradhanush?,A nutrition scheme targeting maternal health.,A health initiative to boost routine immunisation coverage.,A health initiative to step up routine immunisation for vaccine-preventable diseases in children.,A sanitation drive to reduce waterborne diseases.,C,
OBJ-128,Forge_Objective_Content_Cleaned.csv,General Awareness,,MCQ,Medium,What is the Goods and Services Tax Network (GSTN)?,A tribunal for resolving GST disputes.,A non-profit body that built the IT backbone for GST.,A regulatory authority overseeing GST rates.,A non-profit organisation formed to create the IT network for GST.,D,
OBJ-129,Forge_Objective_Content_Cleaned.csv,General Awareness,,MCQ,Hard,Which company developed the software for the Goods and Services Tax Network (GSTN)?,Infosys Technologies.,Tata Consultancy Services.,Wipro Technologies.,HCL Technologies.,A,
OBJ-130,Forge_Objective_Content_Cleaned.csv,General Awareness,,MCQ,Medium,What is the objective of the Pravasi Kaushal Vikas Yojana?,To provide skill training to Indian youth for overseas employment.,To provide skill training to Indian youth seeking overseas employment.,To provide pensions to retired overseas Indian workers.,To regulate recruitment agencies for foreign jobs.,B,
OBJ-131,Forge_Objective_Content_Cleaned.csv,Indian Constitution,,MCQ,Hard,On what date did the Supreme Court of India declare the practice of instant triple talaq unconstitutional?,24 August 2017.,6 September 2018.,22 August 2017.,9 November 2019.,C,
OBJ-132,Forge_Objective_Content_Cleaned.csv,General Awareness,,MCQ,Hard,What does BMMA stand for?,Bharatiya Mahila Adhikar Andolan.,Bharatiya Mahila Mukti Andolan.,Bharatiya Muslim Manavata Andolan.,Bharatiya Muslim Mahila Andolan.,D,
OBJ-133,Forge_Objective_Content_Cleaned.csv,International Relations,,MCQ,Medium,Which emerging economies largely lead the G20 block?,"India, China, and Brazil.","India, Japan, and Brazil.","China, Russia, and South Africa.","India, Russia, and Japan.",A,
OBJ-134,Forge_Objective_Content_Cleaned.csv,International Relations,,MCQ,Hard,Name four member countries of the Shanghai Cooperation Organisation (SCO).,"China, Pakistan, Russia, and Iran.","China, Russia, Kazakhstan, and Uzbekistan.","Russia, Kazakhstan, Turkey, and Iran.","India, China, Russia, and Pakistan.",B,
OBJ-135,Forge_Objective_Content_Cleaned.csv,International Relations,,MCQ,Hard,What does ITER stand for?,Indian Thermal Energy Research Reactor.,International Treaty on Emission Reduction.,International Thermonuclear Experimental Reactor.,International Test and Evaluation Range.,C,
OBJ-136,Forge_Objective_Content_Cleaned.csv,Defence Technology,,MCQ,Medium,What is the difference between a gun and a rifle?,"A gun always has a smoothbore barrel, unlike a rifle.",A gun and a rifle are identical terms for the same weapon.,A rifle is any firearm larger than a pistol.,A gun is a general term for projectile weapons; a rifle has spiral grooves inside its barrel.,D,
OBJ-137,Forge_Objective_Content_Cleaned.csv,Defence Technology,,MCQ,Hard,Which country originally developed the Kriss Vector submachine gun?,Switzerland.,United States.,Israel.,Germany.,A,
OBJ-138,Forge_Objective_Content_Cleaned.csv,Defence Technology,,MCQ,Easy,How many engines does the Dassault Rafale fighter have?,One engine.,Two engines.,Three engines.,Four engines.,B,
OBJ-139,Forge_Objective_Content_Cleaned.csv,General Awareness,,MCQ,Medium,What is the principle of buoyancy?,The downward force exerted by gravity on a floating object.,The upward force exerted by a fluid opposing the weight of an immersed object.,The upward force exerted by a fluid that opposes the weight of an immersed object.,The frictional force resisting motion through a fluid.,C,
OBJ-140,Forge_Objective_Content_Cleaned.csv,Defence Technology,,MCQ,Medium,What is a frigate?,A slow supply vessel used for logistics support.,A fast warship for protecting other vessels from submarines and aircraft.,A heavily armoured warship built for coastal bombardment.,"A fast, maneuverable naval warship used to protect other vessels from submarines and aircraft.",D,
OBJ-141,Forge_Objective_Content_Cleaned.csv,Defence Technology,,MCQ,Medium,What is a corvette?,"A small, highly maneuverable, and lightly armed warship, typically smaller than a frigate.","A small, lightly armed warship smaller than a frigate.",A large capital warship bigger than a destroyer.,An unarmed naval support vessel.,A,
OBJ-142,Forge_Objective_Content_Cleaned.csv,Indian Constitution,,MCQ,Easy,What does the Right to Education Act ensure?,It makes education a fundamental right for children.,It makes education a fundamental right for children in India.,It mandates free higher education for all citizens.,It establishes a national curriculum board.,B,
OBJ-143,Forge_Objective_Content_Cleaned.csv,Military Awareness,,MCQ,Medium,What was the primary cause of the 1999 Kargil conflict?,A border skirmish over river-water sharing.,Infiltration by Pakistani soldiers and militants across the LoC.,Infiltration by Pakistani soldiers and militants into the Indian side of the Line of Control.,A coup attempt by Pakistani military commanders.,C,
SD001,Forge_Master_Content.csv,Self Opinion,Self Description,Self Description,Medium,What do you think of yourself?,,,,,,
SD002,Forge_Master_Content.csv,Parents Opinion,Self Description,Self Description,Medium,What do your parents think of you?,,,,,,
SD003,Forge_Master_Content.csv,Friends Opinion,Self Description,Self Description,Medium,What do your friends think of you?,,,,,,
SD004,Forge_Master_Content.csv,Teachers Opinion,Self Description,Self Description,Medium,What do your teachers or employer think of you?,,,,,,
SD005,Forge_Master_Content.csv,Life Goals,Self Description,Self Description,Medium,What kind of person do you want to become in life?,,,,,,
SD006,Forge_Master_Content.csv,Life Goals,Self Description,Self Description,Medium,What qualities would you like to improve in yourself?,,,,,,
SD007,Forge_Master_Content.csv,Friends Opinion,Self Description,Self Description,Medium,What is one quality your best friends would like you to change?,,,,,,
SD008,Forge_Master_Content.csv,Parents Opinion,Self Description,Self Description,Medium,What two things does your mother advise you to improve?,,,,,,
SD009,Forge_Master_Content.csv,Friends Opinion,Self Description,Self Description,Medium,What suggestions do your close friends give you for self-improvement?,,,,,,
SD010,Forge_Master_Content.csv,Parents Opinion,Self Description,Self Description,Medium,"If your family could change one quality in you, what would it be?",,,,,,
LECT0001,Forge_Master_Content.csv,Oil,Lecturette,Lecturette,High,Global Oil Crisis,,,,,,
LECT0002,Forge_Master_Content.csv,Power,Lecturette,Lecturette,High,Nuclear Energy / Nuclear power,,,,,,
LECT0003,Forge_Master_Content.csv,Pakistan,Lecturette,Lecturette,High,Indo-Pak Peace Process,,,,,,
LECT0004,Forge_Master_Content.csv,USA,Lecturette,Lecturette,High,Indo-US Relations / India's relationship :future,,,,,,
LECT0005,Forge_Master_Content.csv,WMD,Lecturette,Lecturette,High,Weapons of Mass Destruction,,,,,,
LECT0006,Forge_Master_Content.csv,Economy,Lecturette,Lecturette,High,Indian Economy,,,,,,
LECT0007,Forge_Master_Content.csv,Nuclear,Lecturette,Lecturette,High,Indo-US Nuclear Deal,,,,,,
LECT0008,Forge_Master_Content.csv,Pakistan,Lecturette,Lecturette,High,Indo-Pak Relations,,,,,,
LECT0009,Forge_Master_Content.csv,War,Lecturette,Lecturette,High,Wars with Pakistan,,,,,,
LECT0010,Forge_Master_Content.csv,Energy,Lecturette,Lecturette,High,Energy Crisis,,,,,,
LECT0011,Forge_Master_Content.csv,Budget,Lecturette,Lecturette,High,Defence Budget,,,,,,
LECT0012,Forge_Master_Content.csv,Development,Lecturette,Lecturette,High,India as a Superpower,,,,,,
LECT0013,Forge_Master_Content.csv,USA,Lecturette,Lecturette,High,COMCASA,,,,,,
LECT0014,Forge_Master_Content.csv,China,Lecturette,Lecturette,High,String of Pearls,,,,,,
LECT0015,Forge_Master_Content.csv,IOR,Lecturette,Lecturette,High,Indian Ocean Region,,,,,,
LECT0016,Forge_Master_Content.csv,UNSC,Lecturette,Lecturette,High,UN Security Council,,,,,,
LECT0017,Forge_Master_Content.csv,Cybersecurity,Lecturette,Lecturette,High,Ethical Hacking,,,,,,
LECT0018,Forge_Master_Content.csv,Law,Lecturette,Lecturette,High,Food Security Bill,,,,,,
LECT0019,Forge_Master_Content.csv,China,Lecturette,Lecturette,High,Indo-China Relations,,,,,,
LECT0020,Forge_Master_Content.csv,Cleanliness,Lecturette,Lecturette,High,Swachh Bharat Abhiyan,,,,,,
LECT0021,Forge_Master_Content.csv,Digital,Lecturette,Lecturette,High,Digital India Mission,,,,,,
LECT0022,Forge_Master_Content.csv,Economy,Lecturette,Lecturette,High,Demonetisation,,,,,,
LECT0023,Forge_Master_Content.csv,Urbanization,Lecturette,Lecturette,High,Smart City Project,,,,,,
LECT0024,Forge_Master_Content.csv,Transport,Lecturette,Lecturette,High,Bullet Train,,,,,,
LECT0025,Forge_Master_Content.csv,Citizenship,Lecturette,Lecturette,High,NRC,,,,,,
LECT0026,Forge_Master_Content.csv,Borders,Lecturette,Lecturette,High,India's neighbors,,,,,,
LECT0027,Forge_Master_Content.csv,Security,Lecturette,Lecturette,High,Terrorism a global threat / Terrorism,,,,,,
LECT0028,Forge_Master_Content.csv,Law,Lecturette,Lecturette,High,Judicial reforms,,,,,,
LECT0029,Forge_Master_Content.csv,Law,Lecturette,Lecturette,High,Police reforms,,,,,,
LECT0030,Forge_Master_Content.csv,Economy,Lecturette,Lecturette,High,Globalization,,,,,,
LECT0031,Forge_Master_Content.csv,Borders,Lecturette,Lecturette,High,Kashmir problem,,,,,,
LECT0032,Forge_Master_Content.csv,Nuclear,Lecturette,Lecturette,High,CTBT and India,,,,,,
LECT0033,Forge_Master_Content.csv,Law,Lecturette,Lecturette,High,Uniform civil code,,,,,,
LECT0034,Forge_Master_Content.csv,Science,Lecturette,Lecturette,High,Cloning,,,,,,
LECT0035,Forge_Master_Content.csv,Water,Lecturette,Lecturette,High,River water disputes,,,,,,
LECT0036,Forge_Master_Content.csv,Economy,Lecturette,Lecturette,High,Inflation,,,,,,
LECT0037,Forge_Master_Content.csv,Economy,Lecturette,Lecturette,High,FDI,,,,,,
LECT0038,Forge_Master_Content.csv,Politics,Lecturette,Lecturette,High,Do we need more states?,,,,,,
LECT0039,Forge_Master_Content.csv,Military,Lecturette,Lecturette,High,AFSPA,,,,,,
LECT0040,Forge_Master_Content.csv,Kashmir,Lecturette,Lecturette,High,Article 370,,,,,,
LECT0041,Forge_Master_Content.csv,Security,Lecturette,Lecturette,High,Naxalism problem,,,,,,
LECT0042,Forge_Master_Content.csv,South Asia,Lecturette,Lecturette,High,SAARC,,,,,,
LECT0043,Forge_Master_Content.csv,Religion,Lecturette,Lecturette,Medium,Indian Religion,,,,,,
LECT0044,Forge_Master_Content.csv,Culture,Lecturette,Lecturette,Medium,Indian Culture,,,,,,
LECT0045,Forge_Master_Content.csv,Women,Lecturette,Lecturette,Medium,Women in Society / Status of women in India,,,,,,
LECT0046,Forge_Master_Content.csv,Village,Lecturette,Lecturette,Medium,Rural Society,,,,,,
LECT0047,Forge_Master_Content.csv,Health,Lecturette,Lecturette,Medium,Smoking by Women,,,,,,
LECT0048,Forge_Master_Content.csv,Peace,Lecturette,Lecturette,Medium,Communal Harmony,,,,,,
LECT0049,Forge_Master_Content.csv,Politics,Lecturette,Lecturette,Medium,Democracy,,,,,,
LECT0050,Forge_Master_Content.csv,Media,Lecturette,Lecturette,Medium,Importance of TV / Role of media,,,,,,
LECT0051,Forge_Master_Content.csv,Farming,Lecturette,Lecturette,Medium,Agriculture in India,,,,,,
LECT0052,Forge_Master_Content.csv,Population,Lecturette,Lecturette,Medium,Family Planning / Population explosion,,,,,,
LECT0053,Forge_Master_Content.csv,Environment,Lecturette,Lecturette,Medium,Global Warming,,,,,,
LECT0054,Forge_Master_Content.csv,Education,Lecturette,Lecturette,Medium,Sex Education,,,,,,
LECT0055,Forge_Master_Content.csv,Internet,Lecturette,Lecturette,Medium,Social Networking Sites,,,,,,
LECT0056,Forge_Master_Content.csv,Fashion,Lecturette,Lecturette,Medium,Indian Fashion Industry,,,,,,
LECT0057,Forge_Master_Content.csv,Finance,Lecturette,Lecturette,Medium,E-banking,,,,,,
LECT0058,Forge_Master_Content.csv,Education,Lecturette,Lecturette,Medium,Brain Drain,,,,,,
LECT0059,Forge_Master_Content.csv,Wildlife,Lecturette,Lecturette,Medium,Declining Tiger Population in India,,,,,,
LECT0060,Forge_Master_Content.csv,Women,Lecturette,Lecturette,Medium,Women in Corporate India,,,,,,
LECT0061,Forge_Master_Content.csv,Women,Lecturette,Lecturette,Medium,Women in Armed Forces,,,,,,
LECT0062,Forge_Master_Content.csv,Society,Lecturette,Lecturette,Medium,Social Issues of India,,,,,,
LECT0063,Forge_Master_Content.csv,Crime,Lecturette,Lecturette,Medium,Crime Against Women,,,,,,
LECT0064,Forge_Master_Content.csv,Economy,Lecturette,Lecturette,Medium,Unemployment / Unemployment in India,,,,,,
LECT0065,Forge_Master_Content.csv,Health,Lecturette,Lecturette,Medium,Primary Healthcare in India,,,,,,
LECT0066,Forge_Master_Content.csv,Movies,Lecturette,Lecturette,Medium,Cinema Today,,,,,,
LECT0067,Forge_Master_Content.csv,Bollywood,Lecturette,Lecturette,Medium,Indian Film Industry,,,,,,
LECT0068,Forge_Master_Content.csv,TV,Lecturette,Lecturette,Medium,Reality Shows,,,,,,
LECT0069,Forge_Master_Content.csv,Education,Lecturette,Lecturette,Medium,Privatisation of Education,,,,,,
LECT0070,Forge_Master_Content.csv,Education,Lecturette,Lecturette,Medium,Literacy Rate in India,,,,,,
LECT0071,Forge_Master_Content.csv,Health,Lecturette,Lecturette,Medium,Child Mortality,,,,,,
LECT0072,Forge_Master_Content.csv,Women,Lecturette,Lecturette,Medium,Declining Sex Ratio,,,,,,
LECT0073,Forge_Master_Content.csv,Health,Lecturette,Lecturette,Medium,Drug Abuse,,,,,,
LECT0074,Forge_Master_Content.csv,Politics,Lecturette,Lecturette,Medium,Religion in Politics,,,,,,
LECT0075,Forge_Master_Content.csv,Crime,Lecturette,Lecturette,Medium,Criminalisation of Politics,,,,,,
LECT0076,Forge_Master_Content.csv,Women,Lecturette,Lecturette,Medium,Women Empowerment,,,,,,
LECT0077,Forge_Master_Content.csv,Journalism,Lecturette,Lecturette,Medium,Indian Media,,,,,,
LECT0078,Forge_Master_Content.csv,ISRO,Lecturette,Lecturette,Medium,Indian Space Programme / Space research in India,,,,,,
LECT0079,Forge_Master_Content.csv,Defense,Lecturette,Lecturette,Medium,Indian Missile Programme / Missile development in India,,,,,,
LECT0080,Forge_Master_Content.csv,Corruption,Lecturette,Lecturette,Medium,Corruption in modern India,,,,,,
LECT0081,Forge_Master_Content.csv,Environment,Lecturette,Lecturette,Medium,Pollution,,,,,,
LECT0082,Forge_Master_Content.csv,Water,Lecturette,Lecturette,Medium,Water shortage,,,,,,
LECT0083,Forge_Master_Content.csv,Energy,Lecturette,Lecturette,Medium,Non-conventional energy,,,,,,
LECT0084,Forge_Master_Content.csv,Safety,Lecturette,Lecturette,Medium,Disaster management,,,,,,
LECT0085,Forge_Master_Content.csv,Women,Lecturette,Lecturette,Medium,Female infanticide,,,,,,
LECT0086,Forge_Master_Content.csv,Education,Lecturette,Lecturette,Medium,Educating a girl child,,,,,,
LECT0087,Forge_Master_Content.csv,Health,Lecturette,Lecturette,Medium,AIDS,,,,,,
LECT0088,Forge_Master_Content.csv,Children,Lecturette,Lecturette,Medium,Child labor,,,,,,
LECT0089,Forge_Master_Content.csv,Economy,Lecturette,Lecturette,Medium,Poverty,,,,,,
LECT0090,Forge_Master_Content.csv,Politics,Lecturette,Lecturette,Medium,Reservation / Reservation for women,,,,,,
LECT0091,Forge_Master_Content.csv,Education,Lecturette,Lecturette,Medium,Ragging,,,,,,
LECT0092,Forge_Master_Content.csv,Family,Lecturette,Lecturette,Medium,Single parenting in India,,,,,,
LECT0093,Forge_Master_Content.csv,Health,Lecturette,Lecturette,Medium,Medical tourism,,,,,,
LECT0094,Forge_Master_Content.csv,Economy,Lecturette,Lecturette,Medium,Tourism in India,,,,,,
LECT0095,Forge_Master_Content.csv,Media,Lecturette,Lecturette,Medium,Freedom of press,,,,,,
LECT0096,Forge_Master_Content.csv,Politics,Lecturette,Lecturette,Medium,Role of opposition in democracy,,,,,,
LECT0097,Forge_Master_Content.csv,Law,Lecturette,Lecturette,Medium,Human rights,,,,,,
LECT0098,Forge_Master_Content.csv,LGBTQ,Lecturette,Lecturette,Medium,Gay rights,,,,,,
LECT0099,Forge_Master_Content.csv,Politics,Lecturette,Lecturette,Medium,Banana government,,,,,,
LECT0100,Forge_Master_Content.csv,Defense,Lecturette,Lecturette,Medium,Compulsory military training,,,,,,
LECT0101,Forge_Master_Content.csv,Sports,Lecturette,Lecturette,Medium,Use of drugs in sports,,,,,,
LECT0102,Forge_Master_Content.csv,Law,Lecturette,Lecturette,Medium,RTI,,,,,,
LECT0103,Forge_Master_Content.csv,Education,Lecturette,Lecturette,Medium,RTE,,,,,,
LECT0104,Forge_Master_Content.csv,Education,Lecturette,Lecturette,Low,My School,,,,,,
LECT0105,Forge_Master_Content.csv,Relationships,Lecturette,Lecturette,Low,Friends,,,,,,
LECT0106,Forge_Master_Content.csv,Family,Lecturette,Lecturette,Low,Best Child,,,,,,
LECT0107,Forge_Master_Content.csv,Memories,Lecturette,Lecturette,Low,Childhood Days,,,,,,
LECT0108,Forge_Master_Content.csv,Internet,Lecturette,Lecturette,Low,E-mail,,,,,,
LECT0109,Forge_Master_Content.csv,Entertainment,Lecturette,Lecturette,Low,Cinema,,,,,,
LECT0110,Forge_Master_Content.csv,Tech,Lecturette,Lecturette,Low,Mobile Phone,,,,,,
LECT0111,Forge_Master_Content.csv,Gaming,Lecturette,Lecturette,Low,Computer Games,,,,,,
LECT0112,Forge_Master_Content.csv,Sports,Lecturette,Lecturette,Low,Cricket in India,,,,,,
LECT0113,Forge_Master_Content.csv,Health,Lecturette,Lecturette,Low,Yoga,,,,,,
LECT0114,Forge_Master_Content.csv,Role Model,Lecturette,Lecturette,Low,My Idol / My role model,,,,,,
LECT0115,Forge_Master_Content.csv,Inspiration,Lecturette,Lecturette,Low,Personality I Like the Most,,,,,,
LECT0116,Forge_Master_Content.csv,Family,Lecturette,Lecturette,Low,Role of Parents,,,,,,
LECT0117,Forge_Master_Content.csv,Family,Lecturette,Lecturette,Low,Joint Family System,,,,,,
LECT0118,Forge_Master_Content.csv,Proverb,Lecturette,Lecturette,Low,A friend in need is a friend indeed,,,,,,
LECT0119,Forge_Master_Content.csv,Family,Lecturette,Lecturette,Low,My Father,,,,,,
LECT0120,Forge_Master_Content.csv,Personal,Lecturette,Lecturette,Low,My hobby,,,,,,
LECT0121,Forge_Master_Content.csv,Sports,Lecturette,Lecturette,Low,Value of sports and games,,,,,,
LECT0122,Forge_Master_Content.csv,Society,Lecturette,Lecturette,Low,Generation gap,,,,,,
GD0001,Forge_Master_Content.csv,Social Issues,Group Discussion,Group Discussion,Medium,In past few decades it is seen that people from Indian villages are migrating to cities very fast. According to you what is the reason behind this exodus?,,,,,,
GD0002,Forge_Master_Content.csv,Social Issues,Group Discussion,Group Discussion,Medium,The corruption in public life is increased in India in past few years; this problem is growing day by day. According to you what is driving factor for the corruption in our day today life need or greed?,,,,,,
GD0003,Forge_Master_Content.csv,Economy,Group Discussion,Group Discussion,Medium,"India has several states and some of them have progressed very fast, but at the same time some states have shown slow pace in development. According to you what is the basic reason for this disparity?",,,,,,
GD0004,Forge_Master_Content.csv,Social Issues,Group Discussion,Group Discussion,Low,Sudden increase in divorce cases. What is the basic reason behind this?,,,,,,
GD0005,Forge_Master_Content.csv,Economy,Group Discussion,Group Discussion,Medium,Causes of this growth in unemployment?,,,,,,
OIR0001,Forge_Master_Content.csv,Analogy,OIR,OIR,Low,"Drama is related to scene, in the same way as book is related to...",,,,,,
OIR0002,Forge_Master_Content.csv,Analogy,OIR,OIR,Low,Waves is related to air in the same way as ripples is related to...,,,,,,
OIR0003,Forge_Master_Content.csv,Analogy,OIR,OIR,Medium,"Shirt is related to button, in the same way as shoes is related to...",,,,,,
OIR0004,Forge_Master_Content.csv,Analogy,OIR,OIR,Low,Cloth : Mill :: Newspaper:?,,,,,,
OIR0005,Forge_Master_Content.csv,Analogy,OIR,OIR,High,GREAT : 25 :: Number : ?,,,,,,
OIR0006,Forge_Master_Content.csv,Analogy,OIR,OIR,Low,Country : President :: State : ?,,,,,,
OIR0007,Forge_Master_Content.csv,Analogy,OIR,OIR,Medium,Flow : River :: Stagnant : ?,,,,,,
OIR0008,Forge_Master_Content.csv,Analogy,OIR,OIR,Medium,PASS : QBTT :: FAIL : ?,,,,,,
OIR0009,Forge_Master_Content.csv,Analogy,OIR,OIR,Medium,Dog is to canine as wolf is to ___________,,,,,,
OIR0010,Forge_Master_Content.csv,Analogy,OIR,OIR,Low,Sadness is to happiness as defeat is to ___________,,,,,,
OIR0011,Forge_Master_Content.csv,Analogy,OIR,OIR,Low,"Paper is made from timber, as ___________ is made from hide",,,,,,
OIR0012,Forge_Master_Content.csv,Analogy,OIR,OIR,Low,A Thermometer is related to Temperature as a Speedometer is to ___________,,,,,,
OIR0013,Forge_Master_Content.csv,Analogy,OIR,OIR,Low,Bird is to fly as man is to ________,,,,,,
OIR0014,Forge_Master_Content.csv,Analogy,OIR,OIR,Low,Milk is to White as Sky is to ___________,,,,,,
OIR0015,Forge_Master_Content.csv,Analogy,OIR,OIR,Low,Wife is to Husband as Mare is to ___________,,,,,,
OIR0016,Forge_Master_Content.csv,Analogy,OIR,OIR,Low,"Rich is to Wealthy, as Mars is to ___________",,,,,,
OIR0017,Forge_Master_Content.csv,Series,OIR,OIR,Medium,"48, 24, 72, 36, 108, ?",,,,,,
OIR0019,Forge_Master_Content.csv,Series,OIR,OIR,High,"P256, N196, L144, J100, ?",,,,,,
OIR0020,Forge_Master_Content.csv,Series,OIR,OIR,High,"Find out the wrong number in the given series: 258, 130, 66, 34, 18, 8, 6",,,,,,
OIR0021,Forge_Master_Content.csv,Series,OIR,OIR,Medium,"6, 11, 21, 36, 56, ?",,,,,,
OIR0022,Forge_Master_Content.csv,Series,OIR,OIR,Low,"1, ?, 27, 64, 125",,,,,,
OIR0023,Forge_Master_Content.csv,Series,OIR,OIR,Medium,"10, 22, 8, 24, 6, ?",,,,,,
OIR0024,Forge_Master_Content.csv,Series,OIR,OIR,Low,"Find the missing, 3,7,11,15,_,_",,,,,,
OIR0025,Forge_Master_Content.csv,Series,OIR,OIR,Medium,Supply the missing numbers: 2 6 12 20 30 ? 56,,,,,,
OIR0026,Forge_Master_Content.csv,Coding-Decoding,OIR,OIR,Medium,In a certain code BASIC is written as DDULE. How is LEADER written in that code?,,,,,,
OIR0027,Forge_Master_Content.csv,Coding-Decoding,OIR,OIR,High,In a certain code PEN is written as NZO and BARK as CTSL. How can we write PRANK in that coding system?,,,,,,
OIR0028,Forge_Master_Content.csv,Coding-Decoding,OIR,OIR,Medium,"If ROYAL is coded as 20-17-01-03-14, how will you code BOIL?",,,,,,
OIR0029,Forge_Master_Content.csv,Coding-Decoding,OIR,OIR,Medium,"If in a certain code, BAT = 23 and BALL = 27, then how will you code CAT?",,,,,,
OIR0030,Forge_Master_Content.csv,Coding-Decoding,OIR,OIR,Low,"If 'Room' is called as 'Book', 'Book' is called as 'Bag', 'Bag' is called as 'Mat'. Then, what is useful to carry books?",,,,,,
OIR0031,Forge_Master_Content.csv,Coding-Decoding,OIR,OIR,Medium,"In a certain code '467' means 'red colour chalk'; '685' means 'green colour flower' and '367' means 'white colour chalk', then what is the code for 'white'?",,,,,,
OIR0032,Forge_Master_Content.csv,Coding-Decoding,OIR,OIR,Medium,"If in a code language, PAINT is written as 74128 and EXCEL is written as 93596, then how will ACCEPT be written in that language?",,,,,,
OIR0033,Forge_Master_Content.csv,Coding-Decoding,OIR,OIR,High,"If HKTG means Fire, what does YCVGT mean?",,,,,,
OIR0034,Forge_Master_Content.csv,Coding-Decoding,OIR,OIR,Low,"If 'ZYXW' is coded as 'ABCD', then 'STUV' will be coded as",,,,,,
OIR0035,Forge_Master_Content.csv,Coding-Decoding,OIR,OIR,Low,"In a language A is coded as 1, B is coded as 2, then FACE is coded as",,,,,,
OIR0036,Forge_Master_Content.csv,Coding-Decoding,OIR,OIR,High,"If 'Hyderabad' is coded as 'Ixedszcze', then 'Chennai' is coded as",,,,,,
OIR0037,Forge_Master_Content.csv,Blood Relations,OIR,OIR,Medium,"A is the brother of B. B is the brother of C. D is the father of A. Based on these three statements, which of the following statements cannot be definitely true? (a) B is the brother of A (b) B is the son of D (c) A is the brother of C (d) C is the brother of A",,,,,,
OIR0038,Forge_Master_Content.csv,Blood Relations,OIR,OIR,Medium,"Pointing to Parul, Ram said, She is daughter of the only child of my father. How is Ram's wife related to that girl?",,,,,,
OIR0039,Forge_Master_Content.csv,Blood Relations,OIR,OIR,Medium,My mother's sister's husband's only son's sister is related to me as,,,,,,
OIR0040,Forge_Master_Content.csv,Blood Relations,OIR,OIR,Low,A lady introduces a man as the son of the brother of her mother. How is the man related to the woman?,,,,,,
OIR0041,Forge_Master_Content.csv,Blood Relations,OIR,OIR,High,"Arjun told Rachit, 'Yesterday I defeated the only brother of the daughter of my grandmother.' Whom did Arjun defeat?",,,,,,
OIR0042,Forge_Master_Content.csv,Blood Relations,OIR,OIR,Medium,X and Y are children of Z. Z is the father of X but Y is not the son of Z. What is Y to Z?,,,,,,
OIR0043,Forge_Master_Content.csv,Blood Relations,OIR,OIR,High,"If a party consisted of a man and his wife, their two sons and their wives and four children of each son, how many persons were there in all in the party?",,,,,,
OIR0044,Forge_Master_Content.csv,Direction Sense,OIR,OIR,Medium,"Bani leaves her house and walks 5 m towards North, turns right and walks 10 m, then turns right and walks 5 m, then turns left and walks 15 m. In which direction is she now?",,,,,,
OIR0045,Forge_Master_Content.csv,Direction Sense,OIR,OIR,Medium,"From her house, Seema went 15 km to the North. Then she turned West and covered 10 km. Then she turned South and covered 5 km. Finally turning to the East, she covered 10 km. In which direction is she from her house?",,,,,,
OIR0046,Forge_Master_Content.csv,Direction Sense,OIR,OIR,High,A clock is so placed that at 12 : 00 noon its minute hand points towards North-East. In which direction does its hour hand point at 1:30 pm?,,,,,,
OIR0047,Forge_Master_Content.csv,Direction Sense,OIR,OIR,Medium,"Vijay started walking towards South. After walking 15 m, he turned to the left and walked 15 m. He again turned to his left and walked 15 m. How far is he from his original position and in which direction?",,,,,,
OIR0048,Forge_Master_Content.csv,Direction Sense,OIR,OIR,Medium,"If you start from point A and walk 4 miles towards the east, then turn left and walk 3 miles towards the north, turn left again and walk 2 miles, which choice mentions the direction in which you are going?",,,,,,
OIR0049,Forge_Master_Content.csv,Classification,OIR,OIR,High,Choose the one which is different from others. (a) BYCX (b) FUHS (c) KPMN (d) IQEU,,,,,,
OIR0050,Forge_Master_Content.csv,Classification,OIR,OIR,Medium,"Three out of the following four pairs of numbers have the same relationship. Find the odd one out. (a) 4, 63 (b) 1, 0 (c) 2, 15 (d) 5, 124",,,,,,
OIR0051,Forge_Master_Content.csv,Classification,OIR,OIR,Medium,Which one of the following is the odd one out? (a) Babar (b) Shershah (c) Humayun (d) Akbar,,,,,,
OIR0052,Forge_Master_Content.csv,Classification,OIR,OIR,Low,Select the one which is different from the other four responses. (a) Flute (b) Guitar (c) Sitar (d) Violin,,,,,,
OIR0053,Forge_Master_Content.csv,Classification,OIR,OIR,Medium,"Find the odd word in each of the following lines: Needle, Tackle, Nail, Knife, Pin",,,,,,
OIR0054,Forge_Master_Content.csv,Classification,OIR,OIR,Low,"Find the odd word: Circle, Square, Triangle, Hexagon, Pentagon",,,,,,
OIR0055,Forge_Master_Content.csv,Non Mirror Images,OIR,OIR,Low,Choose the alternative which most closely resembles the mirror image of the given combination: TRIUMPHS,,,,,,
OIR0056,Forge_Master_Content.csv,Non Mirror Images,OIR,OIR,Medium,Choose the alternative which most closely resembles the mirror image of the given combination: 73AP4OD8,,,,,,
OIR0057,Forge_Master_Content.csv,Non Mirror Images,OIR,OIR,Low,Choose the alternative which shows the correct water image of the word given: FROG,,,,,,
OIR0058,Forge_Master_Content.csv,Non Figure Series,OIR,OIR,High,"In a series of figures where a main geometry rotates 90 degrees anti-clockwise in each step and its shaded portions shift to the connecting lines, what constitutes the next figure logically?",,,,,,
OIR0059,Forge_Master_Content.csv,Non Figure Series,OIR,OIR,High,"In a series of hexagons where two inner designs move one step clockwise and two other designs move one step anti-clockwise alternately, what constitutes the next sequence?",,,,,,
OIR0060,Forge_Master_Content.csv,Non Pattern Recognition,OIR,OIR,High,A cube whose two adjacent faces are coloured is cut into 64 identical small cubes. How many of these small cubes are not coloured at all?,,,,,,
OIR0061,Forge_Master_Content.csv,Non Pattern Recognition,OIR,OIR,Medium,"Two positions of a dice are shown (showing faces 5,6,4 and 2,1,5). What will be the number at the bottom, if 5 is at the top?",,,,,,
OIR0062,Forge_Master_Content.csv,Non Pattern Recognition,OIR,OIR,Medium,A figure X is given followed by four figures. The candidate has to select the figure in which the problem figure X is perfectly embedded. How is this solved?,,,,,,
OIR0063,Forge_Master_Content.csv,Non Pattern Recognition,OIR,OIR,Medium,A figure is given which has a definite geometric pattern but nearly a quarter of that pattern is left blank. The candidate must complete it. What is the objective?,,,,,,
WAT0001,Forge_Master_Content.csv,Sense of Responsibility,WAT,WAT,Medium,CAREFUL,,,,,,
WAT0002,Forge_Master_Content.csv,Cooperation,WAT,WAT,Easy,AGREE,,,,,,
WAT0003,Forge_Master_Content.csv,Liveliness,WAT,WAT,Easy,BEAUTIFUL,,,,,,
WAT0004,Forge_Master_Content.csv,Determination,WAT,WAT,Hard,CANNOT,,,,,,
WAT0005,Forge_Master_Content.csv,Reasoning Ability,WAT,WAT,Hard,CONFUSE,,,,,,
WAT0006,Forge_Master_Content.csv,Social Adaptability,WAT,WAT,Hard,BAD,,,,,,
WAT0007,Forge_Master_Content.csv,Ability to Influence the Group,WAT,WAT,Medium,CROWD,,,,,,
WAT0008,Forge_Master_Content.csv,Organising Ability,WAT,WAT,Easy,COMPLETE,,,,,,
WAT0009,Forge_Master_Content.csv,Power of Expression,WAT,WAT,Medium,INSTRUCTION,,,,,,
WAT0010,Forge_Master_Content.csv,Sense of Responsibility,WAT,WAT,Hard,CHEAT,,,,,,
WAT0011,Forge_Master_Content.csv,Liveliness,WAT,WAT,Medium,ENCOURAGEMENT,,,,,,
WAT0012,Forge_Master_Content.csv,Courage,WAT,WAT,Hard,CRY,,,,,,
WAT0013,Forge_Master_Content.csv,Effective Intelligence,WAT,WAT,Medium,QUALITY,,,,,,
WAT0014,Forge_Master_Content.csv,Social Adaptability,WAT,WAT,Easy,COMPANY,,,,,,
WAT0015,Forge_Master_Content.csv,Sense of Responsibility,WAT,WAT,Medium,HONOUR,,,,,,
WAT0016,Forge_Master_Content.csv,Determination,WAT,WAT,Hard,DEFEAT,,,,,,
WAT0017,Forge_Master_Content.csv,Reasoning Ability,WAT,WAT,Medium,REASON,,,,,,
WAT0018,Forge_Master_Content.csv,Power of Expression,WAT,WAT,Easy,CONVERSATION,,,,,,
WAT0019,Forge_Master_Content.csv,Courage,WAT,WAT,Hard,OPPOSITION,,,,,,
WAT0020,Forge_Master_Content.csv,Liveliness,WAT,WAT,Hard,DISTURB,,,,,,
WAT0021,Forge_Master_Content.csv,Speed of Decision,WAT,WAT,Medium,SPEED,,,,,,
WAT0022,Forge_Master_Content.csv,Cooperation,WAT,WAT,Easy,COOPERATION,,,,,,
WAT0023,Forge_Master_Content.csv,Sense of Responsibility,WAT,WAT,Easy,PARENTS,,,,,,
WAT0024,Forge_Master_Content.csv,Determination,WAT,WAT,Medium,DREAM,,,,,,
WAT0025,Forge_Master_Content.csv,Self-Confidence,WAT,WAT,Easy,SURE,,,,,,
WAT0026,Forge_Master_Content.csv,Social Adaptability,WAT,WAT,Easy,FRIENDSHIP,,,,,,
WAT0027,Forge_Master_Content.csv,Cooperation,WAT,WAT,Medium,SYMPATHY,,,,,,
WAT0028,Forge_Master_Content.csv,Courage,WAT,WAT,Hard,FEARFUL,,,,,,
WAT0029,Forge_Master_Content.csv,Effective Intelligence,WAT,WAT,Medium,ADVERTISEMENT,,,,,,
WAT0030,Forge_Master_Content.csv,Cooperation,WAT,WAT,Easy,GIVE,,,,,,
WAT0031,Forge_Master_Content.csv,Cooperation,WAT,WAT,Easy,TEAM,,,,,,
WAT0032,Forge_Master_Content.csv,Determination,WAT,WAT,Medium,HEIGHT,,,,,,
WAT0033,Forge_Master_Content.csv,Organising Ability,WAT,WAT,Medium,BUSY,,,,,,
WAT0034,Forge_Master_Content.csv,Cooperation,WAT,WAT,Easy,HELP,,,,,,
WAT0035,Forge_Master_Content.csv,Self-Confidence,WAT,WAT,Medium,ASSERT,,,,,,
WAT0036,Forge_Master_Content.csv,Initiative,WAT,WAT,Hard,HELPLESS,,,,,,
WAT0037,Forge_Master_Content.csv,Ability to Influence the Group,WAT,WAT,Medium,ENFORCE,,,,,,
WAT0038,Forge_Master_Content.csv,Sense of Responsibility,WAT,WAT,Medium,TRUTH,,,,,,
WAT0039,Forge_Master_Content.csv,Cooperation,WAT,WAT,Medium,CONTRIBUTE,,,,,,
WAT0040,Forge_Master_Content.csv,Determination,WAT,WAT,Easy,HIGH,,,,,,
WAT0041,Forge_Master_Content.csv,Liveliness,WAT,WAT,Easy,FILMS,,,,,,
WAT0042,Forge_Master_Content.csv,Social Adaptability,WAT,WAT,Hard,UNTOUCHABILITY,,,,,,
WAT0043,Forge_Master_Content.csv,Sense of Responsibility,WAT,WAT,Hard,EXPLOITATION,,,,,,
WAT0044,Forge_Master_Content.csv,Effective Intelligence,WAT,WAT,Medium,HINT,,,,,,
WAT0045,Forge_Master_Content.csv,Determination,WAT,WAT,Medium,LIMIT,,,,,,
WAT0046,Forge_Master_Content.csv,Social Adaptability,WAT,WAT,Hard,ALOOF,,,,,,
WAT0047,Forge_Master_Content.csv,Liveliness,WAT,WAT,Easy,BLESSING,,,,,,
WAT0048,Forge_Master_Content.csv,Liveliness,WAT,WAT,Easy,HOLIDAY,,,,,,
WAT0049,Forge_Master_Content.csv,Speed of Decision,WAT,WAT,Medium,MOVEMENT,,,,,,
WAT0050,Forge_Master_Content.csv,Sense of Responsibility,WAT,WAT,Hard,BLUFF,,,,,,
WAT0051,Forge_Master_Content.csv,Organising Ability,WAT,WAT,Medium,EMPLOY,,,,,,
WAT0052,Forge_Master_Content.csv,Sense of Responsibility,WAT,WAT,Hard,INJURED,,,,,,
WAT0053,Forge_Master_Content.csv,Social Adaptability,WAT,WAT,Easy,PRECIOUS,,,,,,
WAT0054,Forge_Master_Content.csv,Initiative,WAT,WAT,Easy,BRING,,,,,,
WAT0055,Forge_Master_Content.csv,Ability to Influence the Group,WAT,WAT,Medium,INSTRUCTOR,,,,,,
WAT0056,Forge_Master_Content.csv,Liveliness,WAT,WAT,Easy,LIFE,,,,,,
WAT0057,Forge_Master_Content.csv,Reasoning Ability,WAT,WAT,Medium,REAL,,,,,,
WAT0058,Forge_Master_Content.csv,Social Adaptability,WAT,WAT,Easy,CLASS,,,,,,
WAT0059,Forge_Master_Content.csv,Determination,WAT,WAT,Medium,RANK,,,,,,
WAT0060,Forge_Master_Content.csv,Social Adaptability,WAT,WAT,Hard,LONELY,,,,,,
WAT0061,Forge_Master_Content.csv,Speed of Decision,WAT,WAT,Medium,CHOICE,,,,,,
WAT0062,Forge_Master_Content.csv,Social Adaptability,WAT,WAT,Medium,CO-EDUCATION,,,,,,
WAT0063,Forge_Master_Content.csv,Self-Confidence,WAT,WAT,Easy,CHAMPION,,,,,,
WAT0064,Forge_Master_Content.csv,Reasoning Ability,WAT,WAT,Hard,DETERIORATE,,,,,,
WAT0065,Forge_Master_Content.csv,Effective Intelligence,WAT,WAT,Medium,CURE,,,,,,
WAT0066,Forge_Master_Content.csv,Cooperation,WAT,WAT,Easy,COOPERATE,,,,,,
WAT0067,Forge_Master_Content.csv,Effective Intelligence,WAT,WAT,Medium,CLEVER,,,,,,
WAT0068,Forge_Master_Content.csv,Sense of Responsibility,WAT,WAT,Hard,DISEASE,,,,,,
WAT0069,Forge_Master_Content.csv,Determination,WAT,WAT,Medium,DEMAND,,,,,,
WAT0070,Forge_Master_Content.csv,Social Adaptability,WAT,WAT,Easy,FRIEND,,,,,,
WAT0071,Forge_Master_Content.csv,Ability to Influence the Group,WAT,WAT,Hard,COMPEL,,,,,,
WAT0072,Forge_Master_Content.csv,Sense of Responsibility,WAT,WAT,Easy,DOCTOR,,,,,,
WAT0073,Forge_Master_Content.csv,Organising Ability,WAT,WAT,Medium,FOREST,,,,,,
WAT0074,Forge_Master_Content.csv,Liveliness,WAT,WAT,Easy,HOME,,,,,,
WAT0075,Forge_Master_Content.csv,Determination,WAT,WAT,Medium,EARN,,,,,,
WAT0076,Forge_Master_Content.csv,Sense of Responsibility,WAT,WAT,Hard,LIE,,,,,,
WAT0077,Forge_Master_Content.csv,Social Adaptability,WAT,WAT,Hard,PARTIALITY,,,,,,
WAT0078,Forge_Master_Content.csv,Stamina,WAT,WAT,Easy,EXERCISE,,,,,,
WAT0079,Forge_Master_Content.csv,Sense of Responsibility,WAT,WAT,Medium,PATRIOTISM,,,,,,
WAT0080,Forge_Master_Content.csv,Liveliness,WAT,WAT,Easy,LIVE,,,,,,
WAT0081,Forge_Master_Content.csv,Self-Confidence,WAT,WAT,Medium,PRIDE,,,,,,
WAT0082,Forge_Master_Content.csv,Determination,WAT,WAT,Easy,PROGRESS,,,,,,
WAT0083,Forge_Master_Content.csv,Courage,WAT,WAT,Hard,OPPOSE,,,,,,
WAT0084,Forge_Master_Content.csv,Social Adaptability,WAT,WAT,Medium,RESPECT,,,,,,
WAT0085,Forge_Master_Content.csv,Initiative,WAT,WAT,Hard,FIRE,,,,,,
WAT0086,Forge_Master_Content.csv,Organising Ability,WAT,WAT,Easy,BANK,,,,,,
WAT0087,Forge_Master_Content.csv,Social Adaptability,WAT,WAT,Hard,RUDE,,,,,,
WAT0088,Forge_Master_Content.csv,Reasoning Ability,WAT,WAT,Medium,FUTURE,,,,,,
WAT0089,Forge_Master_Content.csv,Effective Intelligence,WAT,WAT,Easy,BOOK,,,,,,
WAT0090,Forge_Master_Content.csv,Sense of Responsibility,WAT,WAT,Medium,SINCERITY,,,,,,
WAT0091,Forge_Master_Content.csv,Cooperation,WAT,WAT,Medium,ALLOW,,,,,,
WAT0092,Forge_Master_Content.csv,Determination,WAT,WAT,Easy,GET,,,,,,
WAT0093,Forge_Master_Content.csv,Reasoning Ability,WAT,WAT,Medium,DARJEELING,,,,,,
WAT0094,Forge_Master_Content.csv,Social Adaptability,WAT,WAT,Hard,TEASE,,,,,,
WAT0095,Forge_Master_Content.csv,Cooperation,WAT,WAT,Medium,CONSOLE,,,,,,
WAT0096,Forge_Master_Content.csv,Determination,WAT,WAT,Medium,HARD WORK,,,,,,
WAT0097,Forge_Master_Content.csv,Effective Intelligence,WAT,WAT,Easy,GRADUATE,,,,,,
WAT0098,Forge_Master_Content.csv,Sense of Responsibility,WAT,WAT,Hard,TRAITOR,,,,,,
WAT0099,Forge_Master_Content.csv,Social Adaptability,WAT,WAT,Easy,ELDERS,,,,,,
WAT0100,Forge_Master_Content.csv,Stamina,WAT,WAT,Easy,HIKING,,,,,,
WAT0101,Forge_Master_Content.csv,Effective Intelligence,WAT,WAT,Medium,IMAGINATION,,,,,,
WAT0102,Forge_Master_Content.csv,Cooperation,WAT,WAT,Medium,UNION,,,,,,
WAT0103,Forge_Master_Content.csv,Sense of Responsibility,WAT,WAT,Medium,NURSE,,,,,,
WAT0104,Forge_Master_Content.csv,Determination,WAT,WAT,Easy,IMPROVEMENT,,,,,,
WAT0105,Forge_Master_Content.csv,Cooperation,WAT,WAT,Easy,UNITY,,,,,,
WAT0106,Forge_Master_Content.csv,Sense of Responsibility,WAT,WAT,Medium,LIEUTENANT,,,,,,
WAT0107,Forge_Master_Content.csv,Organising Ability,WAT,WAT,Hard,LATE,,,,,,
WAT0108,Forge_Master_Content.csv,Social Adaptability,WAT,WAT,Medium,LISTEN,,,,,,
WAT0109,Forge_Master_Content.csv,Social Adaptability,WAT,WAT,Hard,VULGAR,,,,,,
WAT0110,Forge_Master_Content.csv,Liveliness,WAT,WAT,Medium,SATISFY,,,,,,
WAT0111,Forge_Master_Content.csv,Sense of Responsibility,WAT,WAT,Medium,RULE,,,,,,
WAT0112,Forge_Master_Content.csv,Social Adaptability,WAT,WAT,Easy,WOMAN,,,,,,
WAT0113,Forge_Master_Content.csv,Ability to Influence the Group,WAT,WAT,Medium,PRESIDENT,,,,,,
WAT0114,Forge_Master_Content.csv,Self-Confidence,WAT,WAT,Hard,NERVOUS,,,,,,
WAT0115,Forge_Master_Content.csv,Courage,WAT,WAT,Medium,BRAVERY,,,,,,
WAT0116,Forge_Master_Content.csv,Speed of Decision,WAT,WAT,Medium,DECIDE,,,,,,
WAT0117,Forge_Master_Content.csv,Reasoning Ability,WAT,WAT,Medium,DIFFERENCE,,,,,,
WAT0118,Forge_Master_Content.csv,Effective Intelligence,WAT,WAT,Easy,LESSON,,,,,,
WAT0119,Forge_Master_Content.csv,Reasoning Ability,WAT,WAT,Medium,MEANING,,,,,,
WAT0120,Forge_Master_Content.csv,Effective Intelligence,WAT,WAT,Medium,PRACTICAL,,,,,,
WAT0121,Forge_Master_Content.csv,Sense of Responsibility,WAT,WAT,Medium,REPORT,,,,,,
WAT0122,Forge_Master_Content.csv,Effective Intelligence,WAT,WAT,Medium,NOVEL,,,,,,
WAT0123,Forge_Master_Content.csv,Organising Ability,WAT,WAT,Easy,PURCHASE,,,,,,
WAT0124,Forge_Master_Content.csv,Social Adaptability,WAT,WAT,Easy,FRIENDLY,,,,,,
WAT0125,Forge_Master_Content.csv,Cooperation,WAT,WAT,Hard,INTERFERENCE,,,,,,
WAT0126,Forge_Master_Content.csv,Liveliness,WAT,WAT,Easy,PLAY,,,,,,
WAT0127,Forge_Master_Content.csv,Social Adaptability,WAT,WAT,Medium,ROMANCE,,,,,,
WAT0128,Forge_Master_Content.csv,Self-Confidence,WAT,WAT,Easy,SHOW,,,,,,
WAT0129,Forge_Master_Content.csv,Effective Intelligence,WAT,WAT,Medium,SMART,,,,,,
WAT0130,Forge_Master_Content.csv,Sense of Responsibility,WAT,WAT,Easy,SON,,,,,,
WAT0131,Forge_Master_Content.csv,Cooperation,WAT,WAT,Medium,ASSIST,,,,,,
WAT0132,Forge_Master_Content.csv,Social Adaptability,WAT,WAT,Medium,BEHAVIOUR,,,,,,
WAT0133,Forge_Master_Content.csv,Reasoning Ability,WAT,WAT,Hard,EXCEPT,,,,,,
WAT0134,Forge_Master_Content.csv,Sense of Responsibility,WAT,WAT,Hard,EXCUSE,,,,,,
WAT0135,Forge_Master_Content.csv,Social Adaptability,WAT,WAT,Medium,ADMIRE,,,,,,
WAT0136,Forge_Master_Content.csv,Ability to Influence the Group,WAT,WAT,Medium,FOLLOWER,,,,,,
WAT0137,Forge_Master_Content.csv,Sense of Responsibility,WAT,WAT,Medium,IMPARTIAL,,,,,,
WAT0138,Forge_Master_Content.csv,Sense of Responsibility,WAT,WAT,Easy,MOTHER,,,,,,
WAT0139,Forge_Master_Content.csv,Sense of Responsibility,WAT,WAT,Medium,PATRIOT,,,,,,
WAT0140,Forge_Master_Content.csv,Sense of Responsibility,WAT,WAT,Medium,PRINCIPAL,,,,,,
WAT0141,Forge_Master_Content.csv,Sense of Responsibility,WAT,WAT,Hard,PUNISH,,,,,,
WAT0142,Forge_Master_Content.csv,Cooperation,WAT,WAT,Medium,SUPPORT,,,,,,
WAT0143,Forge_Master_Content.csv,Determination,WAT,WAT,Easy,ABOVE,,,,,,
WAT0144,Forge_Master_Content.csv,Ability to Influence the Group,WAT,WAT,Medium,MAJORITY,,,,,,
WAT0145,Forge_Master_Content.csv,Cooperation,WAT,WAT,Medium,CONTRIBUTION,,,,,,
WAT0146,Forge_Master_Content.csv,Speed of Decision,WAT,WAT,Hard,DISMISS,,,,,,
WAT0147,Forge_Master_Content.csv,Liveliness,WAT,WAT,Easy,ACTIVE,,,,,,
WAT0148,Forge_Master_Content.csv,Courage,WAT,WAT,Medium,BLOOD,,,,,,
WAT0149,Forge_Master_Content.csv,Determination,WAT,WAT,Hard,BREAK,,,,,,
WAT0150,Forge_Master_Content.csv,Reasoning Ability,WAT,WAT,Hard,CURSE,,,,,,
WAT0151,Forge_Master_Content.csv,Determination,WAT,WAT,Medium,DESIRE,,,,,,
WAT0152,Forge_Master_Content.csv,Stamina,WAT,WAT,Easy,GAME,,,,,,
WAT0153,Forge_Master_Content.csv,Courage,WAT,WAT,Hard,HIJACKING,,,,,,
WAT0154,Forge_Master_Content.csv,Determination,WAT,WAT,Medium,IMPROVE,,,,,,
WAT0155,Forge_Master_Content.csv,Effective Intelligence,WAT,WAT,Medium,NECESSITY,,,,,,
WAT0156,Forge_Master_Content.csv,Self-Confidence,WAT,WAT,Hard,NOTHING,,,,,,
WAT0157,Forge_Master_Content.csv,Liveliness,WAT,WAT,Easy,PLEASURE,,,,,,
WAT0158,Forge_Master_Content.csv,Sense of Responsibility,WAT,WAT,Easy,ARMY,,,,,,
WAT0159,Forge_Master_Content.csv,Effective Intelligence,WAT,WAT,Medium,EDUCATED,,,,,,
WAT0160,Forge_Master_Content.csv,Reasoning Ability,WAT,WAT,Hard,PROBLEM,,,,,,
WAT0161,Forge_Master_Content.csv,Effective Intelligence,WAT,WAT,Easy,READ,,,,,,
WAT0162,Forge_Master_Content.csv,Effective Intelligence,WAT,WAT,Medium,REMEMBER,,,,,,
WAT0163,Forge_Master_Content.csv,Sense of Responsibility,WAT,WAT,Easy,RIGHT,,,,,,
WAT0164,Forge_Master_Content.csv,Determination,WAT,WAT,Medium,SCORE,,,,,,
WAT0165,Forge_Master_Content.csv,Organising Ability,WAT,WAT,Medium,TASK,,,,,,
WAT0166,Forge_Master_Content.csv,Effective Intelligence,WAT,WAT,Medium,UNIVERSITY,,,,,,
WAT0167,Forge_Master_Content.csv,Courage,WAT,WAT,Medium,MACHINE GUN,,,,,,
WAT0168,Forge_Master_Content.csv,Social Adaptability,WAT,WAT,Medium,MODEL,,,,,,
WAT0169,Forge_Master_Content.csv,Social Adaptability,WAT,WAT,Medium,CHANGE,,,,,,
WAT0170,Forge_Master_Content.csv,Reasoning Ability,WAT,WAT,Hard,DOUBT,,,,,,
WAT0171,Forge_Master_Content.csv,Courage,WAT,WAT,Hard,HIDE,,,,,,
WAT0172,Forge_Master_Content.csv,Power of Expression,WAT,WAT,Easy,LETTER,,,,,,
WAT0173,Forge_Master_Content.csv,Social Adaptability,WAT,WAT,Medium,MODERN,,,,,,
WAT0174,Forge_Master_Content.csv,Effective Intelligence,WAT,WAT,Medium,RICH,,,,,,
WAT0175,Forge_Master_Content.csv,Reasoning Ability,WAT,WAT,Hard,ROGUE,,,,,,
WAT0176,Forge_Master_Content.csv,Sense of Responsibility,WAT,WAT,Hard,THIEF,,,,,,
WAT0177,Forge_Master_Content.csv,Organising Ability,WAT,WAT,Easy,TIDY,,,,,,
WAT0178,Forge_Master_Content.csv,Sense of Responsibility,WAT,WAT,Easy,DUTY,,,,,,
WAT0179,Forge_Master_Content.csv,Ability to Influence the Group,WAT,WAT,Medium,COMMAND,,,,,,
WAT0180,Forge_Master_Content.csv,Ability to Influence the Group,WAT,WAT,Medium,CONVINCE,,,,,,
WAT0181,Forge_Master_Content.csv,Liveliness,WAT,WAT,Easy,FUNNY,,,,,,
WAT0182,Forge_Master_Content.csv,Sense of Responsibility,WAT,WAT,Medium,HEADMASTER,,,,,,
WAT0183,Forge_Master_Content.csv,Social Adaptability,WAT,WAT,Medium,PRAISE,,,,,,
WAT0184,Forge_Master_Content.csv,Initiative,WAT,WAT,Medium,PREVENT,,,,,,
WAT0185,Forge_Master_Content.csv,Effective Intelligence,WAT,WAT,Medium,SCHOLARSHIP,,,,,,
WAT0186,Forge_Master_Content.csv,Cooperation,WAT,WAT,Medium,SELFLESS,,,,,,
WAT0187,Forge_Master_Content.csv,Sense of Responsibility,WAT,WAT,Medium,WELFARE,,,,,,
WAT0188,Forge_Master_Content.csv,Cooperation,WAT,WAT,Easy,BATCH,,,,,,
WAT0189,Forge_Master_Content.csv,Initiative,WAT,WAT,Medium,ACTION,,,,,,
WAT0190,Forge_Master_Content.csv,Self-Confidence,WAT,WAT,Medium,CONFIDENCE,,,,,,
WAT0191,Forge_Master_Content.csv,Speed of Decision,WAT,WAT,Easy,DASH,,,,,,
WAT0192,Forge_Master_Content.csv,Courage,WAT,WAT,Hard,DIE,,,,,,
WAT0193,Forge_Master_Content.csv,Reasoning Ability,WAT,WAT,Medium,EXPECT,,,,,,
WAT0194,Forge_Master_Content.csv,Determination,WAT,WAT,Easy,LITTLE,,,,,,
WAT0195,Forge_Master_Content.csv,Determination,WAT,WAT,Hard,LOSS,,,,,,
WAT0196,Forge_Master_Content.csv,Speed of Decision,WAT,WAT,Easy,MOVE,,,,,,
WAT0197,Forge_Master_Content.csv,Sense of Responsibility,WAT,WAT,Medium,MUST,,,,,,
WAT0198,Forge_Master_Content.csv,Liveliness,WAT,WAT,Hard,NOISE,,,,,,
WAT0199,Forge_Master_Content.csv,Organising Ability,WAT,WAT,Medium,OPERATION,,,,,,
WAT0200,Forge_Master_Content.csv,Determination,WAT,WAT,Medium,OVERCOME,,,,,,
WAT0201,Forge_Master_Content.csv,Determination,WAT,WAT,Medium,AMBITION,,,,,,
WAT0202,Forge_Master_Content.csv,Social Adaptability,WAT,WAT,Easy,BOARDER,,,,,,
WAT0203,Forge_Master_Content.csv,Sense of Responsibility,WAT,WAT,Hard,FAVOUR,,,,,,
WAT0204,Forge_Master_Content.csv,Courage,WAT,WAT,Hard,ATTACK,,,,,,
WAT0205,Forge_Master_Content.csv,Social Adaptability,WAT,WAT,Hard,ANGER,,,,,,
WAT0206,Forge_Master_Content.csv,Liveliness,WAT,WAT,Easy,CHILDHOOD,,,,,,
WAT0207,Forge_Master_Content.csv,Cooperation,WAT,WAT,Medium,HELPFUL,,,,,,
WAT0208,Forge_Master_Content.csv,Courage,WAT,WAT,Medium,COURAGE,,,,,,
WAT0209,Forge_Master_Content.csv,Reasoning Ability,WAT,WAT,Hard,BLUNDER,,,,,,
WAT0210,Forge_Master_Content.csv,Courage,WAT,WAT,Medium,HERO,,,,,,
WAT0211,Forge_Master_Content.csv,Social Adaptability,WAT,WAT,Hard,DISLIKE,,,,,,
WAT0212,Forge_Master_Content.csv,Sense of Responsibility,WAT,WAT,Medium,OBEDIENCE,,,,,,
WAT0213,Forge_Master_Content.csv,Determination,WAT,WAT,Hard,DOWN,,,,,,
WAT0214,Forge_Master_Content.csv,Sense of Responsibility,WAT,WAT,Hard,DISOBEY,,,,,,
WAT0215,Forge_Master_Content.csv,Ability to Influence the Group,WAT,WAT,Medium,POWER,,,,,,
WAT0216,Forge_Master_Content.csv,Determination,WAT,WAT,Medium,EFFORT,,,,,,
WAT0217,Forge_Master_Content.csv,Effective Intelligence,WAT,WAT,Easy,FIND,,,,,,
WAT0218,Forge_Master_Content.csv,Reasoning Ability,WAT,WAT,Hard,DISPUTE,,,,,,
WAT0219,Forge_Master_Content.csv,Courage,WAT,WAT,Hard,FEAR,,,,,,
WAT0220,Forge_Master_Content.csv,Initiative,WAT,WAT,Medium,MEND,,,,,,
WAT0221,Forge_Master_Content.csv,Social Adaptability,WAT,WAT,Medium,FEELINGS,,,,,,
WAT0222,Forge_Master_Content.csv,Liveliness,WAT,WAT,Easy,GOOD,,,,,,
WAT0223,Forge_Master_Content.csv,Sense of Responsibility,WAT,WAT,Medium,UNIFORM,,,,,,
WAT0224,Forge_Master_Content.csv,Courage,WAT,WAT,Hard,FIGHTING,,,,,,
WAT0225,Forge_Master_Content.csv,Effective Intelligence,WAT,WAT,Easy,PICTURE,,,,,,
WAT0226,Forge_Master_Content.csv,Liveliness,WAT,WAT,Easy,NAUGHTY,,,,,,
WAT0227,Forge_Master_Content.csv,Social Adaptability,WAT,WAT,Easy,BABY,,,,,,
WAT0228,Forge_Master_Content.csv,Determination,WAT,WAT,Medium,GOAL,,,,,,
WAT0229,Forge_Master_Content.csv,Reasoning Ability,WAT,WAT,Medium,PUZZLE,,,,,,
WAT0230,Forge_Master_Content.csv,Liveliness,WAT,WAT,Easy,CHARMING,,,,,,
WAT0231,Forge_Master_Content.csv,Effective Intelligence,WAT,WAT,Medium,QUALIFICATION,,,,,,
WAT0232,Forge_Master_Content.csv,Ability to Influence the Group,WAT,WAT,Medium,EXAMPLE,,,,,,
WAT0233,Forge_Master_Content.csv,Social Adaptability,WAT,WAT,Hard,IRRITATE,,,,,,
WAT0234,Forge_Master_Content.csv,Sense of Responsibility,WAT,WAT,Easy,STUDY,,,,,,
WAT0235,Forge_Master_Content.csv,Social Adaptability,WAT,WAT,Medium,ELECTION,,,,,,
WAT0236,Forge_Master_Content.csv,Determination,WAT,WAT,Easy,BETTER,,,,,,
WAT0237,Forge_Master_Content.csv,Social Adaptability,WAT,WAT,Hard,UNSOCIAL,,,,,,
WAT0238,Forge_Master_Content.csv,Ability to Influence the Group,WAT,WAT,Medium,GOVERN,,,,,,
WAT0239,Forge_Master_Content.csv,Social Adaptability,WAT,WAT,Easy,LOVE,,,,,,
WAT0240,Forge_Master_Content.csv,Initiative,WAT,WAT,Easy,MAKE,,,,,,
WAT0241,Forge_Master_Content.csv,Sense of Responsibility,WAT,WAT,Hard,DRINK,,,,,,
WAT0242,Forge_Master_Content.csv,Sense of Responsibility,WAT,WAT,Medium,GOVERNOR,,,,,,
WAT0243,Forge_Master_Content.csv,Self-Confidence,WAT,WAT,Hard,LUCK,,,,,,
WAT0244,Forge_Master_Content.csv,Reasoning Ability,WAT,WAT,Medium,CONSIDER,,,,,,
WAT0245,Forge_Master_Content.csv,Initiative,WAT,WAT,Medium,CREATE,,,,,,
WAT0246,Forge_Master_Content.csv,Liveliness,WAT,WAT,Easy,ROSE,,,,,,
WAT0247,Forge_Master_Content.csv,Effective Intelligence,WAT,WAT,Medium,BRAIN,,,,,,
WAT0248,Forge_Master_Content.csv,Self-Confidence,WAT,WAT,Easy,BRIGHT,,,,,,
WAT0249,Forge_Master_Content.csv,Effective Intelligence,WAT,WAT,Medium,AWARE,,,,,,
WAT0250,Forge_Master_Content.csv,Organising Ability,WAT,WAT,Medium,ARRANGE,,,,,,
WAT0251,Forge_Master_Content.csv,Sense of Responsibility,WAT,WAT,Easy,ACADEMY,,,,,,
WAT0252,Forge_Master_Content.csv,Effective Intelligence,WAT,WAT,Medium,ASTRONOMY,,,,,,
WAT0253,Forge_Master_Content.csv,Reasoning Ability,WAT,WAT,Hard,ASSUMPTION,,,,,,
WAT0254,Forge_Master_Content.csv,Self-Confidence,WAT,WAT,Medium,ABILITY,,,,,,
WAT0255,Forge_Master_Content.csv,Reasoning Ability,WAT,WAT,Medium,ANALYSIS,,,,,,
WAT0256,Forge_Master_Content.csv,Speed of Decision,WAT,WAT,Easy,ANSWER,,,,,,
WAT0257,Forge_Master_Content.csv,Organising Ability,WAT,WAT,Medium,PLACEMENT,,,,,,
WAT0258,Forge_Master_Content.csv,Effective Intelligence,WAT,WAT,Easy,JUPITER,,,,,,
WAT0259,Forge_Master_Content.csv,Social Adaptability,WAT,WAT,Medium,AFFECTION,,,,,,
WAT0260,Forge_Master_Content.csv,Determination,WAT,WAT,Medium,DEDICATE,,,,,,
WAT0261,Forge_Master_Content.csv,Social Adaptability,WAT,WAT,Medium,ATTACHMENT,,,,,,
WAT0262,Forge_Master_Content.csv,Cooperation,WAT,WAT,Medium,AMICABLE,,,,,,
WAT0263,Forge_Master_Content.csv,Sense of Responsibility,WAT,WAT,Medium,DONOR,,,,,,
WAT0264,Forge_Master_Content.csv,Liveliness,WAT,WAT,Medium,SATISFACTION,,,,,,
WAT0265,Forge_Master_Content.csv,Initiative,WAT,WAT,Medium,ADOPT,,,,,,
WAT0266,Forge_Master_Content.csv,Cooperation,WAT,WAT,Medium,ACCOMPANY,,,,,,
WAT0267,Forge_Master_Content.csv,Self-Confidence,WAT,WAT,Medium,FAITH,,,,,,
WAT0268,Forge_Master_Content.csv,Social Adaptability,WAT,WAT,Hard,ARROGANT,,,,,,
WAT0269,Forge_Master_Content.csv,Cooperation,WAT,WAT,Easy,FELLOW,,,,,,
WAT0270,Forge_Master_Content.csv,Liveliness,WAT,WAT,Easy,HAPPY,,,,,,
WAT0271,Forge_Master_Content.csv,Ability to Influence the Group,WAT,WAT,Medium,LEADER,,,,,,
WAT0272,Forge_Master_Content.csv,Liveliness,WAT,WAT,Easy,LIVELY,,,,,,
WAT0273,Forge_Master_Content.csv,Ability to Influence the Group,WAT,WAT,Medium,PERSUADE,,,,,,
WAT0274,Forge_Master_Content.csv,Liveliness,WAT,WAT,Easy,SMILE,,,,,,
WAT0275,Forge_Master_Content.csv,Sense of Responsibility,WAT,WAT,Hard,SUSPEND,,,,,,
WAT0276,Forge_Master_Content.csv,Courage,WAT,WAT,Medium,CHALLENGE,,,,,,
WAT0277,Forge_Master_Content.csv,Speed of Decision,WAT,WAT,Medium,DECISION,,,,,,
WAT0278,Forge_Master_Content.csv,Ability to Influence the Group,WAT,WAT,Medium,IMPRESS,,,,,,
WAT0279,Forge_Master_Content.csv,Initiative,WAT,WAT,Medium,INITIATIVE,,,,,,
WAT0280,Forge_Master_Content.csv,Sense of Responsibility,WAT,WAT,Hard,CONFESS,,,,,,
WAT0281,Forge_Master_Content.csv,Liveliness,WAT,WAT,Easy,CHEERFUL,,,,,,
WAT0282,Forge_Master_Content.csv,Courage,WAT,WAT,Hard,DANGER,,,,,,
WAT0283,Forge_Master_Content.csv,Determination,WAT,WAT,Medium,DETERMINE,,,,,,
WAT0284,Forge_Master_Content.csv,Stamina,WAT,WAT,Medium,PHYSICAL,,,,,,
WAT0285,Forge_Master_Content.csv,Effective Intelligence,WAT,WAT,Medium,ARTILLERY,,,,,,
WAT0286,Forge_Master_Content.csv,Practical Work Sense,WAT,WAT,Medium,AXE,,,,,,
WAT0287,Forge_Master_Content.csv,Courage,WAT,WAT,Medium,BRAVE,,,,,,
WAT0288,Forge_Master_Content.csv,Sense of Responsibility,WAT,WAT,Hard,KILL,,,,,,
WAT0289,Forge_Master_Content.csv,Courage,WAT,WAT,Medium,BOLD,,,,,,
WAT0290,Forge_Master_Content.csv,Initiative,WAT,WAT,Easy,JUMP,,,,,,
WAT0291,Forge_Master_Content.csv,Courage,WAT,WAT,Hard,BATTLE,,,,,,
WAT0292,Forge_Master_Content.csv,Effective Intelligence,WAT,WAT,Medium,INFANTRY,,,,,,
WAT0293,Forge_Master_Content.csv,Courage,WAT,WAT,Hard,BOMBER,,,,,,
WAT0294,Forge_Master_Content.csv,Determination,WAT,WAT,Medium,OBSTACLE,,,,,,
WAT0295,Forge_Master_Content.csv,Sense of Responsibility,WAT,WAT,Medium,DEFENCE,,,,,,
WAT0296,Forge_Master_Content.csv,Sense of Responsibility,WAT,WAT,Medium,RESPONSIBILITY,,,,,,
WAT0297,Forge_Master_Content.csv,Effective Intelligence,WAT,WAT,Medium,RESOURCEFUL,,,,,,
WAT0298,Forge_Master_Content.csv,Stamina,WAT,WAT,Medium,STAMINA,,,,,,
WAT0299,Forge_Master_Content.csv,Social Adaptability,WAT,WAT,Medium,DEMOCRACY,,,,,,
WAT0300,Forge_Master_Content.csv,Social Adaptability,WAT,WAT,Hard,SECULARISM,,,,,,
SRT0001,Forge_Master_Content.csv,Decision Making,SRT,SRT,Medium,supposing you are doing that and you're sending these messages on your WhatsApp group and you find there is no network in your phone what will you do,,,,,,
SRT0002,Forge_Master_Content.csv,Emergency,SRT,SRT,Medium,you start looking for that pamphlet you thought it was there in that bag of yours you find somebody's taking the bag,,,,,,
SRT0003,Forge_Master_Content.csv,Decision Making,SRT,SRT,Medium,by the time all this is happening it's about 11:30 in the night you go to the medicine shop it is closed,,,,,,
SRT0004,Forge_Master_Content.csv,Family,SRT,SRT,Low,your mother is inside your house and telling your mother and your mother has called you what will you do,,,,,,
SRT0005,Forge_Master_Content.csv,Ethics,SRT,SRT,Medium,"Your friend needs urgent money from you for his father's operation and you found a purse full of money along with the ID of owner, you will:",,,,,,
SRT0006,Forge_Master_Content.csv,Leadership,SRT,SRT,Medium,"Your captain falls ill and the team is left with no leader, you will:",,,,,,
SRT0007,Forge_Master_Content.csv,Family,SRT,SRT,High,"You want to marry a girl/boy but your parents are not ready, you will:",,,,,,
SRT0008,Forge_Master_Content.csv,Emergency,SRT,SRT,Low,"You fall ill before your exams, you will:",,,,,,
SRT0009,Forge_Master_Content.csv,Decision Making,SRT,SRT,High,"You have to attend the marriage of a friend's sister in another city, just one day before when you have to leave your other good friend arrives and tells he/she has to stay at your home and has some work in your city. You will:",,,,,,
SRT0010,Forge_Master_Content.csv,Emergency,SRT,SRT,High,In a moving train you see a thief snatch away a women's purse and jump out of the train. You will:,,,,,,
SRT0011,Forge_Master_Content.csv,Leadership,SRT,SRT,Medium,While going on trekking in midway you come to know that the person responsible for bringing the food packets has forgot to bring. You being the leader of the group will:,,,,,,
SRT0012,Forge_Master_Content.csv,Social Responsibility,SRT,SRT,High,While going for exam you see an injured person lying on the road. You will:,,,,,,
SRT0013,Forge_Master_Content.csv,Decision Making,SRT,SRT,Medium,You are very successful and have many jealous people who you suspect are planning against you. You will:,,,,,,
SRT0014,Forge_Master_Content.csv,Emergency,SRT,SRT,High,"He and his friend are standing on a bridge over a river. His friend who does not know swimming, suddenly falls down.",,,,,,
SRT0015,Forge_Master_Content.csv,Decision Making,SRT,SRT,Medium,He and his brother have gone to a forest; they lose their way and it is becoming dark.,,,,,,
SRT0016,Forge_Master_Content.csv,Social Responsibility,SRT,SRT,High,"While going to attend an important meeting, he saw a ghastly accident between an auto rickshaw and a tonga.",,,,,,
SRT0017,Forge_Master_Content.csv,Ethics,SRT,SRT,High,"His father has fixed his marriage with a rich girl, but he is in love with his classmate. He has never disobeyed his father. His girlfriend on the other hand, says that if he does not marry her, she will commit suicide.",,,,,,
SRT0018,Forge_Master_Content.csv,Time Pressure,SRT,SRT,Medium,His exams are starting next week and he is not fully prepared. His father's fast friend suddenly comes to the house and there is no one else to look after him.,,,,,,
SRT0019,Forge_Master_Content.csv,Emergency,SRT,SRT,High,"His parents have gone to their relatives, leaving him behind with his younger brother. After midnight, his younger brother develops very high fever and there is no medicine in the house. It is raining very heavily.",,,,,,
SRT0020,Forge_Master_Content.csv,Social Responsibility,SRT,SRT,High,"He was studying late in the night and at around 2 am, he sees a man's shadow entering his neighbour's house through the ventilator. His exam is starting the next day.",,,,,,
SRT0021,Forge_Master_Content.csv,Social Responsibility,SRT,SRT,Medium,Two groups are quarrelling over a religious problem. And he belongs to the minority group.,,,,,,
SRT0022,Forge_Master_Content.csv,Disaster Management,SRT,SRT,High,A fire broke out in the village due to a short circuit at night. He is the only electrician in the village.,,,,,,
SRT0023,Forge_Master_Content.csv,Decision Making,SRT,SRT,Medium,"While studying, he is taking tuitions side by side. But his parents and friends are advising him to leave the tuitions as he is not getting sufficient time to study for examinations. His financial condition is quite weak.",,,,,,
SRT0024,Forge_Master_Content.csv,Emergency,SRT,SRT,High,"While going on a boat in the river Ganga, he falls down in the fast currents. He does not know how to swim.",,,,,,
SRT0025,Forge_Master_Content.csv,Emergency,SRT,SRT,High,"He is in the bathroom and has latched the door and is about to take a bath. Suddenly, a black cobra comes through the drain and lies in front of him.",,,,,,
SRT0026,Forge_Master_Content.csv,Team Conflict,SRT,SRT,Medium,He finds that his girlfriend is moving with his rival.,,,,,,
SRT0027,Forge_Master_Content.csv,Decision Making,SRT,SRT,High,"While going for his exam, he finds a person who has just fallen down from a moving bus.",,,,,,
SRT0028,Forge_Master_Content.csv,Family,SRT,SRT,Medium,He returns late at night from NCC camp and his stepmother does not open the door of the house.,,,,,,
SRT0029,Forge_Master_Content.csv,Disaster Management,SRT,SRT,High,There is a flood in his village and many houses have fallen down. His house is about to collapse and it is late at night.,,,,,,
SRT0030,Forge_Master_Content.csv,Emergency,SRT,SRT,High,"Some persons are climbing a mountain, but one of them loses his grip on the rope and falls down.",,,,,,
SRT0031,Forge_Master_Content.csv,Disaster Management,SRT,SRT,High,"He has gone to the coastal area with a group of friends for sightseeing. Suddenly, a storm starts approaching. The tide is rising.",,,,,,
SRT0032,Forge_Master_Content.csv,Ethics,SRT,SRT,Medium,He is working in an organisation and one of his close friends in the same office is being harassed by his boss.,,,,,,
SRT0033,Forge_Master_Content.csv,Decision Making,SRT,SRT,Medium,His final degree exams are starting tomorrow and he also has a job call tomorrow. He is in great need of a job.,,,,,,
SRT0034,Forge_Master_Content.csv,Disaster Management,SRT,SRT,Medium,"He has arranged a party on his lawn and suddenly, it starts raining very heavily. He has a large number of guests, who have already arrived.",,,,,,
SRT0035,Forge_Master_Content.csv,Decision Making,SRT,SRT,Medium,He has arranged a party to please his boss on his promotion. The party is half way when someone close to him conveys some bad news.,,,,,,
SRT0036,Forge_Master_Content.csv,Family,SRT,SRT,Medium,"At a party hosted by him on his promotion, his boss gets annoyed due to the sarcastic remarks of his elder brother and he leaves the party without having a meal.",,,,,,
SRT0037,Forge_Master_Content.csv,Social Responsibility,SRT,SRT,Medium,"While going to college, he finds that a cyclist has been knocked down by a fast-moving car, but he could not note down the number of the car.",,,,,,
SRT0038,Forge_Master_Content.csv,Ethics,SRT,SRT,High,"At his friend's marriage, his friend and his father got annoyed due to non-receipt of dowry. They both went away even after a lot of requests were made by all...",,,,,,
SRT0039,Forge_Master_Content.csv,Emergency,SRT,SRT,High,"He was taking his father for treatment in a wheelchair. While coming out of the house, he slipped on a banana peel and fractured his hip joint. It is raining heavily and no conveyance is available nearby.",,,,,,
SRT0040,Forge_Master_Content.csv,Social Responsibility,SRT,SRT,Medium,"In the cinema hall, he is sitting in the last row and watching the movie. Some bad elements are teasing a girl in the front row.",,,,,,
SRT0041,Forge_Master_Content.csv,Emergency,SRT,SRT,High,He is travelling in a taxi to catch a train. The taxi moving ahead of him throws out a person and drives away.,,,,,,
SRT0042,Forge_Master_Content.csv,Time Pressure,SRT,SRT,Medium,He has to go with his friend to play a hockey match in the city. His friend does not turn up and both tyres of his scooter are flat.,,,,,,
SRT0043,Forge_Master_Content.csv,Ethics,SRT,SRT,High,"He finds ten people quarrelling over a purse fallen from a bus. The police have reached the spot. On seeing the police, the others run away and he is found with the purse by the police. They take him to the police station.",,,,,,
SRT0044,Forge_Master_Content.csv,Time Pressure,SRT,SRT,High,"While going to attend the SSB, he loses all his belongings including his ticket and SSB papers in the train, when he went to the toilet. The destination is just 5 km away.",,,,,,
SRT0045,Forge_Master_Content.csv,Emergency,SRT,SRT,High,"While returning from a late show, he finds that two boys armed with a knife are molesting a girl and she is crying. The road is quite lonely.",,,,,,
SRT0046,Forge_Master_Content.csv,Ethics,SRT,SRT,Medium,"He has to deposit his exam fee after two days, but his friend demanded money today, as he needed it urgently. He is very poor.",,,,,,
SRT0047,Forge_Master_Content.csv,Emergency,SRT,SRT,Medium,"While climbing a mountain, he finds that one of his teammates has sprained his ankle and cannot move.",,,,,,
SRT0048,Forge_Master_Content.csv,Decision Making,SRT,SRT,Medium,"While going on a picnic on a cycle, his cycle gets punctured in a jungle and no help is readily available. All other cycles are already overloaded.",,,,,,
SRT0049,Forge_Master_Content.csv,Social Responsibility,SRT,SRT,Medium,"His friend is extremely poor, but good in studies. He can't pay his fees. His own financial condition is also not very sound, but he wants to help his friend.",,,,,,
SRT0050,Forge_Master_Content.csv,Family,SRT,SRT,High,"His marriage has been fixed, but just a week prior to the marriage, the girl meets with an accident and loses one eye.",,,,,,
SRT0051,Forge_Master_Content.csv,Time Pressure,SRT,SRT,High,"He is to catch a train, but the coolie has disappeared with the baggage. The train is about to leave.",,,,,,
SRT0052,Forge_Master_Content.csv,Decision Making,SRT,SRT,Medium,"He lends some money to his friend. Now, he needs this money badly, but the friend is not in a position to pay.",,,,,,
SRT0053,Forge_Master_Content.csv,Leadership,SRT,SRT,Medium,"He is the leader of the hiking party, but due to some reasons, two persons of the party want to return halfway through the hike.",,,,,,
SRT0054,Forge_Master_Content.csv,Family,SRT,SRT,High,"His mother is seriously ill, but his boss has refused to give him leave.",,,,,,
SRT0055,Forge_Master_Content.csv,Family,SRT,SRT,Low,"His parents have asked him to return early in the evening, but his friends want to celebrate a late evening party.",,,,,,
SRT0056,Forge_Master_Content.csv,Military Context,SRT,SRT,Medium,"His brother is leaving for USA after one week, but he has to report for duty in an army unit deployed on the border area.",,,,,,
SRT0057,Forge_Master_Content.csv,Emergency,SRT,SRT,High,The river is in spate and the bridge over the river has been washed away. It is getting dark. He has to reach home with medicine for his aged mother who has a heart problem.,,,,,,
SRT0058,Forge_Master_Content.csv,Leadership,SRT,SRT,High,"He is the manager of a factory, facing serious labour problems. His sister's marriage is after one week and he cannot leave the station.",,,,,,
SRT0059,Forge_Master_Content.csv,Leadership,SRT,SRT,Medium,"Two officers, under whom he is working, are not on good terms and hence, he is getting contradictory instructions.",,,,,,
SRT0060,Forge_Master_Content.csv,Ethics,SRT,SRT,High,"He is returning from a movie. On the way, he is stopped by the police and during the search of his scooter, two packets of charas are found.",,,,,,
SRT0061,Forge_Master_Content.csv,Emergency,SRT,SRT,High,"At midnight, two young persons enter his house and hold him at gunpoint. They need shelter for the night. Their clothes are blood-stained and they appear to have been involved in a murder.",,,,,,
SRT0062,Forge_Master_Content.csv,Decision Making,SRT,SRT,Medium,He went to Shimla on a pleasure trip. There he finds that all his items have been stolen.,,,,,,
SRT0063,Forge_Master_Content.csv,Emergency,SRT,SRT,High,The dacoits have sent a warning to the village headman to hand over 2 lakh or face consequences. The villagers cannot arrange even half of it. He happens to be the village headman's son.,,,,,,
SRT0064,Forge_Master_Content.csv,Emergency,SRT,SRT,High,"While travelling in a bus at night, miscreants stop the bus. They start looting it and two persons start molesting two young girls. The miscreants are fully armed.",,,,,,
SRT0065,Forge_Master_Content.csv,Leadership,SRT,SRT,Medium,"He is contesting the college elections. But all the girls are with his opponent, who is utilising them to snatch his votes.",,,,,,
SRT0066,Forge_Master_Content.csv,Emergency,SRT,SRT,High,"At midnight, he hears a female voice close to his house. Apparently, she is in a terrified state.",,,,,,
SRT0067,Forge_Master_Content.csv,Leadership,SRT,SRT,Medium,The college students are about to call a strike and they want him to join them.,,,,,,
SRT0068,Forge_Master_Content.csv,Team Conflict,SRT,SRT,Medium,His best friend confronts him in front of everyone and accuses him of instigating his girlfriend against him.,,,,,,
SRT0069,Forge_Master_Content.csv,Decision Making,SRT,SRT,Medium,He has gone on a cycling expedition with six persons but two cycles have got punctured on a deserted/isolated patch.,,,,,,
SRT0070,Forge_Master_Content.csv,Decision Making,SRT,SRT,Medium,"His call for the SSB has come for the 10th of this month but on the same day, he has an interview with an MNC. His best friend is also getting married the same day.",,,,,,
SRT0071,Forge_Master_Content.csv,Social Responsibility,SRT,SRT,Low,"In the SSB, he finds that no one is talking to him. Today is the first day.",,,,,,
SRT0072,Forge_Master_Content.csv,Emergency,SRT,SRT,High,He has been kidnapped and taken to a jungle. The kidnappers have asked him to sign a note for his father to send 10 lakh as ransom.,,,,,,
SRT0073,Forge_Master_Content.csv,Team Conflict,SRT,SRT,Low,Two of his best friends are quarrelling with each other.,,,,,,
SRT0074,Forge_Master_Content.csv,Emergency,SRT,SRT,High,"In the train, two dacoits are looting everybody. They demanded his belongings also.",,,,,,
SRT0075,Forge_Master_Content.csv,Military Context,SRT,SRT,Medium,"In NCC camp on guard duty, he finds two strangers approaching the camp at night.",,,,,,
SRT0076,Forge_Master_Content.csv,Leadership,SRT,SRT,Medium,"He, as in-charge of the picnic, has gone halfway with the picnic party and finds that food packets and the music system have been left behind.",,,,,,
SRT0077,Forge_Master_Content.csv,Decision Making,SRT,SRT,Medium,He is staying in a rented accommodation with six other students. The landlady is quite rude to him only and has issued an ultimatum to him to vacate her accommodation.,,,,,,
SRT0078,Forge_Master_Content.csv,Emergency,SRT,SRT,High,"In the circus show, two lions go out of control and jump on the crowd.",,,,,,
SRT0079,Forge_Master_Content.csv,Ethics,SRT,SRT,Medium,"At an exhibition, a fake company is attracting crowds by false propaganda. He knows the reality.",,,,,,
SRT0080,Forge_Master_Content.csv,Family,SRT,SRT,Medium,His father has decided to change his will in the name of his younger brother.,,,,,,
SRT0081,Forge_Master_Content.csv,Ethics,SRT,SRT,Low,"He and his girlfriend want to see a new movie, but the show is housefull. Tickets are available in black. His girlfriend insists on seeing the movie.",,,,,,
SRT0082,Forge_Master_Content.csv,Time Pressure,SRT,SRT,Medium,There is a dispute between two of his friends and they want him as the mediator. He has to go out for some urgent work of his father.,,,,,,
SRT0083,Forge_Master_Content.csv,Emergency,SRT,SRT,High,His neighbour's son has fallen into the river flowing nearby. He is not on talking terms with him. No adults are available to save the child.,,,,,,
SRT0084,Forge_Master_Content.csv,Time Pressure,SRT,SRT,High,"His mother has to go to a famous temple located in a lonely area, and he has to go for an exam. There is no one in the house and no other conveyance is available on the lonely road.",,,,,,
SRT0085,Forge_Master_Content.csv,Decision Making,SRT,SRT,Medium,He has to go to attend the SSB after two days at Bengaluru from Delhi but there is a railway strike.,,,,,,
SRT0086,Forge_Master_Content.csv,Emergency,SRT,SRT,Medium,"He has gone for a picnic with boys and girls in two buses. After the picnic was over at 3 pm, he found that all four tyres of one of the buses were punctured and the other bus driver was missing.",,,,,,
SRT0087,Forge_Master_Content.csv,Ethics,SRT,SRT,Medium,"At the railway station, he finds a beggar shivering with cold. He is going to meet his relative and is wearing only pants and a pullover.",,,,,,
SRT0088,Forge_Master_Content.csv,Leadership,SRT,SRT,Medium,"He wants to organise a cricket match at his college, but his opponent has approached the authorities for a hockey match.",,,,,,
SRT0089,Forge_Master_Content.csv,Emergency,SRT,SRT,High,"At the college gate, he finds an unclaimed bag. The bag contains explosives, but before he can take any action, people see him with the bag. They are suspecting him and hence want to take him to the police station.",,,,,,
SRT0090,Forge_Master_Content.csv,Emergency,SRT,SRT,High,He is driving down with his family members from a hill station and the brakes of the vehicle fail.,,,,,,
SRT0091,Forge_Master_Content.csv,Emergency,SRT,SRT,High,"His sister has gone to meet her friend in Nagaland. The friend came to receive her at the bus stop. The friend picked up his sister's suitcase and went ahead. His sister was enjoying the beauty of the place. In the meanwhile, she saw 50 Nagas approach her. They were barely 20 yards away.",,,,,,
SRT0092,Forge_Master_Content.csv,Leadership,SRT,SRT,Medium,"While delivering a lecture, he finds the audience is not showing any interest.",,,,,,
SRT0093,Forge_Master_Content.csv,Decision Making,SRT,SRT,Medium,"He cannot find any job due to massive unemployment. But he is still keen on finding a job and working. His father asks him to join his business, which he has refused many times earlier.",,,,,,
SRT0094,Forge_Master_Content.csv,Ethics,SRT,SRT,High,"In a drought-affected area, the relief is coming but not reaching the affected persons. He is a social worker.",,,,,,
SRT0095,Forge_Master_Content.csv,Emergency,SRT,SRT,High,"He is walking on the street and suddenly finds that his sister's chain has been snatched and his purse is stolen. Before he could decide on any course of action, one lady has been stabbed and her car has collided with an auto rickshaw. Two people are injured seriously.",,,,,,
SRT0096,Forge_Master_Content.csv,Emergency,SRT,SRT,High,"His team is to play a match after five minutes, but the players do not seem to be in good shape. During the interval he comes to know that most of the players were given toxic material in sweets just before the start of the match by his opponent.",,,,,,
SRT0097,Forge_Master_Content.csv,Emergency,SRT,SRT,High,He is going in a boat alone. He finds a person struggling and is about to drown. He is not a very good swimmer.,,,,,,
SRT0098,Forge_Master_Content.csv,Disaster Management,SRT,SRT,Medium,A fire breaks out in the neighbourhood. He sees enough people are already fighting the fire.,,,,,,
SRT0099,Forge_Master_Content.csv,Team Conflict,SRT,SRT,Low,"If, in a group, his opinion differs from that of other members, he...",,,,,,
SRT0100,Forge_Master_Content.csv,Ethics,SRT,SRT,Medium,"The vice chancellor is to visit his college to preside over a function. He was asked to make arrangements for it. But now, the charge is being given to another person.",,,,,,
SRT0101,Forge_Master_Content.csv,Military Context,SRT,SRT,High,"During an army attachment camp, his batch of volunteers declared a strike because of the rude behaviour of a Junior Commissioned Officer and so he...",,,,,,
SRT0102,Forge_Master_Content.csv,Leadership,SRT,SRT,Medium,"He was a member of the cricket team and once, the captain did not turn up for the match.",,,,,,
SRT0103,Forge_Master_Content.csv,Leadership,SRT,SRT,Medium,"His captain was injured before a crucial match, he was asked to lead the match.",,,,,,
SRT0104,Forge_Master_Content.csv,Decision Making,SRT,SRT,Low,He was on his way to home and suddenly it started raining heavily.,,,,,,
SRT0105,Forge_Master_Content.csv,Family,SRT,SRT,Medium,His brother wants to get admission in a medical college but his marks falls short by 1% for admission.,,,,,,
SRT0106,Forge_Master_Content.csv,Emergency,SRT,SRT,High,He has to go to a city with cash for work but the way is dangerous because of dacoits.,,,,,,
SRT0107,Forge_Master_Content.csv,Emergency,SRT,SRT,High,He was travelling by a train & suddenly a person snatches purse from lady & jumps out of train.,,,,,,
SRT0108,Forge_Master_Content.csv,Decision Making,SRT,SRT,High,"He is going to sign a contract, suddenly he got news that one of his friend who had helped him once, met an accident and is in ICU.",,,,,,
SRT0109,Forge_Master_Content.csv,Decision Making,SRT,SRT,Medium,He had boarded a wrong train and came to know only when he was asked to pay money to TT.,,,,,,
SRT0110,Forge_Master_Content.csv,Team Conflict,SRT,SRT,Low,He saw his girlfriend walking with another person on his way.,,,,,,
SRT0111,Forge_Master_Content.csv,Ethics,SRT,SRT,Low,He was driving the bike without helmet and the traffic police caught him.,,,,,,
SRT0112,Forge_Master_Content.csv,Emergency,SRT,SRT,High,He was in charge of wireless board in a sailing ship which lost its communication with the coast.,,,,,,
SRT0113,Forge_Master_Content.csv,Team Conflict,SRT,SRT,Medium,He went for the picnic with his friends and on the way he had hot arguments with them.,,,,,,
SRT0114,Forge_Master_Content.csv,Ethics,SRT,SRT,Medium,"There is a person who sells smuggled goods. He too, like many others, have purchased a wristwatch from him. But it doesn't work.",,,,,,
SRT0115,Forge_Master_Content.csv,Decision Making,SRT,SRT,Low,He urgently needed money.,,,,,,
SRT0116,Forge_Master_Content.csv,Time Pressure,SRT,SRT,Low,He is getting late in reaching meeting.,,,,,,
SRT0117,Forge_Master_Content.csv,Team Conflict,SRT,SRT,Low,He find his hostel roommate not very friendly with him.,,,,,,
SRT0118,Forge_Master_Content.csv,Family,SRT,SRT,High,His mom is seriously ill and his boss doesn't grant leave.,,,,,,
SRT0119,Forge_Master_Content.csv,Ethics,SRT,SRT,Medium,His friend was copying from book in examination hall.,,,,,,
SRT0120,Forge_Master_Content.csv,Emergency,SRT,SRT,High,"During a trekking trip, he was left alone in the jungle.",,,,,,
SRT0121,Forge_Master_Content.csv,Decision Making,SRT,SRT,Low,"He was weak in studies, and knew that he could not do well in his education.",,,,,,
SRT0122,Forge_Master_Content.csv,Emergency,SRT,SRT,High,He was playing outdoor and his brother got seriously injured and it started to rain heavily.,,,,,,
SRT0123,Forge_Master_Content.csv,Disaster Management,SRT,SRT,Medium,He had exams the next day & the road to his school was flooded with continuous rain for last two days.,,,,,,
SRT0124,Forge_Master_Content.csv,Emergency,SRT,SRT,High,He was walking on a dark street with his girlfriend then suddenly 10 armed people came & started harassing his girlfriend. The next police station was 10 km away.,,,,,,
SRT0125,Forge_Master_Content.csv,Team Conflict,SRT,SRT,Low,His friend was always quarrelling with him and the papers were near.,,,,,,
SRT0126,Forge_Master_Content.csv,Time Pressure,SRT,SRT,Medium,"His boss gives a piece of work and orders him to follow his instructions to complete the work, but the work is difficult to finish within time.",,,,,,
SRT0127,Forge_Master_Content.csv,Emergency,SRT,SRT,High,"He saw a snake moving near to the bed while his younger brother was sleeping, when he enters his room.",,,,,,
SRT0128,Forge_Master_Content.csv,Military Context,SRT,SRT,High,He received an urgent order from his commander. But he feel that order passed on to him is wrong.,,,,,,
SRT0129,Forge_Master_Content.csv,Emergency,SRT,SRT,High,He is driving a car on highway at full speed suddenly brakes fail.,,,,,,
SRT0130,Forge_Master_Content.csv,Team Conflict,SRT,SRT,Low,His joke was well meant but still his friend became angry.,,,,,,
SRT0131,Forge_Master_Content.csv,Team Conflict,SRT,SRT,Low,In free period he wanted to study but his friends were continuously disturbing him.,,,,,,
SRT0132,Forge_Master_Content.csv,Team Conflict,SRT,SRT,Medium,In a fit of anger his friend hit him.,,,,,,
SRT0133,Forge_Master_Content.csv,Emergency,SRT,SRT,High,While hunting he and his brother lost way in dark (night) in jungle and he has no light.,,,,,,
SRT0134,Forge_Master_Content.csv,Leadership,SRT,SRT,Medium,He is serving under two senior officers who always give conflicting orders.,,,,,,
SRT0135,Forge_Master_Content.csv,Leadership,SRT,SRT,Medium,Generally people don't listen to his argument.,,,,,,
SRT0136,Forge_Master_Content.csv,Time Pressure,SRT,SRT,Low,He went to library for a very urgent book and found that all its copies were already issued to others.,,,,,,
SRT0137,Forge_Master_Content.csv,Decision Making,SRT,SRT,Low,He was not getting enough salary for his job.,,,,,,
SRT0138,Forge_Master_Content.csv,Emergency,SRT,SRT,High,The sea was very rough and it was night. Ship duty officer fell in sea while taking a round.,,,,,,
SRT0139,Forge_Master_Content.csv,Emergency,SRT,SRT,High,The tractor dashed against a fast moving truck and the driver were thrown off into ditches. He was just away from it.,,,,,,
SRT0140,Forge_Master_Content.csv,Ethics,SRT,SRT,Medium,As monitor of his class he had to put up the names of those who had not done their homework. His friend was also a culprit.,,,,,,
SRT0141,Forge_Master_Content.csv,Family,SRT,SRT,Medium,His father needed treatment and he was short of money.,,,,,,
SRT0142,Forge_Master_Content.csv,Family,SRT,SRT,Medium,He returns late in night from NCC camp. His step mother did not allowed him to enter the house.,,,,,,
SRT0143,Forge_Master_Content.csv,Emergency,SRT,SRT,High,On opening the door of his bathroom in his room he finds a big snake hanging from the ceiling.,,,,,,
SRT0144,Forge_Master_Content.csv,Emergency,SRT,SRT,High,All his family members are ill and his father is out of town. There is no money in the home.,,,,,,
SRT0145,Forge_Master_Content.csv,Family,SRT,SRT,Medium,He was forced by his father to join the Railways but he was really not of his interest.,,,,,,
SRT0146,Forge_Master_Content.csv,Team Conflict,SRT,SRT,Low,They decide to give a treat to their retiring professor. He wants to give a dinner party whilies his friends want just a tea-party.,,,,,,
SRT0147,Forge_Master_Content.csv,Leadership,SRT,SRT,Medium,The leader of his trekking team decides to take a longer route when time is running out.,,,,,,
SRT0148,Forge_Master_Content.csv,Emergency,SRT,SRT,High,"They are climbing a steep wall with help of ropes & some of them reach the top, when the rope gives away.",,,,,,
SRT0149,Forge_Master_Content.csv,Team Conflict,SRT,SRT,Low,His friends' are having heated arguments over a point.,,,,,,
SRT0150,Forge_Master_Content.csv,Family,SRT,SRT,High,He is in final year BA and his father lost the job and his family facing money problems.,,,,,,
SRT0151,Forge_Master_Content.csv,Social Responsibility,SRT,SRT,Medium,He is going to market with his sister and some boys start doing mischief with his sister.,,,,,,
SRT0152,Forge_Master_Content.csv,Emergency,SRT,SRT,High,He are walking down the road one fine afternoon and a man steals a lady's hand bag and in the process stabs the lady.,,,,,,
PI0001,Forge_Master_Content.csv,Self Introduction,Personal Interview,Personal Interview,Medium,Tell me how do you travel from your home to here,,,,,,
PI0002,Forge_Master_Content.csv,Self Introduction,Personal Interview,Personal Interview,Medium,Talk to me a little more about your daily routine on a typical working day which could be Monday to Friday or Monday to Saturday and how is that routine different on a Sunday or a holiday,,,,,,
PI0003,Forge_Master_Content.csv,Self Introduction,Personal Interview,Personal Interview,Medium,How do you think you performed what is your experience like,,,,,,
PI0004,Forge_Master_Content.csv,Self Introduction,Personal Interview,Personal Interview,Medium,Tell me something about yourself?,,,,,,
PI0005,Forge_Master_Content.csv,Self Introduction,Personal Interview,Personal Interview,Medium,What is the meaning of your name?,,,,,,
PI0006,Forge_Master_Content.csv,Self Introduction,Personal Interview,Personal Interview,Medium,Which is your native place?,,,,,,
PI0007,Forge_Master_Content.csv,Self Introduction,Personal Interview,Personal Interview,Medium,Tell me something about your home town.,,,,,,
PI0008,Forge_Master_Content.csv,Self Introduction,Personal Interview,Personal Interview,Medium,What are the population/ language/ important features/ tourist places of your place?,,,,,,
PI0009,Forge_Master_Content.csv,Self Introduction,Personal Interview,Personal Interview,Medium,What things do you like about your native place?,,,,,,
PI0010,Forge_Master_Content.csv,Self Introduction,Personal Interview,Personal Interview,Medium,How would you describe yourself?,,,,,,
PI0011,Forge_Master_Content.csv,Self Introduction,Personal Interview,Personal Interview,Medium,"What is the meaning of your name, good and bad qualities of family members, your strengths weaknesses etc.?",,,,,,
PI0012,Forge_Master_Content.csv,Self Introduction,Personal Interview,Personal Interview,Medium,Does taking coaching or following a website dedicated to SSB helps?,,,,,,
PI0013,Forge_Master_Content.csv,Self Introduction,Personal Interview,Personal Interview,Medium,What do you do to keep yourself fit? If run/jog then calculate the speed.,,,,,,
PI0014,Forge_Master_Content.csv,Self Introduction,Personal Interview,Personal Interview,Medium,"Are you in a relationship? If yes then how intimate if no then why, are you homosexual?",,,,,,
PI0015,Forge_Master_Content.csv,Self Introduction,Personal Interview,Personal Interview,Medium,What kind of guy/girl would you like to marry?,,,,,,
PI0016,Forge_Master_Content.csv,Self Introduction,Personal Interview,Personal Interview,Medium,Suppose if God appears in front of you and asks you to change something from your past what will you wish for?,,,,,,
PI0017,Forge_Master_Content.csv,Self Introduction,Personal Interview,Personal Interview,Medium,Let me know something about lakau,,,,,,
PI0018,Forge_Master_Content.csv,Self Introduction,Personal Interview,Personal Interview,Medium,How many places you have explored till now in lak now,,,,,,
PI0019,Forge_Master_Content.csv,Self Introduction,Personal Interview,Personal Interview,Medium,Tell me your routine of working days and routine of holidays,,,,,,
PI0020,Forge_Master_Content.csv,Self Introduction,Personal Interview,Personal Interview,Medium,Compare Varanasi with pragaraj,,,,,,
PI0021,Forge_Master_Content.csv,Self Introduction,Personal Interview,Personal Interview,Medium,Please tell me what are some of the things that you would like to do for fun and recreation outside your working place?,,,,,,
PI0022,Forge_Master_Content.csv,Family,Personal Interview,Personal Interview,Medium,Tell me something about your parents aric your father your mother you have a younger brother your younger brother what do you like about them what you not like about them if there is one quality in each of them you want to change which is that quality,,,,,,
PI0023,Forge_Master_Content.csv,Family,Personal Interview,Personal Interview,Medium,If you have a secret to tell who will you tell father mother,,,,,,
PI0024,Forge_Master_Content.csv,Family,Personal Interview,Personal Interview,Medium,Tell me one secret you told your father and not told your mother,,,,,,
PI0025,Forge_Master_Content.csv,Family,Personal Interview,Personal Interview,Medium,What is your mother/father's educational qualification?,,,,,,
PI0026,Forge_Master_Content.csv,Family,Personal Interview,Personal Interview,Medium,What is the job of your mother/father?,,,,,,
PI0027,Forge_Master_Content.csv,Family,Personal Interview,Personal Interview,Medium,What is the monthly income of your family?,,,,,,
PI0028,Forge_Master_Content.csv,Family,Personal Interview,Personal Interview,Medium,How many brothers and sisters do you have? What is their qualification? What are they doing presently?,,,,,,
PI0029,Forge_Master_Content.csv,Family,Personal Interview,Personal Interview,Medium,"Now I would be interested to know about your family. Suppose you tell me about your parents i.e. about your father and mother, their occupation, how do you spend time together, your activities at home, about other members of your family like brothers, sisters, and grandparents.",,,,,,
PI0030,Forge_Master_Content.csv,Family,Personal Interview,Personal Interview,Medium,Whom do you approach for help when you have problems and you want to confide.,,,,,,
PI0031,Forge_Master_Content.csv,Family,Personal Interview,Personal Interview,Medium,Normally what are the activities in which you get personally involved with your family?,,,,,,
PI0032,Forge_Master_Content.csv,Family,Personal Interview,Personal Interview,Medium,Who is stricter in your family? An example for the same.,,,,,,
PI0033,Forge_Master_Content.csv,Family,Personal Interview,Personal Interview,Medium,How's your bonding with your parents and uh with your sibling,,,,,,
PI0034,Forge_Master_Content.csv,Family,Personal Interview,Personal Interview,Medium,Make comparison between you and your sister who personality is better,,,,,,
PI0035,Forge_Master_Content.csv,Family,Personal Interview,Personal Interview,Medium,Tell me two good qualities of your sister and two bad qualities that you don't like in her,,,,,,
PI0036,Forge_Master_Content.csv,Family,Personal Interview,Personal Interview,Medium,Tell me two qualities of your father that you don't like,,,,,,
PI0037,Forge_Master_Content.csv,Family,Personal Interview,Personal Interview,Medium,To whom you love more your mother or father,,,,,,
PI0038,Forge_Master_Content.csv,Family,Personal Interview,Personal Interview,Medium,"Now I will be interested to know about your family. You please tell me about your parents, i.e. about your father and mother, their occupation, the other members of your family like brother, sister, grandparents, etc. How do you spend time together, your activities at home, whom do you approach for help when you have problems or when you want to confide someone?",,,,,,
PI0039,Forge_Master_Content.csv,Friends,Personal Interview,Personal Interview,Medium,How many friends do you have what kind of friends are there what do you do with your friends tell me three specific activities and moments in those activities that you felt were the most memorable or most interesting and please tell me one naughty thing you've done with your friends,,,,,,
PI0040,Forge_Master_Content.csv,Friends,Personal Interview,Personal Interview,Medium,Tell me one quality in you each of your three best friends will change,,,,,,
PI0041,Forge_Master_Content.csv,Friends,Personal Interview,Personal Interview,Medium,How do you decide your friends?,,,,,,
PI0042,Forge_Master_Content.csv,Friends,Personal Interview,Personal Interview,Medium,How many friends do you have?,,,,,,
PI0043,Forge_Master_Content.csv,Friends,Personal Interview,Personal Interview,Medium,How have you helped your friend in their time of need?,,,,,,
PI0044,Forge_Master_Content.csv,Friends,Personal Interview,Personal Interview,Medium,"Among your friends, to whom do you share your personal things?",,,,,,
PI0045,Forge_Master_Content.csv,Friends,Personal Interview,Personal Interview,Medium,How would your friends describe you?,,,,,,
PI0046,Forge_Master_Content.csv,Friends,Personal Interview,Personal Interview,Medium,Similarities and differences between you and your lover.,,,,,,
PI0047,Forge_Master_Content.csv,Friends,Personal Interview,Personal Interview,Medium,Tell me how many friends that you made during that uh 10th class till 12th class,,,,,,
PI0048,Forge_Master_Content.csv,Friends,Personal Interview,Personal Interview,Medium,Tell me something about your best friend,,,,,,
PI0049,Forge_Master_Content.csv,Friends,Personal Interview,Personal Interview,Medium,What best friend gives you two suggestions what say about you,,,,,,
PI0050,Forge_Master_Content.csv,Friends,Personal Interview,Personal Interview,Medium,What was so important what you she should come and meet you,,,,,,
PI0051,Forge_Master_Content.csv,Friends,Personal Interview,Personal Interview,Medium,"Who are your friends in neighborhood and what social, cultural or other activities you have undertaken in their company?",,,,,,
PI0052,Forge_Master_Content.csv,Education,Personal Interview,Personal Interview,Medium,Starting from 8th standard hardik tell me something about the school you went the marks you got the subjects you liked the subjects you did not like in your academic career,,,,,,
PI0053,Forge_Master_Content.csv,Education,Personal Interview,Personal Interview,Medium,Name three teachers that you think were the most impressive teachers why do you think these three teachers have impressed you so much tell me one sentence about each of them,,,,,,
PI0054,Forge_Master_Content.csv,Education,Personal Interview,Personal Interview,Medium,Name three teachers that have impressed you less and tell me one sentence about each of them also,,,,,,
PI0055,Forge_Master_Content.csv,Education,Personal Interview,Personal Interview,Medium,Tell me any one principle in physics chemistry or mathematics you like the best,,,,,,
PI0056,Forge_Master_Content.csv,Education,Personal Interview,Personal Interview,Medium,Tell me one concern you told her,,,,,,
PI0057,Forge_Master_Content.csv,Education,Personal Interview,Personal Interview,Medium,Which school and college did you attend from primary to graduate level?,,,,,,
PI0058,Forge_Master_Content.csv,Education,Personal Interview,Personal Interview,Medium,What is your favourite area of study/subject?,,,,,,
PI0059,Forge_Master_Content.csv,Education,Personal Interview,Personal Interview,Medium,Which teacher do you like very much and why?,,,,,,
PI0060,Forge_Master_Content.csv,Education,Personal Interview,Personal Interview,Medium,Tell me about your specific achievements during your study.,,,,,,
PI0061,Forge_Master_Content.csv,Education,Personal Interview,Personal Interview,Medium,Did you choose your area of study or group of study by yourself or did you do that by compulsion?,,,,,,
PI0062,Forge_Master_Content.csv,Education,Personal Interview,Personal Interview,Medium,"How much did you score in your tenth, twelfth, college?",,,,,,
PI0063,Forge_Master_Content.csv,Education,Personal Interview,Personal Interview,Medium,What is the reason behind your poor grades?,,,,,,
PI0064,Forge_Master_Content.csv,Education,Personal Interview,Personal Interview,Medium,"Tell me about your education starting from middle school level, say 8th standard onwards, and working up to your present level of education.",,,,,,
PI0065,Forge_Master_Content.csv,Education,Personal Interview,Personal Interview,Medium,Let me know about your uh education is starting from 9th onwards uh like uh you opted subject science background why you oped science subject,,,,,,
PI0066,Forge_Master_Content.csv,Education,Personal Interview,Personal Interview,Medium,How many exams you appeared after class 12th,,,,,,
PI0067,Forge_Master_Content.csv,Education,Personal Interview,Personal Interview,Medium,Tell me uh who is your best teacher and tell me your favorite subject also,,,,,,
PI0068,Forge_Master_Content.csv,Education,Personal Interview,Personal Interview,Medium,Tell me your best moment and your memorable moment during your school days,,,,,,
PI0069,Forge_Master_Content.csv,Education,Personal Interview,Personal Interview,Medium,If you run 2 kilm in 15 minutes how many kilometers per hour are you running,,,,,,
PI0070,Forge_Master_Content.csv,Education,Personal Interview,Personal Interview,Medium,"Please tell me about your education starting from middle school level, say class VIII onwards working up to your present level of education. I would be interested in the subject you liked best, those you did not care much about, grades achieved in examinations, efforts put in towards extracurricular/co-curricular activities that were available in your school, the events you took part in, any special achievements in the fields.",,,,,,
PI0071,Forge_Master_Content.csv,NCC,Personal Interview,Personal Interview,Medium,Why you haven't joined NCC?,,,,,,
PI0072,Forge_Master_Content.csv,Career Goals,Personal Interview,Personal Interview,Medium,What have you been doing the last one year did you take admission somewhere if so where if you did not why not did you appear for JE if you did what was your score if you did not why not,,,,,,
PI0073,Forge_Master_Content.csv,Career Goals,Personal Interview,Personal Interview,Medium,Tell me three specific things you doing to prepare for the SSB,,,,,,
PI0074,Forge_Master_Content.csv,Career Goals,Personal Interview,Personal Interview,Medium,What is your current occupation?,,,,,,
PI0075,Forge_Master_Content.csv,Career Goals,Personal Interview,Personal Interview,Medium,"Presently, what are you doing?",,,,,,
PI0076,Forge_Master_Content.csv,Career Goals,Personal Interview,Personal Interview,Medium,Why are you interested in working for this company?,,,,,,
PI0077,Forge_Master_Content.csv,Career Goals,Personal Interview,Personal Interview,Medium,What position do you serve in your company?,,,,,,
PI0078,Forge_Master_Content.csv,Career Goals,Personal Interview,Personal Interview,Medium,What is the nature of your work?,,,,,,
PI0079,Forge_Master_Content.csv,Career Goals,Personal Interview,Personal Interview,Medium,How much is the turnover/sales of your company?,,,,,,
PI0080,Forge_Master_Content.csv,Career Goals,Personal Interview,Personal Interview,Medium,What are the future prospects of yours?,,,,,,
PI0081,Forge_Master_Content.csv,Career Goals,Personal Interview,Personal Interview,Medium,Why do you want to leave your current job?,,,,,,
PI0082,Forge_Master_Content.csv,Career Goals,Personal Interview,Personal Interview,Medium,What are your long range goals?,,,,,,
PI0083,Forge_Master_Content.csv,Career Goals,Personal Interview,Personal Interview,Medium,Why aren't you focusing on earning more money at this stage of your career,,,,,,
PI0084,Forge_Master_Content.csv,Career Goals,Personal Interview,Personal Interview,Medium,How have you prepared for SSB?,,,,,,
PI0085,Forge_Master_Content.csv,Career Goals,Personal Interview,Personal Interview,Medium,What special preparation you have done this time to ensure success?,,,,,,
PI0086,Forge_Master_Content.csv,Career Goals,Personal Interview,Personal Interview,Medium,What are your other career options?,,,,,,
PI0087,Forge_Master_Content.csv,Career Goals,Personal Interview,Personal Interview,Medium,How is your higher education plan after 12th class,,,,,,
PI0088,Forge_Master_Content.csv,Career Goals,Personal Interview,Personal Interview,Medium,What is your priority J or NDA,,,,,,
PI0089,Forge_Master_Content.csv,Career Goals,Personal Interview,Personal Interview,Medium,If you're not selected in this attempt what is the next plan,,,,,,
PI0090,Forge_Master_Content.csv,Career Goals,Personal Interview,Personal Interview,Medium,Tell me something you finished your graduation few months back 6 months back what have you been doing the last 6 months what are your plans for the next 6 months 1 year 2 years,,,,,,
PI0091,Forge_Master_Content.csv,Career Goals,Personal Interview,Personal Interview,Medium,"Please begin by telling me about your job/previous job, what duties did you perform? What were your likes/dislikes about this job? What were your working conditions and earnings?",,,,,,
PI0092,Forge_Master_Content.csv,Strengths,Personal Interview,Personal Interview,Medium,Do you think you're physically fit,,,,,,
PI0093,Forge_Master_Content.csv,Strengths,Personal Interview,Personal Interview,Medium,What are your strengths and weaknesses?,,,,,,
PI0094,Forge_Master_Content.csv,Strengths,Personal Interview,Personal Interview,Medium,What motivates you to do your best on the job?,,,,,,
PI0095,Forge_Master_Content.csv,Strengths,Personal Interview,Personal Interview,Medium,Tell me about your ability to work under pressure.,,,,,,
PI0096,Forge_Master_Content.csv,Strengths,Personal Interview,Personal Interview,Medium,Why should we select you?,,,,,,
PI0097,Forge_Master_Content.csv,Strengths,Personal Interview,Personal Interview,Medium,What motivates you?,,,,,,
PI0098,Forge_Master_Content.csv,Strengths,Personal Interview,Personal Interview,Medium,What have you done specifically yes so that you could get recommended tell me three specific things you've done to improve yourself,,,,,,
PI0099,Forge_Master_Content.csv,Strengths,Personal Interview,Personal Interview,Medium,What is it that you can do which will convince me that you're physically fit,,,,,,
PI0100,Forge_Master_Content.csv,Strengths,Personal Interview,Personal Interview,Medium,Tell me one place where you have used these qualities that you spoke about,,,,,,
PI0101,Forge_Master_Content.csv,Strengths,Personal Interview,Personal Interview,Medium,Please tell me what you feel are the strong points or assets in your personality and what would you like to improve or develop further?,,,,,,
PI0102,Forge_Master_Content.csv,Weaknesses,Personal Interview,Personal Interview,Medium,Tell me what you cannot do but you want to do,,,,,,
PI0103,Forge_Master_Content.csv,Weaknesses,Personal Interview,Personal Interview,Medium,If there's one quality in you each of them would like to change which is that quality,,,,,,
PI0104,Forge_Master_Content.csv,Weaknesses,Personal Interview,Personal Interview,Medium,Tell me two fears of your life things that you offra of,,,,,,
PI0105,Forge_Master_Content.csv,Leadership,Personal Interview,Personal Interview,Medium,Tell me a situation when you had to work in a team environment. How was your performance?,,,,,,
PI0106,Forge_Master_Content.csv,Leadership,Personal Interview,Personal Interview,Medium,What role do you play while playing?,,,,,,
PI0107,Forge_Master_Content.csv,Leadership,Personal Interview,Personal Interview,Medium,What are the duties of a captain?,,,,,,
PI0108,Forge_Master_Content.csv,Leadership,Personal Interview,Personal Interview,Medium,What's the most difficult part of being a captain?,,,,,,
PI0109,Forge_Master_Content.csv,Leadership,Personal Interview,Personal Interview,Medium,Do you prefer to work independently or on a team?,,,,,,
PI0110,Forge_Master_Content.csv,Leadership,Personal Interview,Personal Interview,Medium,"If you are doing a job, what problems do you face? How you tackle them?",,,,,,
PI0111,Forge_Master_Content.csv,Leadership,Personal Interview,Personal Interview,Medium,Tell me any one Brave or courageous thing you've done in the last six months,,,,,,
PI0112,Forge_Master_Content.csv,Failure,Personal Interview,Personal Interview,Medium,What if you don't get recommended?,,,,,,
PI0113,Forge_Master_Content.csv,Failure,Personal Interview,Personal Interview,Medium,What is your greatest failure and what did you learn from it?,,,,,,
PI0114,Forge_Master_Content.csv,Failure,Personal Interview,Personal Interview,Medium,Why did you fail last time (Repeaters)?,,,,,,
PI0115,Forge_Master_Content.csv,Failure,Personal Interview,Personal Interview,Medium,What was the reason that you got rejected in your previous attempt and how did you overcome,,,,,,
PI0116,Forge_Master_Content.csv,Failure,Personal Interview,Personal Interview,Medium,How many times were you screened out,,,,,,
PI0117,Forge_Master_Content.csv,Failure,Personal Interview,Personal Interview,Medium,Why do you think you got screened out,,,,,,
PI0118,Forge_Master_Content.csv,Success,Personal Interview,Personal Interview,Medium,Tell me an example of an important goal you set and how you achieved it.,,,,,,
PI0119,Forge_Master_Content.csv,Success,Personal Interview,Personal Interview,Medium,Describe the biggest challenge you have had in your job and how you handled it?,,,,,,
PI0120,Forge_Master_Content.csv,Success,Personal Interview,Personal Interview,Medium,What are your two accomplishments at your present job?,,,,,,
PI0121,Forge_Master_Content.csv,Responsibility,Personal Interview,Personal Interview,Medium,How much pocket money did you get when you were in college and how did you utilise it?,,,,,,
PI0122,Forge_Master_Content.csv,Responsibility,Personal Interview,Personal Interview,Medium,How can you say that you are responsible? Give few incidents from your life to show that you are responsible.,,,,,,
PI0123,Forge_Master_Content.csv,Responsibility,Personal Interview,Personal Interview,Medium,"How do you meet monetary requirements, i.e. how much pocket money do you get and how do you spend it.",,,,,,
PI0124,Forge_Master_Content.csv,Responsibility,Personal Interview,Personal Interview,Medium,Tell me your participation in other activities in your school how many responsibilities you took over,,,,,,
PI0125,Forge_Master_Content.csv,Responsibility,Personal Interview,Personal Interview,Medium,How many years responsibilities you take over at home in his absence,,,,,,
PI0126,Forge_Master_Content.csv,Responsibility,Personal Interview,Personal Interview,Medium,What is your average monthly expenditure in the last 12 months and give me a breakdown of last month's expenditure,,,,,,
PI0127,Forge_Master_Content.csv,Hobbies,Personal Interview,Personal Interview,Medium,Tell me one string of one names of all the six strings of the guitar,,,,,,
PI0128,Forge_Master_Content.csv,Hobbies,Personal Interview,Personal Interview,Medium,Show me with your fingers F cord how will you show it,,,,,,
PI0129,Forge_Master_Content.csv,Hobbies,Personal Interview,Personal Interview,Medium,What activities do you do on your holidays?,,,,,,
PI0130,Forge_Master_Content.csv,Hobbies,Personal Interview,Personal Interview,Medium,What is your favourite hobby and why?,,,,,,
PI0131,Forge_Master_Content.csv,Hobbies,Personal Interview,Personal Interview,Medium,How long do you have this as a hobby?,,,,,,
PI0132,Forge_Master_Content.csv,Hobbies,Personal Interview,Personal Interview,Medium,Describe about the things that you have learned from your hobby.,,,,,,
PI0133,Forge_Master_Content.csv,Hobbies,Personal Interview,Personal Interview,Medium,Give details of your extra-curricular activities.,,,,,,
PI0134,Forge_Master_Content.csv,Hobbies,Personal Interview,Personal Interview,Medium,Why did you not continue this activity?,,,,,,
PI0135,Forge_Master_Content.csv,Hobbies,Personal Interview,Personal Interview,Medium,What is your favourite outdoor/indoor game?,,,,,,
PI0136,Forge_Master_Content.csv,Hobbies,Personal Interview,Personal Interview,Medium,What level have you played to?,,,,,,
PI0137,Forge_Master_Content.csv,Hobbies,Personal Interview,Personal Interview,Medium,"What is the size of the ground, number of players, equipment and terminology of the game?",,,,,,
PI0138,Forge_Master_Content.csv,Hobbies,Personal Interview,Personal Interview,Medium,Who/what are your favourite team/players?,,,,,,
PI0139,Forge_Master_Content.csv,Hobbies,Personal Interview,Personal Interview,Medium,What is your best memory of the game?,,,,,,
PI0140,Forge_Master_Content.csv,Hobbies,Personal Interview,Personal Interview,Medium,What good books have you read lately?,,,,,,
PI0141,Forge_Master_Content.csv,Hobbies,Personal Interview,Personal Interview,Medium,What's the theme of this book?,,,,,,
PI0142,Forge_Master_Content.csv,Hobbies,Personal Interview,Personal Interview,Medium,Let me know your hobby is your interest in how many games you participated,,,,,,
PI0143,Forge_Master_Content.csv,Hobbies,Personal Interview,Personal Interview,Medium,"Now please tell me, how do you spend your spare time? What are your interests and hobbies, sports and games you have taken part in, both in your daily routine and on a working day and on a holiday?",,,,,,
PI0144,Forge_Master_Content.csv,Hobbies,Personal Interview,Personal Interview,Medium,What are your reading habits and TV watching habits?,,,,,,
PI0145,Forge_Master_Content.csv,Current Affairs,Personal Interview,Personal Interview,Medium,Why India is not doing well in football?,,,,,,
PI0146,Forge_Master_Content.csv,Current Affairs,Personal Interview,Personal Interview,Medium,What do you mean by Global warming?,,,,,,
PI0147,Forge_Master_Content.csv,Current Affairs,Personal Interview,Personal Interview,Medium,What is greenhouse effect?,,,,,,
PI0148,Forge_Master_Content.csv,Current Affairs,Personal Interview,Personal Interview,Medium,What is Bal Shree Award?,,,,,,
PI0149,Forge_Master_Content.csv,Current Affairs,Personal Interview,Personal Interview,Medium,What is Sarva Shiksha Abhiyaan?,,,,,,
PI0150,Forge_Master_Content.csv,Current Affairs,Personal Interview,Personal Interview,Medium,What do you think are the problems in school education system in India?,,,,,,
PI0151,Forge_Master_Content.csv,Current Affairs,Personal Interview,Personal Interview,Medium,What are the problems of textile industry in India?,,,,,,
PI0152,Forge_Master_Content.csv,Current Affairs,Personal Interview,Personal Interview,Medium,View about Indo-Pak relations.,,,,,,
PI0153,Forge_Master_Content.csv,Current Affairs,Personal Interview,Personal Interview,Medium,Reasons and views on fall of currency value in India.,,,,,,
PI0154,Forge_Master_Content.csv,Current Affairs,Personal Interview,Personal Interview,Medium,"About issues/happenings in Middle East, Afghanistan, West Asia, or any major country in the world",,,,,,
PI0155,Forge_Master_Content.csv,Current Affairs,Personal Interview,Personal Interview,Medium,If you were made the Prime Minister of India what will you do regarding Pakistan issue?,,,,,,
PI0156,Forge_Master_Content.csv,Current Affairs,Personal Interview,Personal Interview,Medium,Basic geography like neighboring countries of India such as the water bodies surrounding India or the southern-most point of India?,,,,,,
PI0157,Forge_Master_Content.csv,Current Affairs,Personal Interview,Personal Interview,Medium,"Recent national, international and sports news.",,,,,,
PI0158,Forge_Master_Content.csv,Current Affairs,Personal Interview,Personal Interview,Medium,If I ask you what are five major problems India is facing what will you tell me,,,,,,
PI0159,Forge_Master_Content.csv,Defence Awareness,Personal Interview,Personal Interview,Medium,Tell me one practical use of Third Law of Newton in that is you would find being used in the Indian army,,,,,,
PI0160,Forge_Master_Content.csv,Defence Awareness,Personal Interview,Personal Interview,Medium,What makes Indian soldier different,,,,,,
PI0161,Forge_Master_Content.csv,Defence Awareness,Personal Interview,Personal Interview,Medium,Name any three guns you're a fan of,,,,,,
PI0162,Forge_Master_Content.csv,Defence Awareness,Personal Interview,Personal Interview,Medium,What's the difference between a gun and a rifle,,,,,,
PI0163,Forge_Master_Content.csv,Defence Awareness,Personal Interview,Personal Interview,Medium,Who makes ak-203,,,,,,
PI0164,Forge_Master_Content.csv,Defence Awareness,Personal Interview,Personal Interview,Medium,Who makes m416,,,,,,
PI0165,Forge_Master_Content.csv,Defence Awareness,Personal Interview,Personal Interview,Medium,What is Chris vctor,,,,,,
PI0166,Forge_Master_Content.csv,Defence Awareness,Personal Interview,Personal Interview,Medium,What are the qualities of an army officer or what are the qualities that are required in a person to join the Armed Forces?,,,,,,
PI0167,Forge_Master_Content.csv,Defence Awareness,Personal Interview,Personal Interview,Medium,What are the types of RADARS used by IAF?,,,,,,
PI0168,Forge_Master_Content.csv,Defence Awareness,Personal Interview,Personal Interview,Medium,What is the minimum length of antenna required to catch FM signal?,,,,,,
PI0169,Forge_Master_Content.csv,Defence Awareness,Personal Interview,Personal Interview,Medium,How many Tejas and Rafael we are going to have?,,,,,,
PI0170,Forge_Master_Content.csv,Defence Awareness,Personal Interview,Personal Interview,Medium,Is the deal of Dassault Rafael beneficial to India and why?,,,,,,
PI0171,Forge_Master_Content.csv,Defence Awareness,Personal Interview,Personal Interview,Medium,What are FGFA and MRCA? In what category Tejas will come?,,,,,,
PI0172,Forge_Master_Content.csv,Defence Awareness,Personal Interview,Personal Interview,Medium,Tell 10 features of TEJAS.,,,,,,
PI0173,Forge_Master_Content.csv,Defence Awareness,Personal Interview,Personal Interview,Medium,According to you what improvements are required in the Indian Air Force/Army/Navy at present?,,,,,,
PI0174,Forge_Master_Content.csv,Defence Awareness,Personal Interview,Personal Interview,Medium,What are the differences between a cruise and ballistic missile? Name them and their differences?,,,,,,
PI0175,Forge_Master_Content.csv,Defence Awareness,Personal Interview,Personal Interview,Medium,"What do you know about Air Force, Army, Navy (new knowledge other than commands, ranks etc.).",,,,,,
PI0176,Forge_Master_Content.csv,Defence Awareness,Personal Interview,Personal Interview,Medium,The difference between a fighter and an attack plane.,,,,,,
PI0177,Forge_Master_Content.csv,Defence Awareness,Personal Interview,Personal Interview,Medium,About AWACS/AWECS.,,,,,,
PI0178,Forge_Master_Content.csv,Defence Awareness,Personal Interview,Personal Interview,Medium,Recent defense deals and up gradations.,,,,,,
PI0179,Forge_Master_Content.csv,Defence Awareness,Personal Interview,Personal Interview,Medium,Tell me any one principle of physical physics that can be applied to the naval worship,,,,,,
PI0180,Forge_Master_Content.csv,Defence Awareness,Personal Interview,Personal Interview,Medium,What is the difference between a frigate a destroyer and a Corvette,,,,,,
PI0181,Forge_Master_Content.csv,Defence Awareness,Personal Interview,Personal Interview,Medium,Name any three types of AO engines,,,,,,
PI0182,Forge_Master_Content.csv,Motivation for Armed Forces,Personal Interview,Personal Interview,Medium,Why do you want to join the Army,,,,,,
PI0183,Forge_Master_Content.csv,Motivation for Armed Forces,Personal Interview,Personal Interview,Medium,Which part of the army do you want to join,,,,,,
PI0184,Forge_Master_Content.csv,Motivation for Armed Forces,Personal Interview,Personal Interview,Medium,Why do you want to join the force?,,,,,,
PI0185,Forge_Master_Content.csv,Motivation for Armed Forces,Personal Interview,Personal Interview,Medium,How do you feel about the work environment in the armed force?,,,,,,
PI0186,Forge_Master_Content.csv,Motivation for Armed Forces,Personal Interview,Personal Interview,Medium,What will be your contribution to IAF after becoming an officer?,,,,,,
PI0187,Forge_Master_Content.csv,Motivation for Armed Forces,Personal Interview,Personal Interview,Medium,If you have done graduation in some discipline then why do you want to leave that field and enter into a field (defense) where most of your knowledge will not be used?,,,,,,
PI0188,Forge_Master_Content.csv,Motivation for Armed Forces,Personal Interview,Personal Interview,Medium,Your reason for joining the forces (practical reason).,,,,,,
PI0189,Forge_Master_Content.csv,Motivation for Armed Forces,Personal Interview,Personal Interview,Medium,"Considering the recent mishaps in Navy/Army/Air Force, if your parents don't allow you to join the same how will you convince them?",,,,,,
PI0190,Forge_Master_Content.csv,Motivation for Armed Forces,Personal Interview,Personal Interview,Medium,Who suggested you to apply for the Armed Forces India,,,,,,
PI0191,Forge_Master_Content.csv,Motivation for Armed Forces,Personal Interview,Personal Interview,Medium,Tell me Regiment of your father and from where you got motivation to join Indian army,,,,,,
PI0192,Forge_Master_Content.csv,Motivation for Armed Forces,Personal Interview,Personal Interview,Medium,Why Navy,,,,,,
PI0193,Forge_Master_Content.csv,Motivation for Armed Forces,Personal Interview,Personal Interview,Medium,Tell me three things you would get in Navy and not get in your normal life,,,,,,
PI0194,Forge_Master_Content.csv,Motivation for Armed Forces,Personal Interview,Personal Interview,Medium,Why do you not think of joining the Air Force as an AG,,,,,,
