id,category,subcategory,difficulty,question_type,question,option_a,option_b,option_c,option_d,correct_answer,explanation,fun_fact,xp_reward,time_limit,tags,exam_relevance,source
DEF-0001,Wars & Conflicts,1947-48 War,Easy,MCQ,The First Indo-Pak War (1947-48) was fought primarily over which region?,Punjab,Jammu and Kashmir,Sindh,Rann of Kutch,B,"The war began after tribal raiders backed by Pakistan invaded Kashmir, prompting the Maharaja to accede to India.","It was the first major military test for independent India's armed forces, barely months after Partition.",10,45,"{""Wars & Conflicts"",""1947-48 War""}",NDA/CDS/SSB,AI-generated for Forge platform
DEF-0002,Wars & Conflicts,1947-48 War,Medium,MCQ,Which operation saw Indian troops airlifted to Srinagar in October 1947 to repel the invasion?,Operation Baisakhi,Operation Vijay,Operation Gulmarg,"No codename, it was an emergency airlift",D,The October 1947 airlift to Srinagar was an emergency response and is generally not referred to by a specific operational codename in official accounts.,"Sikh infantry of the 1st Battalion were among the first troops flown in, landing directly into an active battle zone.",15,45,"{""Wars & Conflicts"",""1947-48 War""}",NDA/CDS/SSB,AI-generated for Forge platform
DEF-0003,Wars & Conflicts,1947-48 War,Medium,MCQ,The 1947-48 war ended with a ceasefire brokered by which body?,SAARC,Commonwealth of Nations,Non-Aligned Movement,United Nations,D,"The UN ceasefire came into effect on 1 January 1949, establishing what became the Line of Control.",The ceasefire line was originally called the 'Cease Fire Line' and was only renamed the 'Line of Control' after the 1971 war.,15,45,"{""Wars & Conflicts"",""1947-48 War""}",NDA/CDS/SSB,AI-generated for Forge platform
DEF-0004,Wars & Conflicts,1962 War,Easy,MCQ,The Sino-Indian War of 1962 was fought against which country?,China,Pakistan,Nepal,Myanmar,A,The war was fought along India's disputed Himalayan border in the North-East Frontier Agency (NEFA) and Ladakh.,"The war lasted about a month, from October to November 1962, before China declared a unilateral ceasefire.",10,45,"{""Wars & Conflicts"",""1962 War""}",NDA/CDS/SSB,AI-generated for Forge platform
DEF-0005,Wars & Conflicts,1962 War,Medium,MCQ,Which Indian Army post is remembered for the last stand of Major Shaitan Singh and his company?,Nathu La,Rezang La,Bum La,Walong,B,"At Rezang La, 13 Kumaon fought to the last man against overwhelming Chinese forces in November 1962.",Major Shaitan Singh was posthumously awarded the Param Vir Chakra for his leadership in the battle.,15,45,"{""Wars & Conflicts"",""1962 War""}",NDA/CDS/SSB,AI-generated for Forge platform
DEF-0006,Wars & Conflicts,1962 War,Medium,MCQ,"The 1962 war exposed major gaps in India's military preparedness, leading to a major expansion of which force?",The Coast Guard,The Indian Navy,The Indian Army,The Territorial Army,C,"Post-1962, India significantly expanded and modernised the Army, raising new mountain divisions for high-altitude warfare.",This period also led to the creation of specialised mountain divisions specifically trained for Himalayan terrain.,15,45,"{""Wars & Conflicts"",""1962 War""}",NDA/CDS/SSB,AI-generated for Forge platform
DEF-0007,Wars & Conflicts,1965 War,Easy,MCQ,The Indo-Pak War of 1965 began after Pakistan launched which operation into Jammu and Kashmir?,Operation Chengiz Khan,Operation Grand Slam,Operation Searchlight,Operation Gibraltar,D,"Operation Gibraltar aimed to infiltrate forces into Kashmir to incite a local rebellion, which failed and triggered full-scale war.","Pakistan's follow-up, Operation Grand Slam, targeted Akhnoor but was halted by fierce Indian resistance.",10,45,"{""Wars & Conflicts"",""1965 War""}",NDA/CDS/SSB,AI-generated for Forge platform
DEF-0008,Wars & Conflicts,1965 War,Medium,MCQ,Which large tank battle of the 1965 war is considered one of the biggest since World War II?,Battle of Asal Uttar,Battle of Longewala,Battle of Basantar,Battle of Chawinda,A,"Fought near Khem Karan, Asal Uttar saw Indian forces destroy a large number of Pakistani Patton tanks.",The area later earned the nickname 'Patton Nagar' due to the number of destroyed tanks left behind.,15,45,"{""Wars & Conflicts"",""1965 War""}",NDA/CDS/SSB,AI-generated for Forge platform
DEF-0009,Wars & Conflicts,1965 War,Medium,MCQ,The 1965 war ended with the signing of which agreement?,Shimla Agreement,Tashkent Declaration,Karachi Agreement,Lahore Declaration,B,"The Tashkent Declaration was signed in January 1966, mediated by the Soviet Union.",Indian PM Lal Bahadur Shastri passed away in Tashkent shortly after signing the declaration.,15,45,"{""Wars & Conflicts"",""1965 War""}",NDA/CDS/SSB,AI-generated for Forge platform
DEF-0010,Wars & Conflicts,1971 War,Easy,MCQ,The 1971 Indo-Pak War led to the creation of which independent nation?,Myanmar,Sri Lanka,Bangladesh,Nepal,C,"The war resulted in the liberation of East Pakistan, which became the independent nation of Bangladesh.","The war lasted just 13 days on the eastern front, one of the shortest major wars in modern history.",10,45,"{""Wars & Conflicts"",""1971 War""}",NDA/CDS/SSB,AI-generated for Forge platform
DEF-0011,Wars & Conflicts,1971 War,Medium,MCQ,Which Indian Navy operation targeted Karachi harbour in December 1971?,Operation Meghdoot,Operation Python,Operation Cactus,Operation Trident,D,Operation Trident was a missile boat strike on Karachi harbour that sank several Pakistani vessels.,"A follow-up raid, Operation Python, struck Karachi's oil storage facilities days later.",15,45,"{""Wars & Conflicts"",""1971 War""}",NDA/CDS/SSB,AI-generated for Forge platform
DEF-0012,Wars & Conflicts,1971 War,Medium,MCQ,Who commanded the Pakistani forces that surrendered at Dhaka on 16 December 1971?,Lt Gen A.A.K. Niazi,Gen Yahya Khan,Gen Tikka Khan,Gen Zia-ul-Haq,A,"Lt Gen Niazi signed the Instrument of Surrender before Lt Gen Jagjit Singh Aurora, in what remains the largest surrender since WWII.","Over 90,000 Pakistani soldiers were taken as prisoners of war, the largest since the Second World War.",15,45,"{""Wars & Conflicts"",""1971 War""}",NDA/CDS/SSB,AI-generated for Forge platform
DEF-0013,Wars & Conflicts,1971 War,Hard,MCQ,"Which naval vessel was sunk by INS Khukri during the 1971 war, in an engagement that also saw Khukri herself lost?",PNS Ghazi,"PNS Hangor was the attacker, not the sunk vessel",No enemy vessel was sunk in that engagement,PNS Khaibar,A,"PNS Hangor, a submarine, torpedoed and sank INS Khukri off the coast of Diu; PNS Ghazi separately sank near Visakhapatnam under disputed circumstances.","INS Khukri's sinking remains the only Indian warship lost in that war, and her wreck is now a protected war memorial site.",20,45,"{""Wars & Conflicts"",""1971 War""}",NDA/CDS/SSB,AI-generated for Forge platform
DEF-0014,Wars & Conflicts,Kargil War,Easy,MCQ,In which year did the Kargil War take place?,2001,1998,1999,1997,C,The Kargil War was fought between May and July 1999 after Pakistani soldiers and militants infiltrated Indian positions.,"The war was fought at extreme altitudes, some posts above 16,000 feet, making it one of the highest-altitude wars in history.",10,45,"{""Wars & Conflicts"",""Kargil War""}",NDA/CDS/SSB,AI-generated for Forge platform
DEF-0015,Wars & Conflicts,Kargil War,Easy,MCQ,The Indian Army's operation to evict infiltrators during the Kargil War was codenamed?,Operation Rakshak,Operation Safed Sagar,Operation Talwar,Operation Vijay,D,Operation Vijay was the Indian Army's ground offensive to reclaim the peaks occupied by infiltrators.,The Indian Air Force's simultaneous air campaign was separately codenamed Operation Safed Sagar.,10,45,"{""Wars & Conflicts"",""Kargil War""}",NDA/CDS/SSB,AI-generated for Forge platform
DEF-0016,Wars & Conflicts,Kargil War,Medium,MCQ,"Which peak's recapture, involving Captain Vikram Batra, became one of the most iconic moments of the Kargil War?",Point 5140,Tiger Hill only,Batalik sector generally,Siachen Glacier,A,Captain Vikram Batra's famous radio message 'Yeh Dil Maange More' followed the capture of Point 5140.,Captain Batra was posthumously awarded the Param Vir Chakra for his actions during the war.,15,45,"{""Wars & Conflicts"",""Kargil War""}",NDA/CDS/SSB,AI-generated for Forge platform
DEF-0017,Wars & Conflicts,Kargil War,Medium,MCQ,"Tiger Hill, one of the most strategically important peaks recaptured during Kargil, is located in which sector?",Batalik,Dras,Siachen,Turtuk,B,Tiger Hill overlooks the Srinagar-Leh highway in the Dras sector and was recaptured in early July 1999.,The recapture of Tiger Hill was a major turning point that significantly boosted the morale of Indian forces.,15,45,"{""Wars & Conflicts"",""Kargil War""}",NDA/CDS/SSB,AI-generated for Forge platform
DEF-0018,Wars & Conflicts,Kargil War,Hard,MCQ,Which committee was set up by the Indian government to review the events and lessons of the Kargil War?,Subrahmanyam Committee (part of the same review),Henderson Brooks Committee,Kargil Review Committee,Both A and C refer to the same review effort,D,"The Kargil Review Committee, chaired by K. Subrahmanyam, examined the intelligence and security failures that led to the conflict.","Its recommendations eventually contributed to the creation of the post of Chief of Defence Staff, established two decades later.",20,45,"{""Wars & Conflicts"",""Kargil War""}",NDA/CDS/SSB,AI-generated for Forge platform
DEF-0019,Wars & Conflicts,Siachen Conflict,Easy,MCQ,"Siachen Glacier, the site of a long-running military standoff, lies in which mountain range?",Aravalli,Himalayas (Zanskar),Pir Panjal,Karakoram,D,Siachen lies in the eastern Karakoram range and is often called the world's highest battlefield.,"Soldiers stationed there face temperatures as low as -50°C, with cold and altitude causing more casualties historically than combat.",10,45,"{""Wars & Conflicts"",""Siachen Conflict""}",NDA/CDS/SSB,AI-generated for Forge platform
DEF-0020,Wars & Conflicts,Siachen Conflict,Medium,MCQ,India secured control of the Siachen Glacier through which 1984 operation?,Operation Meghdoot,Operation Rajiv,Operation Vijay,Operation Falcon,A,Operation Meghdoot was launched in April 1984 to preempt a Pakistani move onto the glacier.,It remains one of the few military operations conducted at such extreme altitude and cold anywhere in the world.,15,45,"{""Wars & Conflicts"",""Siachen Conflict""}",NDA/CDS/SSB,AI-generated for Forge platform
DEF-0021,Wars & Conflicts,1971 War,Medium,MCQ,"The Battle of Longewala in the western sector of the 1971 war saw a small Indian post hold off a large Pakistani armoured assault, aided heavily by which service?",The Indian Navy,The Indian Air Force,The Coast Guard,"The BSF alone, without air support",B,IAF Hunter aircraft played a decisive role in destroying Pakistani tanks advancing on the Longewala post.,"The battle inspired the popular Bollywood film Border, though the film dramatizes several details.",15,45,"{""Wars & Conflicts"",""1971 War""}",NDA/CDS/SSB,AI-generated for Forge platform
DEF-0022,Wars & Conflicts,1971 War,Hard,MCQ,Field Marshal Sam Manekshaw served as which position during the 1971 war?,Defence Minister,Chief of Defence Staff,Chief of the Army Staff,Chief of the Air Staff,C,Sam Manekshaw led the Indian Army during the 1971 war and later became independent India's first Field Marshal.,"He famously advised political leaders to delay the war until conditions favoured India, showcasing his strategic caution.",20,45,"{""Wars & Conflicts"",""1971 War""}",NDA/CDS/SSB,AI-generated for Forge platform
DEF-0023,Wars & Conflicts,Wars - General,Medium,MCQ,Which of these Indo-Pak wars is generally considered the shortest in duration?,Kargil War,1965 War,1947-48 War,1971 War,D,"The 1971 war's eastern front concluded in just 13 days, from 3 to 16 December 1971.","Despite its short duration, it remains the most decisive of the India-Pakistan wars in terms of territorial and political outcome.",15,45,"{""Wars & Conflicts"",""Wars - General""}",NDA/CDS/SSB,AI-generated for Forge platform
DEF-0024,Wars & Conflicts,Wars - General,Medium,MCQ,"The Radcliffe Line, drawn during Partition, later became the basis for the international border between India and which country primarily?",Pakistan and Bangladesh,Nepal,China,Myanmar,A,"Sir Cyril Radcliffe drew the boundary lines that separated India from the two wings of Pakistan (West and East, the latter now Bangladesh).",Radcliffe reportedly had only about five weeks to draw the entire boundary before Partition.,15,45,"{""Wars & Conflicts"",""Wars - General""}",NDA/CDS/SSB,AI-generated for Forge platform
DEF-0025,Wars & Conflicts,Wars - General,Hard,MCQ,"The Shimla Agreement, signed after the 1971 war, was signed between which two leaders?",Indira Gandhi and Yahya Khan,Indira Gandhi and Zulfikar Ali Bhutto,Lal Bahadur Shastri and Ayub Khan,Morarji Desai and Zia-ul-Haq,B,The 1972 Shimla Agreement between Indira Gandhi and Zulfikar Ali Bhutto formalised the Line of Control and committed both nations to resolve disputes bilaterally.,"The agreement also led to the return of over 90,000 Pakistani prisoners of war captured during the conflict.",20,45,"{""Wars & Conflicts"",""Wars - General""}",NDA/CDS/SSB,AI-generated for Forge platform
DEF-0026,Wars & Conflicts,1962 War,Hard,MCQ,Which Indian Army formation bore the brunt of the Chinese offensive in the NEFA sector during the 1962 war?,I Corps,XV Corps,IV Corps,II Corps,C,"IV Corps, under Lt Gen B.M. Kaul, was responsible for the NEFA sector where much of the fighting occurred.",The 1962 war led to major reforms in India's higher defence organisation and army structure in the years that followed.,20,45,"{""Wars & Conflicts"",""1962 War""}",NDA/CDS/SSB,AI-generated for Forge platform
DEF-0027,Wars & Conflicts,1965 War,Hard,MCQ,"Which sector saw the Indian Army capture the Haji Pir Pass during the 1965 war, later returned under the Tashkent Agreement?",Rajasthan sector,Chhamb sector,Sialkot sector,Uri-Poonch sector,D,"The Haji Pir Pass, captured to block infiltration routes, was returned to Pakistan as part of the post-war Tashkent settlement.",Its capture and subsequent return remains a point of debate in discussions of the war's strategic outcomes.,20,45,"{""Wars & Conflicts"",""1965 War""}",NDA/CDS/SSB,AI-generated for Forge platform
DEF-0028,Wars & Conflicts,Kargil War,Medium,MCQ,Which type of terrain made the Kargil conflict particularly challenging for Indian troops attacking uphill?,"Steep, rocky mountain slopes at high altitude",Dense tropical jungle,Flat desert terrain,Marshy riverine terrain,A,"Indian troops had to assault well-entrenched enemy positions on steep ridgelines, often climbing near-vertical rock faces under fire.",Many attacks were carried out at night to reduce exposure to enemy observation and fire from the heights.,15,45,"{""Wars & Conflicts"",""Kargil War""}",NDA/CDS/SSB,AI-generated for Forge platform
DEF-0029,Wars & Conflicts,Kargil War,Medium,MCQ,"Grenadier Yogendra Singh Yadav, one of the youngest Param Vir Chakra recipients, earned the honour during which Kargil battle?",Capture of Point 5140,Capture of Tiger Hill,Battle of Rezang La,Battle of Longewala,B,"He scaled a cliff under fire to neutralise enemy bunkers, enabling his company to capture Tiger Hill.","At just 19 years old, he became one of the youngest recipients of India's highest gallantry award.",15,45,"{""Wars & Conflicts"",""Kargil War""}",NDA/CDS/SSB,AI-generated for Forge platform
DEF-0030,Wars & Conflicts,1971 War,Medium,MCQ,The Instrument of Surrender in 1971 was signed at which location?,Islamabad,Karachi,Dhaka's Ramna Race Course,Chittagong,C,The surrender ceremony took place at Ramna Race Course (now Suhrawardy Udyan) in Dhaka on 16 December 1971.,16 December is now celebrated in India as Vijay Diwas to commemorate the victory.,15,45,"{""Wars & Conflicts"",""1971 War""}",NDA/CDS/SSB,AI-generated for Forge platform
DEF-0031,Wars & Conflicts,Wars - General,Easy,MCQ,"'Vijay Diwas', commemorated every year on 16 December, marks India's victory in which war?",1962 War,1965 War,Kargil War,1971 War,D,Vijay Diwas marks the surrender of Pakistani forces and the liberation of Bangladesh in 1971.,A separate 'Kargil Vijay Diwas' is observed on 26 July to mark victory in the 1999 Kargil War.,10,45,"{""Wars & Conflicts"",""Wars - General""}",NDA/CDS/SSB,AI-generated for Forge platform
DEF-0032,Wars & Conflicts,Wars - General,Easy,MCQ,'Kargil Vijay Diwas' is observed on which date?,26 July,16 December,3 December,6 September,A,26 July marks the day Indian forces declared complete victory in the 1999 Kargil War.,This date is now marked with ceremonies at the Kargil War Memorial in Dras.,10,45,"{""Wars & Conflicts"",""Wars - General""}",NDA/CDS/SSB,AI-generated for Forge platform
DEF-0033,Wars & Conflicts,1971 War,Medium,MCQ,Which Indian aircraft carrier played a key role in the naval blockade of East Pakistan during the 1971 war?,INS Viraat,INS Vikrant,INS Vikramaditya,INS Delhi,B,"INS Vikrant's aircraft launched strikes on East Pakistani ports and airfields, helping enforce a naval blockade.","INS Vikrant was India's first aircraft carrier, commissioned in 1961 from a former Royal Navy vessel.",15,45,"{""Wars & Conflicts"",""1971 War""}",NDA/CDS/SSB,AI-generated for Forge platform
DEF-0034,Wars & Conflicts,1965 War,Medium,MCQ,"During the 1965 war, which Pakistani offensive aimed to cut off Jammu from the rest of India by capturing Akhnoor?",Operation Searchlight,Operation Gibraltar,Operation Grand Slam,Operation Fair Play,C,Operation Grand Slam nearly succeeded before a change in Pakistani command and stiff Indian resistance halted the advance.,The failure of this operation is often cited as a key turning point that shifted momentum in India's favour.,15,45,"{""Wars & Conflicts"",""1965 War""}",NDA/CDS/SSB,AI-generated for Forge platform
DEF-0035,Wars & Conflicts,Wars - General,Medium,MCQ,Which international body deployed the UN Military Observer Group (UNMOGIP) to monitor the India-Pakistan ceasefire line?,International Red Cross,Commonwealth of Nations,SAARC,United Nations,D,UNMOGIP was established in 1949 to observe and report on the ceasefire between India and Pakistan in Kashmir.,India maintains that UNMOGIP's role became largely defunct after the Simla Agreement established a fresh bilateral framework.,15,45,"{""Wars & Conflicts"",""Wars - General""}",NDA/CDS/SSB,AI-generated for Forge platform
DEF-0036,Wars & Conflicts,1971 War,Hard,MCQ,"The Eastern Command during the 1971 war, which achieved the surrender at Dhaka, was headed by which General?",Lt Gen Jagjit Singh Aurora,Lt Gen Sagat Singh,Field Marshal Sam Manekshaw,Lt Gen J.F.R. Jacob,A,"Lt Gen Aurora, as GOC-in-C Eastern Command, accepted the surrender from Lt Gen Niazi.","Lt Gen J.F.R. Jacob, as Chief of Staff Eastern Command, played a key role in drafting the surrender terms.",20,45,"{""Wars & Conflicts"",""1971 War""}",NDA/CDS/SSB,AI-generated for Forge platform
DEF-0037,Wars & Conflicts,Kargil War,Hard,MCQ,"Which Indian Air Force aircraft was lost to a shoulder-fired missile early in the Kargil conflict, prompting a change in tactics?",Mirage 2000,MiG-27,Su-30MKI,Jaguar,B,"A MiG-27 was shot down by a man-portable air-defence missile, after which IAF strikes shifted to higher, safer altitudes.",The IAF later used precision-guided munitions from Mirage 2000s to strike heavily fortified enemy positions at Tiger Hill.,20,45,"{""Wars & Conflicts"",""Kargil War""}",NDA/CDS/SSB,AI-generated for Forge platform
DEF-0038,Wars & Conflicts,Wars - General,Medium,MCQ,"Which war is credited with exposing weaknesses that eventually led to the creation of the post of Chief of Defence Staff in India, decades later?",1971 War,1965 War,Kargil War,1947-48 War,C,"The Kargil Review Committee's recommendations, along with later Group of Ministers reports, laid the groundwork for the CDS post created in 2019.",General Bipin Rawat became independent India's first Chief of Defence Staff in December 2019.,15,45,"{""Wars & Conflicts"",""Wars - General""}",NDA/CDS/SSB,AI-generated for Forge platform
DEF-0039,Wars & Conflicts,1971 War,Medium,MCQ,Which Indian Air Force operation targeted Pakistani air bases at the start of the 1971 war on the western front?,Operation Trident,Operation Safed Sagar,Operation Meghdoot,"Operation Cactus Lily was a related codename, but the main campaign is generally referenced without a single unified codename",D,"The IAF's western sector campaign in 1971 involved coordinated strikes on Pakistani airfields, though it isn't tied to a single widely-used umbrella codename in the way Kargil's air effort was.","The 1971 war marked significant achievements for the IAF, including strikes that severely degraded the Pakistan Air Force's operational capacity.",15,45,"{""Wars & Conflicts"",""1971 War""}",NDA/CDS/SSB,AI-generated for Forge platform
DEF-0040,Wars & Conflicts,1962 War,Medium,MCQ,"Which town in NEFA saw fierce fighting and eventual withdrawal by Indian troops, becoming symbolic of the 1962 war's hardships?",Walong,Leh,Kargil,Poonch,A,The Battle of Walong saw Indian troops putting up prolonged resistance against a numerically superior Chinese force.,"Walong is located in present-day Arunachal Pradesh, close to the disputed border with China.",15,45,"{""Wars & Conflicts"",""1962 War""}",NDA/CDS/SSB,AI-generated for Forge platform
DEF-0041,Wars & Conflicts,Wars - General,Easy,MCQ,Which of these is NOT one of the major wars fought between India and Pakistan?,The 1947-48 War,The Kashmir War of 1954,The 1965 War,The 1971 War,B,"There was no major India-Pakistan war in 1954; the recognised conflicts are 1947-48, 1965, 1971, and the 1999 Kargil War.","Some border skirmishes and standoffs, like Siachen, are considered separate from these four major wars.",10,45,"{""Wars & Conflicts"",""Wars - General""}",NDA/CDS/SSB,AI-generated for Forge platform
DEF-0042,Wars & Conflicts,1971 War,Hard,MCQ,Which naval action in December 1971 involved the sinking of the Pakistani submarine PNS Ghazi near Visakhapatnam?,Operation Python,Operation Trident,Operation on Vishakhapatnam harbour defences,Operation Cactus,C,"PNS Ghazi sank under circumstances still debated, either due to an internal explosion or Indian naval action, while attempting to target INS Vikrant.",The wreck of PNS Ghazi lies off the coast of Visakhapatnam and has since become a subject of naval historical study.,20,45,"{""Wars & Conflicts"",""1971 War""}",NDA/CDS/SSB,AI-generated for Forge platform
DEF-0043,Wars & Conflicts,Kargil War,Medium,MCQ,The Kargil War prompted India to establish which body to oversee long-term defence reforms?,Armed Forces Tribunal,"National Security Council alone, pre-existing",Ministry of Defence Production,Group of Ministers on National Security,D,"The Group of Ministers report following the Kargil Review Committee led to sweeping reforms in intelligence, border management, and defence structures.",This period also saw the strengthening of the National Security Council and creation of new intelligence coordination mechanisms.,15,45,"{""Wars & Conflicts"",""Kargil War""}",NDA/CDS/SSB,AI-generated for Forge platform
DEF-0044,Wars & Conflicts,1965 War,Medium,MCQ,Which international mediator hosted the talks that produced the Tashkent Declaration ending the 1965 war?,Soviet Union,United States,United Kingdom,France,A,Soviet Premier Alexei Kosygin hosted and mediated the talks in Tashkent between India and Pakistan.,The Tashkent talks were one of the Cold War era's notable instances of Soviet diplomatic mediation in South Asia.,15,45,"{""Wars & Conflicts"",""1965 War""}",NDA/CDS/SSB,AI-generated for Forge platform
DEF-0045,Wars & Conflicts,Wars - General,Medium,MCQ,"The Rann of Kutch skirmish of 1965, a precursor to the larger war that year, was fought over which type of terrain?",Mountain passes,Marshy salt flats,Dense forest,Riverine islands,B,The Rann of Kutch is a large area of salt marshes along the India-Pakistan border in Gujarat.,Tensions from this skirmish contributed to the broader escalation that led to the full-scale 1965 war.,15,45,"{""Wars & Conflicts"",""Wars - General""}",NDA/CDS/SSB,AI-generated for Forge platform
DEF-0046,Wars & Conflicts,1971 War,Medium,MCQ,Which Mukti Bahini force fought alongside Indian troops during the Bangladesh Liberation War?,A Sri Lankan volunteer brigade,A regular Pakistani Army unit,East Pakistani/Bengali resistance fighters,A Nepalese Gurkha regiment,C,"The Mukti Bahini were Bengali guerrilla and regular forces resisting Pakistani rule, closely coordinating with the Indian Army during the war.",Their local knowledge and support were instrumental in the rapid Indian advance across East Pakistan.,15,45,"{""Wars & Conflicts"",""1971 War""}",NDA/CDS/SSB,AI-generated for Forge platform
DEF-0047,Wars & Conflicts,Kargil War,Medium,MCQ,Approximately how many Indian soldiers lost their lives during the Kargil War?,"Around 50,000",Around 50,"Around 5,000",Around 500,D,Official figures place Indian fatalities during the Kargil War at approximately 527 soldiers.,The Kargil War Memorial in Dras lists the names of the fallen and is a major site of remembrance.,15,45,"{""Wars & Conflicts"",""Kargil War""}",NDA/CDS/SSB,AI-generated for Forge platform
DEF-0048,Wars & Conflicts,1971 War,Hard,MCQ,"Which key Pakistani position fell early in the eastern campaign, opening the route toward Dhaka for advancing Indian forces?",Jessore,Chittagong,Sylhet,Comilla,A,The fall of Jessore in early December 1971 was a major breakthrough that accelerated the Indian advance toward Dhaka.,The Indian strategy of bypassing heavily defended towns and pushing rapidly toward Dhaka is studied as a model of manoeuvre warfare.,20,45,"{""Wars & Conflicts"",""1971 War""}",NDA/CDS/SSB,AI-generated for Forge platform
DEF-0049,Operations & Missions,Operation Meghdoot,Easy,MCQ,Operation Meghdoot (1984) was launched to secure which strategic location?,Kargil heights,Siachen Glacier,Karachi harbour,Dhaka,B,India launched Operation Meghdoot to occupy key passes on the Siachen Glacier ahead of a suspected Pakistani move.,"'Meghdoot' means 'cloud messenger', named after a classical Sanskrit poem by Kalidasa.",10,45,"{""Operations & Missions"",""Operation Meghdoot""}",NDA/CDS/SSB,AI-generated for Forge platform
DEF-0050,Operations & Missions,Operation Cactus,Easy,MCQ,Operation Cactus (1988) saw Indian forces intervene in which country to foil a coup?,Seychelles,Sri Lanka,Maldives,Mauritius,C,Indian paratroopers were airlifted overnight to the Maldives to restore President Gayoom's government during an attempted coup.,The operation is widely cited as a textbook example of rapid power projection by the Indian military.,10,45,"{""Operations & Missions"",""Operation Cactus""}",NDA/CDS/SSB,AI-generated for Forge platform
DEF-0051,Operations & Missions,Operation Pawan,Medium,MCQ,Operation Pawan (1987-90) involved the Indian Peace Keeping Force (IPKF) in which country?,Myanmar,Bangladesh,Maldives,Sri Lanka,D,The IPKF was deployed to Sri Lanka to enforce the Indo-Sri Lanka Accord and disarm militant groups.,"The operation proved far more costly and complex than initially anticipated, lasting nearly three years.",15,45,"{""Operations & Missions"",""Operation Pawan""}",NDA/CDS/SSB,AI-generated for Forge platform
DEF-0052,Operations & Missions,Operation Blue Star,Medium,MCQ,Operation Blue Star (1984) was conducted at which religious site?,"The Golden Temple, Amritsar",Somnath Temple,"Jama Masjid, Delhi",Akshardham Temple,A,The Indian Army conducted the operation to remove armed militants who had entrenched themselves inside the Golden Temple complex.,The operation remains one of the most controversial military actions in independent India's history.,15,45,"{""Operations & Missions"",""Operation Blue Star""}",NDA/CDS/SSB,AI-generated for Forge platform
DEF-0053,Operations & Missions,Operation Parakram,Medium,MCQ,Operation Parakram (2001-02) was a large-scale military mobilisation following which event?,The Kargil War,The attack on the Indian Parliament,The Mumbai 26/11 attacks,The IC-814 hijacking,B,"Following the December 2001 Parliament attack, India mobilised nearly a million troops along the border with Pakistan.","Despite the massive mobilisation, the standoff ended without full-scale war, though it prompted major doctrine reviews.",15,45,"{""Operations & Missions"",""Operation Parakram""}",NDA/CDS/SSB,AI-generated for Forge platform
DEF-0054,Operations & Missions,Operation Sukoon,Medium,MCQ,Operation Sukoon (2006) was a mission to evacuate Indian citizens from which country?,Yemen,Libya,Lebanon,Sudan,C,The Indian Navy evacuated thousands of Indian and other foreign nationals from Lebanon during the Israel-Hezbollah conflict.,"The operation also assisted nationals of several other countries, showcasing the Navy's humanitarian evacuation capability.",15,45,"{""Operations & Missions"",""Operation Sukoon""}",NDA/CDS/SSB,AI-generated for Forge platform
DEF-0055,Operations & Missions,Operation Vijay (1961),Medium,MCQ,Which 1961 'Operation Vijay' refers to India's annexation of a Portuguese colonial enclave?,Liberation of Junagadh,Liberation of Kashmir,Liberation of Hyderabad,Liberation of Goa,D,"This earlier Operation Vijay led to the annexation of Goa, Daman, and Diu from Portuguese control in December 1961.","This is distinct from the later 'Operation Vijay' of the 1999 Kargil War, which shares the same name.",15,45,"{""Operations & Missions"",""Operation Vijay (1961)""}",NDA/CDS/SSB,AI-generated for Forge platform
DEF-0056,Operations & Missions,Operation Trident,Medium,MCQ,"Operation Trident, a decisive 1971 naval strike, targeted which port city?",Karachi,Chittagong,Gwadar,Ormara,A,"Missile boats of the Indian Navy struck Karachi harbour, sinking several Pakistani naval vessels and fuel installations.","4 December, the date of the operation, is now commemorated annually as Indian Navy Day.",15,45,"{""Operations & Missions"",""Operation Trident""}",NDA/CDS/SSB,AI-generated for Forge platform
DEF-0057,Operations & Missions,Operation Rahat,Medium,MCQ,Operation Rahat (2015) was a large-scale evacuation mission conducted in which country?,Libya,Yemen,Lebanon,Sudan,B,The Indian armed forces evacuated thousands of Indian and foreign nationals from Yemen amid escalating conflict.,"The operation involved coordination between the Air Force, Navy, and Air India for the evacuation.",15,45,"{""Operations & Missions"",""Operation Rahat""}",NDA/CDS/SSB,AI-generated for Forge platform
DEF-0058,Operations & Missions,Operation Maitri,Medium,MCQ,Operation Maitri (2015) was a humanitarian relief mission conducted in which neighbouring country after an earthquake?,Myanmar,Bhutan,Nepal,Bangladesh,C,The Indian armed forces provided rapid disaster relief following the devastating 2015 Nepal earthquake.,"'Maitri' means 'friendship' in Sanskrit and Nepali, reflecting the humanitarian nature of the mission.",15,45,"{""Operations & Missions"",""Operation Maitri""}",NDA/CDS/SSB,AI-generated for Forge platform
DEF-0059,Operations & Missions,Operation Safed Sagar,Medium,MCQ,Operation Safed Sagar refers to the Indian Air Force's campaign during which conflict?,Siachen conflict,1971 War,1965 War,Kargil War,D,This was the codename for the IAF's air operations supporting the ground offensive during the 1999 Kargil War.,It was the first time since 1971 that the IAF was used in an active combat role against Pakistan.,15,45,"{""Operations & Missions"",""Operation Safed Sagar""}",NDA/CDS/SSB,AI-generated for Forge platform
DEF-0060,Operations & Missions,Operation Polo,Hard,MCQ,Operation Polo (1948) refers to India's military action to integrate which princely state?,Hyderabad,Junagadh,Kashmir,Goa,A,Operation Polo was a five-day military action that led to the accession of the princely state of Hyderabad to India.,The operation is also referred to in some historical accounts as the 'Police Action' in Hyderabad.,20,45,"{""Operations & Missions"",""Operation Polo""}",NDA/CDS/SSB,AI-generated for Forge platform
DEF-0061,Operations & Missions,Operation Vijay (Junagadh),Hard,MCQ,India's action to integrate the princely state of Junagadh in 1947 is sometimes referred to by which name?,Operation Polo,"Operation Vijay was later used for Goa, not Junagadh; a plebiscite ultimately settled Junagadh's accession",Operation Meghdoot,Operation Trident,B,Junagadh's accession to India followed a February 1948 plebiscite after the Nawab initially acceded to Pakistan; it is generally not tied to a specific well-known military codename.,"Junagadh's ruler fled to Pakistan, and the state's administration was taken over by India before the plebiscite confirmed accession.",20,45,"{""Operations & Missions"",""Operation Vijay (Junagadh)""}",NDA/CDS/SSB,AI-generated for Forge platform
DEF-0062,Operations & Missions,Operation Cactus Lily,Hard,MCQ,'Cactus Lily' is a codename sometimes associated with Indian military operations in which theatre of the 1971 war?,Siachen,Eastern sector,Western sector,Rann of Kutch,C,Cactus Lily is used in some historical accounts referring to operations on the western front during the 1971 war.,"Details of lesser-known codenames from 1971 vary across sources, reflecting the complexity of documenting large multi-front campaigns.",20,45,"{""Operations & Missions"",""Operation Cactus Lily""}",NDA/CDS/SSB,AI-generated for Forge platform
DEF-0063,Operations & Missions,Operation Rakshak,Medium,MCQ,Operation Rakshak refers to ongoing Indian Army operations focused on which task?,Peacekeeping abroad,Coastal surveillance,Disaster relief,Counter-insurgency in Jammu and Kashmir and the North-East,D,Operation Rakshak is a long-running counter-insurgency and counter-terrorism operation conducted by the Army in insurgency-affected regions.,"Unlike named wartime operations, Rakshak reflects a continuous internal security mission rather than a single campaign.",15,45,"{""Operations & Missions"",""Operation Rakshak""}",NDA/CDS/SSB,AI-generated for Forge platform
DEF-0064,Operations & Missions,Operation Samudra Setu,Medium,MCQ,Operation Samudra Setu (2020) was launched by the Indian Navy for what purpose?,Repatriating Indian citizens stranded abroad during the COVID-19 pandemic,Anti-piracy patrols,Disaster relief after a cyclone,A joint naval exercise,A,Indian Navy ships were used to bring back thousands of Indian nationals stranded overseas during the pandemic.,This marked one of the largest peacetime deployments of Indian naval assets for a civilian evacuation mission.,15,45,"{""Operations & Missions"",""Operation Samudra Setu""}",NDA/CDS/SSB,AI-generated for Forge platform
DEF-0065,Operations & Missions,Operation Ganga,Medium,MCQ,Operation Ganga (2022) was launched to evacuate Indian citizens from which conflict zone?,Afghanistan,Ukraine,Yemen,Sudan,B,Operation Ganga evacuated thousands of Indian students and citizens from Ukraine following the outbreak of the Russia-Ukraine conflict.,The operation involved coordination across multiple government ministries and used both civilian and military aircraft.,15,45,"{""Operations & Missions"",""Operation Ganga""}",NDA/CDS/SSB,AI-generated for Forge platform
DEF-0066,Operations & Missions,Operation Devi Shakti,Medium,MCQ,Operation Devi Shakti (2021) involved the evacuation of Indian nationals from which country?,Sudan,Yemen,Afghanistan,Libya,C,This operation evacuated Indian citizens and some Afghan partners following the Taliban's takeover of Kabul in 2021.,"The name 'Devi Shakti' reflects the symbolic timing near the Navratri festival, which celebrates feminine strength.",15,45,"{""Operations & Missions"",""Operation Devi Shakti""}",NDA/CDS/SSB,AI-generated for Forge platform
DEF-0067,Operations & Missions,Operation Kaveri,Medium,MCQ,Operation Kaveri (2023) evacuated Indian citizens from which African nation experiencing conflict?,Somalia,Libya,Ethiopia,Sudan,D,India evacuated thousands of citizens from Sudan amid the outbreak of fighting between rival military factions in 2023.,The operation used both naval vessels and military transport aircraft to complete the evacuation.,15,45,"{""Operations & Missions"",""Operation Kaveri""}",NDA/CDS/SSB,AI-generated for Forge platform
DEF-0068,Operations & Missions,Operation Ajay,Medium,MCQ,Operation Ajay (2023) was launched to evacuate Indian nationals from which conflict-affected region?,Israel,Sudan,Ukraine,Afghanistan,A,Operation Ajay evacuated Indian citizens from Israel following the escalation of conflict in the region in October 2023.,Special charter flights were arranged as part of the operation to bring citizens home safely.,15,45,"{""Operations & Missions"",""Operation Ajay""}",NDA/CDS/SSB,AI-generated for Forge platform
DEF-0069,Operations & Missions,Operation Falcon,Hard,MCQ,Operation Falcon (1986-87) was an Indian Army build-up in response to tensions along which border?,The Pakistan border in Punjab,The Sino-Indian border near Sumdorong Chu,The Bangladesh border,The Nepal border,B,Operation Falcon involved a rapid Indian military build-up in Arunachal Pradesh following a standoff at Sumdorong Chu with China.,"The crisis eventually eased through diplomatic engagement, without escalating into open conflict.",20,45,"{""Operations & Missions"",""Operation Falcon""}",NDA/CDS/SSB,AI-generated for Forge platform
DEF-0070,Operations & Missions,Operation Leech,Hard,MCQ,Operation Leech (1998) was a covert Indian Navy operation targeting what activity in the Andaman Sea?,Illegal fishing fleets,Drug trafficking by cartels,Gun-running and piracy by armed groups,Smuggling of antiquities,C,The operation targeted a group involved in arms smuggling intercepted near the Andaman and Nicobar Islands.,Details of the operation remained classified for years before being partially declassified in later accounts.,20,45,"{""Operations & Missions"",""Operation Leech""}",NDA/CDS/SSB,AI-generated for Forge platform
DEF-0071,Operations & Missions,Operation Cactus,Hard,MCQ,Approximately how quickly were Indian paratroopers deployed to the Maldives after the government's request during Operation Cactus?,"Within 48 hours precisely, per most accounts",Within a week,Within a month,Within about 24 hours,D,"Indian forces were mobilised and airlifted with remarkable speed, landing in the Maldives within roughly a day of the request.",The rapid response is often cited in military studies as a model for expeditionary rapid-reaction capability.,20,45,"{""Operations & Missions"",""Operation Cactus""}",NDA/CDS/SSB,AI-generated for Forge platform
DEF-0072,Operations & Missions,Operation Meghdoot,Medium,MCQ,"Since Operation Meghdoot, India has maintained a continuous military presence on the Siachen Glacier for how long, roughly?",Over four decades,About one decade,About two years,About two decades,A,"India has continuously held positions on the glacier since 1984, making it one of the longest continuous high-altitude deployments in military history.",Logistics to sustain troops there require some of the most advanced high-altitude warfare equipment in the world.,15,45,"{""Operations & Missions"",""Operation Meghdoot""}",NDA/CDS/SSB,AI-generated for Forge platform
DEF-0073,Operations & Missions,Operation Python,Medium,MCQ,Operation Python (1971) was a follow-up naval strike targeting which facility near Karachi?,Naval dockyard in Chittagong,Oil storage tanks at Karachi,Airbase in Sargodha,Radar installation in Lahore,B,"Days after Operation Trident, Indian missile boats struck Karachi's oil storage facilities, causing massive fires.",The twin strikes severely disrupted Pakistan's naval logistics and fuel supplies during the war.,15,45,"{""Operations & Missions"",""Operation Python""}",NDA/CDS/SSB,AI-generated for Forge platform
DEF-0074,Operations & Missions,Operation Blue Star,Hard,MCQ,Which Indian Army General commanded the overall operation during Operation Blue Star?,Gen Bipin Rawat,Field Marshal Sam Manekshaw,Lt Gen Kuldip Singh Brar,Lt Gen Sagat Singh,C,Lt Gen Kuldip Singh Brar led the operation to clear militants from the Golden Temple complex.,The operation triggered significant political and social repercussions that continued to affect India for years afterward.,20,45,"{""Operations & Missions"",""Operation Blue Star""}",NDA/CDS/SSB,AI-generated for Forge platform
DEF-0075,Operations & Missions,Operation Pawan,Hard,MCQ,"The Indo-Sri Lanka Accord, which Operation Pawan was meant to enforce, was signed in which year?",1971,1984,1990,1987,D,The accord was signed by Indian PM Rajiv Gandhi and Sri Lankan President J.R. Jayewardene in July 1987.,"The IPKF's mission grew increasingly complex as it found itself in direct conflict with the LTTE, a group it was meant to help disarm.",20,45,"{""Operations & Missions"",""Operation Pawan""}",NDA/CDS/SSB,AI-generated for Forge platform
DEF-0076,Operations & Missions,Operation Vijay (Kargil),Medium,MCQ,Roughly how many peaks and posts did Indian forces have to recapture during Operation Vijay in Kargil?,Over 100 posts across several sectors,Exactly 5 major peaks,A single ridge line,Fewer than 10 posts,A,"Indian forces fought to reclaim numerous posts across the Dras, Kargil, Batalik, and Mushkoh sectors.","The operation required extensive high-altitude mountaineering skills combined with combat, a rare operational challenge.",15,45,"{""Operations & Missions"",""Operation Vijay (Kargil)""}",NDA/CDS/SSB,AI-generated for Forge platform
DEF-0077,Operations & Missions,Operation Rakshak,Hard,MCQ,Operation Rakshak is primarily associated with which two Indian Army commands due to their counter-insurgency responsibilities?,Southern Command and Central Command,Northern Command and forces in the North-East,Eastern Naval Command and Western Naval Command,South Western Air Command and Central Air Command,B,"Forces under Northern Command handle counter-insurgency in Jammu and Kashmir, while separate formations handle North-East insurgency operations, both often grouped under the Rakshak framework.",The operation reflects the Army's long-standing internal security role alongside its conventional defence responsibilities.,20,45,"{""Operations & Missions"",""Operation Rakshak""}",NDA/CDS/SSB,AI-generated for Forge platform
DEF-0078,Operations & Missions,Operation Talwar,Hard,MCQ,'Operation Talwar' is a name sometimes used in accounts of Indian naval or army operations during which conflict?,1971 War,1965 War,Kargil War (naval blockade component),Siachen conflict,C,"During the Kargil War, the Indian Navy conducted a forward deployment and blockade posture referred to in some accounts as Operation Talwar.",This naval posture aimed to deter any wider escalation by Pakistan during the Kargil conflict.,20,45,"{""Operations & Missions"",""Operation Talwar""}",NDA/CDS/SSB,AI-generated for Forge platform
DEF-0079,Operations & Missions,Operation Gulmarg,Hard,MCQ,Operation Gulmarg refers to which side's plan during the 1947-48 Kashmir conflict?,Pakistan's plan for the Rann of Kutch,India's airlift to Srinagar,The UN's ceasefire monitoring plan,Pakistan's plan to send tribal raiders into Kashmir,D,Operation Gulmarg was reportedly the Pakistani plan to send armed tribal lashkars into Kashmir to force its accession.,This operation is what triggered the Maharaja of Kashmir's request for Indian military assistance and his subsequent accession to India.,20,45,"{""Operations & Missions"",""Operation Gulmarg""}",NDA/CDS/SSB,AI-generated for Forge platform
DEF-0080,Operations & Missions,Operation Cactus,Medium,MCQ,Which branch of the Indian armed forces played the lead role in the initial airlift during Operation Cactus?,Indian Air Force paratroopers (Army units airlifted by the IAF),Indian Navy marine commandos alone,Indian Coast Guard,Border Security Force,A,"Army paratroopers were flown in by IAF transport aircraft, landing directly at Malé's airport to secure the situation.",Naval vessels were also dispatched afterward to help intercept the fleeing coup plotters by sea.,15,45,"{""Operations & Missions"",""Operation Cactus""}",NDA/CDS/SSB,AI-generated for Forge platform
DEF-0081,Operations & Missions,Operation Vijay (Kargil),Easy,MCQ,"Approximately how many days did the Kargil conflict, covered under Operation Vijay, last?",About 2 weeks,About 2 months,About 6 months,About 1 year,B,"The conflict lasted from early May to late July 1999, roughly two to three months of intense fighting.","Despite its relatively short duration, it involved some of the most difficult high-altitude combat conditions in modern warfare.",10,45,"{""Operations & Missions"",""Operation Vijay (Kargil)""}",NDA/CDS/SSB,AI-generated for Forge platform
DEF-0082,Operations & Missions,Operation Sukoon,Hard,MCQ,"Roughly how many people, including foreign nationals, were evacuated during Operation Sukoon from Lebanon?",Around fifty,A few hundred,Several thousand,Over a hundred thousand,C,Indian naval ships evacuated several thousand Indian nationals along with citizens of other countries such as Sri Lanka and Nepal.,The operation highlighted India's growing capability in maritime humanitarian assistance and disaster relief.,20,45,"{""Operations & Missions"",""Operation Sukoon""}",NDA/CDS/SSB,AI-generated for Forge platform
DEF-0083,Operations & Missions,Operation Devi Shakti,Hard,MCQ,Which Indian Air Force aircraft was prominently used for evacuation flights during Operation Devi Shakti?,An-32,MiG-29,Su-30MKI,C-17 Globemaster III,D,The C-17's large cargo capacity made it well suited for evacuating large numbers of people quickly from Kabul.,Images of the crowded evacuation flights drew global attention during the operation.,20,45,"{""Operations & Missions"",""Operation Devi Shakti""}",NDA/CDS/SSB,AI-generated for Forge platform
DEF-0084,Operations & Missions,Operation Rahat,Hard,MCQ,Which two Indian Navy ships were prominently used for the sea evacuation route during Operation Rahat in Yemen?,"INS Sumitra and INS Mumbai, among others",INS Vikramaditya alone,INS Vikrant alone,INS Chakra alone,A,"Multiple Indian Navy ships, including frigates and patrol vessels, ferried evacuees from Yemeni ports to safety.",The evacuation combined sea and air routes to manage the large number of people needing rescue.,20,45,"{""Operations & Missions"",""Operation Rahat""}",NDA/CDS/SSB,AI-generated for Forge platform
DEF-0085,Operations & Missions,Operation Kaveri,Hard,MCQ,Which Indian Air Force aircraft type was used to airlift evacuees out of Sudan during Operation Kaveri?,Rafale,C-130J Super Hercules,Tejas,Su-30MKI,B,The C-130J's ability to operate from shorter and less-developed airstrips made it suitable for the evacuation from conflict-hit Sudan.,The operation also used Indian Navy ships for evacuees moving via the port of Port Sudan.,20,45,"{""Operations & Missions"",""Operation Kaveri""}",NDA/CDS/SSB,AI-generated for Forge platform
DEF-0086,Operations & Missions,Operation Ganga,Hard,MCQ,"How many phases or 'flights waves' is Operation Ganga generally described as having involved, broadly speaking?",Exactly two flights,A single flight,Multiple coordinated waves of flights over several weeks,Ten fixed daily flights only,C,The operation ran over several weeks with multiple coordinated flights as the situation in Ukraine evolved.,Union ministers were also deployed to neighbouring countries to help coordinate the evacuation logistics on the ground.,20,45,"{""Operations & Missions"",""Operation Ganga""}",NDA/CDS/SSB,AI-generated for Forge platform
DEF-0087,Operations & Missions,Operation Meghdoot,Hard,MCQ,"Which Pakistani operation, aimed at pre-empting India's move, was reportedly planned around the same time as Operation Meghdoot?",Operation Gibraltar,No credible Pakistani counter-operation reached the glacier first,Operation Grand Slam,Operation Ababeel,B,India's swift action under Operation Meghdoot meant Indian troops occupied key Siachen passes before any Pakistani force could reach them.,This first-mover advantage is why India has maintained continuous control over most of the glacier since 1984.,20,45,"{""Operations & Missions"",""Operation Meghdoot""}",NDA/CDS/SSB,AI-generated for Forge platform
DEF-0088,Operations & Missions,Operation Trident,Hard,MCQ,What made Operation Trident notable in naval history in terms of weaponry used?,It was one of the first successful uses of anti-ship missiles in naval combat,It was the first submarine-only naval battle,It used only conventional gunfire,It was fought entirely by aircraft carriers,A,"Soviet-supplied Styx anti-ship missiles fired from Indian missile boats proved highly effective, marking a new era in naval warfare.",The success of the operation is widely studied in naval academies as an early demonstration of missile boat tactics.,20,45,"{""Operations & Missions"",""Operation Trident""}",NDA/CDS/SSB,AI-generated for Forge platform
DEF-0089,Operations & Missions,Operation Vijay (Goa),Medium,MCQ,"Operation Vijay (1961), the liberation of Goa, ended over four centuries of colonial rule by which European power?",France,Portugal,Britain,The Netherlands,B,"Portuguese colonial rule in Goa, Daman, and Diu ended after a brief military operation by Indian forces in December 1961.","France had earlier ceded its Indian territories, such as Puducherry, peacefully through negotiation rather than military action.",15,45,"{""Operations & Missions"",""Operation Vijay (Goa)""}",NDA/CDS/SSB,AI-generated for Forge platform
DEF-0090,Operations & Missions,Operation Polo,Medium,MCQ,"Operation Polo (1948) is also referred to in some historical accounts by which name, reflecting its official framing at the time?",Operation Cactus,Operation Trident,Police Action,Operation Vijay,C,The Indian government at the time officially described the action as a 'Police Action' rather than a war.,The operation lasted about five days before the Nizam of Hyderabad's forces surrendered.,15,45,"{""Operations & Missions"",""Operation Polo""}",NDA/CDS/SSB,AI-generated for Forge platform
DEF-0091,Operations & Missions,Operation Rahat,Medium,MCQ,Operation Rahat (2015) primarily evacuated Indian citizens working in which sector in Yemen?,Only students,Only diplomatic staff,Only military personnel,"Various sectors, including many labourers and professionals",D,The evacuees included a wide range of Indian workers and professionals caught up in the escalating conflict in Yemen.,The scale of the operation led it to be described as one of the largest civilian evacuations conducted by any country in recent years.,15,45,"{""Operations & Missions"",""Operation Rahat""}",NDA/CDS/SSB,AI-generated for Forge platform
DEF-0092,Indian Army,Ranks,Easy,MCQ,"What is the highest rank in the Indian Army, conferred only in exceptional circumstances?",Field Marshal,General,Lieutenant General,Major General,A,"Field Marshal is a five-star rank, awarded only twice in Indian history, to Sam Manekshaw and K.M. Cariappa.",Field Marshals technically never retire and continue to draw a salary for life.,10,45,"{""Indian Army"",""Ranks""}",NDA/CDS/AFCAT/SSB,AI-generated for Forge platform
DEF-0093,Indian Army,Ranks,Easy,MCQ,Which rank is immediately senior to a Major in the Indian Army?,Colonel,Lieutenant Colonel,Captain,Brigadier,B,"The order of seniority runs Major, Lieutenant Colonel, Colonel, Brigadier.","A Lieutenant Colonel typically commands a battalion, one of the Army's core fighting units.",10,45,"{""Indian Army"",""Ranks""}",NDA/CDS/AFCAT/SSB,AI-generated for Forge platform
DEF-0094,Indian Army,Ranks,Medium,MCQ,"Which rank commands an Indian Army brigade, typically comprising three battalions?",Colonel,Major General,Brigadier,Lieutenant General,C,"A Brigadier commands a brigade, an intermediate formation between a battalion and a division.","Unlike other armies, India retained Brigadier as a distinct rank rather than a temporary title.",15,45,"{""Indian Army"",""Ranks""}",NDA/CDS/AFCAT/SSB,AI-generated for Forge platform
DEF-0095,Indian Army,Ranks,Medium,MCQ,A Major General in the Indian Army typically commands which formation?,A battalion,A brigade,A corps,A division,D,"Major Generals typically head divisions, which comprise multiple brigades.",A division is one of the largest self-contained fighting formations in the Army's structure.,15,45,"{""Indian Army"",""Ranks""}",NDA/CDS/AFCAT/SSB,AI-generated for Forge platform
DEF-0096,Indian Army,Ranks,Medium,MCQ,A Lieutenant General typically commands which formation in the Indian Army?,A corps,A battalion,A brigade,A platoon,A,"Lieutenant Generals command corps, formations that oversee multiple divisions across a region.","The Army is organised into several corps, each responsible for a specific operational area.",15,45,"{""Indian Army"",""Ranks""}",NDA/CDS/AFCAT/SSB,AI-generated for Forge platform
DEF-0097,Indian Army,Ranks,Medium,MCQ,Who holds the rank of General and heads the Indian Army as its professional chief?,Chief of Defence Staff,Chief of the Army Staff,Defence Secretary,Vice Chief of the Army Staff,B,The Chief of the Army Staff (COAS) is the senior-most serving Army officer and heads the force.,"The COAS reports to the Ministry of Defence and, since 2019, also coordinates with the Chief of Defence Staff on tri-service matters.",15,45,"{""Indian Army"",""Ranks""}",NDA/CDS/AFCAT/SSB,AI-generated for Forge platform
DEF-0098,Indian Army,Ranks,Hard,MCQ,Which of these is the most junior commissioned officer rank in the Indian Army?,Captain,Second Lieutenant,Lieutenant,Major,B,Second Lieutenant is the entry-level commissioned rank before promotion to Lieutenant.,Officers typically spend a relatively short probationary period at this rank before promotion.,20,45,"{""Indian Army"",""Ranks""}",NDA/CDS/AFCAT/SSB,AI-generated for Forge platform
DEF-0099,Indian Army,Ranks (JCO),Medium,MCQ,Junior Commissioned Officers (JCOs) form a rank category unique to which armed force structure?,Only the Coast Guard,Only the Indian Air Force,Only the Indian Navy,The Indian Army (and equivalent ranks in other services),D,"JCOs like Subedar and Subedar Major bridge the gap between other ranks and commissioned officers, a structure distinctive to the Indian and a few other armies.",JCOs often have decades of experience and play a crucial leadership role at the platoon level.,15,45,"{""Indian Army"",""Ranks (JCO)""}",NDA/CDS/AFCAT/SSB,AI-generated for Forge platform
DEF-0100,Indian Army,Ranks (JCO),Medium,MCQ,What is the senior-most Junior Commissioned Officer rank in the Indian Army infantry?,Subedar Major,Subedar,Naib Subedar,Havildar,A,"Subedar Major is the highest JCO rank, often serving as a critical link between troops and commissioned officers.",Many Subedar Majors are commissioned as Honorary Captains or Lieutenants later in their careers.,15,45,"{""Indian Army"",""Ranks (JCO)""}",NDA/CDS/AFCAT/SSB,AI-generated for Forge platform
DEF-0101,Indian Army,Structure,Easy,MCQ,How many operational commands does the Indian Army currently have?,Five,Seven,Four,Nine,B,"The Indian Army has seven operational commands, each headed by a Lieutenant General, plus the Army Training Command.","This is different from the Air Force and Navy, which have fewer commands overall.",10,45,"{""Indian Army"",""Structure""}",NDA/CDS/AFCAT/SSB,AI-generated for Forge platform
DEF-0102,Indian Army,Structure,Medium,MCQ,"Which Indian Army command has its headquarters in Udhampur, Jammu and Kashmir?",Eastern Command,Western Command,Northern Command,Central Command,C,"Northern Command oversees operations in Jammu and Kashmir and Ladakh, including the Siachen Glacier.",It is considered one of the most operationally active commands due to ongoing border tensions.,15,45,"{""Indian Army"",""Structure""}",NDA/CDS/AFCAT/SSB,AI-generated for Forge platform
DEF-0103,Indian Army,Structure,Medium,MCQ,Which Indian Army command is headquartered at Chandimandir?,South Western Command,Southern Command,Eastern Command,Western Command,D,Western Command oversees a large stretch of the Punjab and Rajasthan border regions.,Chandimandir cantonment lies near Chandigarh and Panchkula.,15,45,"{""Indian Army"",""Structure""}",NDA/CDS/AFCAT/SSB,AI-generated for Forge platform
DEF-0104,Indian Army,Structure,Medium,MCQ,"Which Indian Army command, headquartered in Pune, oversees a large southern swath of the country?",Southern Command,Central Command,Northern Command,Eastern Command,A,"Southern Command is the oldest command in the Indian Army, tracing its origins to the pre-independence era.",It also plays a key logistical role due to its proximity to major ports and training establishments.,15,45,"{""Indian Army"",""Structure""}",NDA/CDS/AFCAT/SSB,AI-generated for Forge platform
DEF-0105,Indian Army,Structure,Medium,MCQ,"Which Indian Army command, headquartered in Kolkata, is responsible for the North-Eastern sector?",Central Command,Eastern Command,South Western Command,Northern Command,B,"Eastern Command oversees operations along the border with China in the North-East, as well as counter-insurgency operations.",This region includes some of the most remote and challenging terrain the Army operates in.,15,45,"{""Indian Army"",""Structure""}",NDA/CDS/AFCAT/SSB,AI-generated for Forge platform
DEF-0106,Indian Army,Structure,Medium,MCQ,Which Indian Army command is headquartered in Jaipur and primarily oversees the desert sector?,Western Command,Southern Command,South Western Command,Central Command,C,South Western Command was raised specifically to focus on the desert terrain along the Rajasthan border with Pakistan.,It was one of the newer commands raised to better manage this distinct operational environment.,15,45,"{""Indian Army"",""Structure""}",NDA/CDS/AFCAT/SSB,AI-generated for Forge platform
DEF-0107,Indian Army,Structure,Medium,MCQ,Which Indian Army command is headquartered in Lucknow and serves largely a training and reserve role?,Western Command,Northern Command,Eastern Command,Central Command,D,"Central Command plays a key role in training, logistics, and providing reserves to other operational commands.",It also covers disaster relief operations in central India when required.,15,45,"{""Indian Army"",""Structure""}",NDA/CDS/AFCAT/SSB,AI-generated for Forge platform
DEF-0108,Indian Army,Academies,Easy,MCQ,"Officer cadets from the Army, Navy, and Air Force undergo joint pre-commission training at which academy?",National Defence Academy,Indian Military Academy,Officers Training Academy,Defence Services Staff College,A,"The National Defence Academy (NDA), located at Khadakwasla near Pune, trains cadets of all three services together before they move to service-specific academies.",NDA is considered one of the finest tri-service training institutions in the world.,10,45,"{""Indian Army"",""Academies""}",NDA/CDS/AFCAT/SSB,AI-generated for Forge platform
DEF-0109,Indian Army,Academies,Easy,MCQ,"After the NDA, Army cadets complete their training at which academy before commissioning?",Air Force Academy,Indian Military Academy,Indian Naval Academy,"Officers Training Academy, Chennai (for a different entry stream)",B,The Indian Military Academy (IMA) in Dehradun trains cadets specifically for commissioning into the Army.,IMA has trained officers for both India and several allied nations over the decades.,10,45,"{""Indian Army"",""Academies""}",NDA/CDS/AFCAT/SSB,AI-generated for Forge platform
DEF-0110,Indian Army,Academies,Medium,MCQ,The Officers Training Academy for non-technical short service commission entries operates from which two cities?,Wellington and Mhow,Dehradun and Pune,Chennai and Gaya,Secunderabad and Jabalpur,C,OTA Chennai and OTA Gaya both train officers for Short Service Commission entry into the Army.,OTA Gaya is a relatively newer academy established to expand training capacity.,15,45,"{""Indian Army"",""Academies""}",NDA/CDS/AFCAT/SSB,AI-generated for Forge platform
DEF-0111,Indian Army,Regiments,Medium,MCQ,"Which is the oldest regiment of the Indian Army, tracing its lineage to the 18th century?",The Army Air Defence Regiment,The Parachute Regiment,The Mechanised Infantry Regiment,The Punjab Regiment (or similarly old lineage regiments like Madras/Grenadiers),D,"Several infantry regiments, including the Punjab and Madras regiments, trace continuous lineage back over two centuries, making exact 'oldest' claims complex but generally centred on these older infantry lines.",Many of these regiments carry battle honours from campaigns spanning both World Wars.,15,45,"{""Indian Army"",""Regiments""}",NDA/CDS/AFCAT/SSB,AI-generated for Forge platform
DEF-0112,Indian Army,Regiments,Medium,MCQ,Which regiment is India's premier airborne/special forces infantry regiment?,The Parachute Regiment,The Grenadiers,The Rajputana Rifles,The Sikh Regiment,A,The Parachute Regiment includes both airborne infantry battalions and the Army's Special Forces battalions.,Special Forces personnel within this regiment undergo one of the most rigorous selection processes in the Army.,15,45,"{""Indian Army"",""Regiments""}",NDA/CDS/AFCAT/SSB,AI-generated for Forge platform
DEF-0113,Indian Army,Regiments,Medium,MCQ,The Gorkha Rifles regiments of the Indian Army recruit soldiers primarily of which origin?,Naga origin,Nepali/Gorkha origin (including Indian Gorkhas),Rajput origin,Sikh origin,B,"The Gorkha Rifles have a storied history of recruiting soldiers of Gorkha ethnicity, known for their fighting prowess.","Several Gorkha regiments were split between India and the British Army after independence, per a tripartite agreement with Nepal and the UK.",15,45,"{""Indian Army"",""Regiments""}",NDA/CDS/AFCAT/SSB,AI-generated for Forge platform
DEF-0114,Indian Army,Corps,Medium,MCQ,Which corps of the Indian Army is responsible for battlefield logistics and supply?,Army Ordnance Corps,Corps of Engineers,Army Service Corps,Corps of Signals,C,"The Army Service Corps manages the transportation, supply, and logistics needs of the field army.",Efficient logistics are often considered as decisive to military success as combat operations themselves.,15,45,"{""Indian Army"",""Corps""}",NDA/CDS/AFCAT/SSB,AI-generated for Forge platform
DEF-0115,Indian Army,Corps,Medium,MCQ,"Which corps handles construction of roads, bridges, and fortifications for the Army?",Army Ordnance Corps,Army Service Corps,Corps of Signals,Corps of Engineers,D,"The Corps of Engineers (Sappers) builds and maintains infrastructure critical to military operations, including under combat conditions.",Engineer units are also frequently deployed for disaster relief and infrastructure projects in remote areas.,15,45,"{""Indian Army"",""Corps""}",NDA/CDS/AFCAT/SSB,AI-generated for Forge platform
DEF-0116,Indian Army,Corps,Medium,MCQ,Which corps manages the Army's communication networks and signal intelligence?,Corps of Signals,Army Ordnance Corps,Army Service Corps,Army Medical Corps,A,The Corps of Signals ensures secure and reliable communication across all levels of the Army's command structure.,Modern signal units increasingly handle cyber and electronic warfare responsibilities as well.,15,45,"{""Indian Army"",""Corps""}",NDA/CDS/AFCAT/SSB,AI-generated for Forge platform
DEF-0117,Indian Army,Corps,Medium,MCQ,"Which corps is responsible for the supply and maintenance of the Army's weapons, ammunition, and equipment?",Army Service Corps,Army Ordnance Corps,Corps of Engineers,Army Medical Corps,B,"The Army Ordnance Corps manages the procurement, storage, and distribution of weapons and ammunition.",It plays a critical role in ensuring frontline units are never short of essential war material.,15,45,"{""Indian Army"",""Corps""}",NDA/CDS/AFCAT/SSB,AI-generated for Forge platform
DEF-0118,Indian Army,Special Forces,Medium,MCQ,Which elite Indian Army unit is trained for high-altitude and ghatak (commando) operations within infantry battalions?,MARCOS,Garud Commando Force,Ghatak Platoons,NSG,C,Every infantry battalion maintains a specially trained Ghatak Platoon for high-risk special tasks.,These platoons undergo additional specialised training beyond standard infantry training.,15,45,"{""Indian Army"",""Special Forces""}",NDA/CDS/AFCAT/SSB,AI-generated for Forge platform
DEF-0119,Indian Army,Structure,Hard,MCQ,"The Army Training Command (ARTRAC), a unique command, is primarily responsible for what function?",Coastal defence,Field combat operations only,Logistics for the Eastern theatre,"Doctrine, training, and force development",D,"ARTRAC, headquartered in Shimla, oversees training policy and doctrine development across the Army rather than commanding field forces directly.",It is sometimes considered the 'nerve centre' for the Army's intellectual and doctrinal development.,20,45,"{""Indian Army"",""Structure""}",NDA/CDS/AFCAT/SSB,AI-generated for Forge platform
DEF-0120,Indian Army,Territorial Army,Medium,MCQ,The Indian Territorial Army primarily consists of what kind of personnel?,Volunteer citizen-soldiers who serve part-time,Full-time regular soldiers only,Foreign mercenary units,Retired regular soldiers only,A,"The Territorial Army allows civilians to serve as part-time soldiers, providing a reserve force that can be mobilised when needed.",Members balance their civilian careers with periodic military training and potential mobilisation.,15,45,"{""Indian Army"",""Territorial Army""}",NDA/CDS/AFCAT/SSB,AI-generated for Forge platform
DEF-0121,Indian Army,History,Medium,MCQ,The Indian Army traces significant institutional roots to which colonial-era force?,The Mughal Imperial Army,The British Indian Army,The Maratha Confederacy's forces,"The East India Company's private militia only, with no continuity",B,"Post-independence, the Indian Army inherited much of the organisational structure, regiments, and traditions of the British Indian Army.",Many regiments retained their pre-independence names and battle honours after 1947.,15,45,"{""Indian Army"",""History""}",NDA/CDS/AFCAT/SSB,AI-generated for Forge platform
DEF-0122,Indian Army,History,Medium,MCQ,Field Marshal K.M. Cariappa holds which historic distinction in the Indian Army?,First Param Vir Chakra recipient,First Chief of Defence Staff,First Indian Commander-in-Chief of the Indian Army,First woman General,C,"Cariappa became the first Indian to head the Army in 1949, replacing the last British Commander-in-Chief.","15 January, the day he took over, is celebrated annually as Army Day.",15,45,"{""Indian Army"",""History""}",NDA/CDS/AFCAT/SSB,AI-generated for Forge platform
DEF-0123,Indian Army,History,Easy,MCQ,Indian Army Day is celebrated on which date each year?,26 July,26 January,16 December,15 January,D,Army Day commemorates the day Field Marshal K.M. Cariappa became the first Indian Commander-in-Chief in 1949.,Major parades and ceremonies are held at army headquarters and cantonments across the country on this day.,10,45,"{""Indian Army"",""History""}",NDA/CDS/AFCAT/SSB,AI-generated for Forge platform
DEF-0124,Indian Army,Structure,Medium,MCQ,Which corps of the Indian Army specialises in armoured warfare using tanks?,Armoured Corps,Mechanised Infantry,Army Air Defence,Corps of Engineers,A,"The Armoured Corps operates the Army's tank regiments, forming the backbone of India's mechanised strike forces.","Armoured regiments often carry historic cavalry lineages, having transitioned from horse-mounted units.",15,45,"{""Indian Army"",""Structure""}",NDA/CDS/AFCAT/SSB,AI-generated for Forge platform
DEF-0125,Indian Army,Structure,Medium,MCQ,Which branch of the Indian Army is responsible for protecting ground forces and key installations from aerial attack?,Armoured Corps,Army Air Defence,Corps of Signals,Army Service Corps,B,Army Air Defence operates surface-to-air missile systems and anti-aircraft guns to protect the Army's field forces.,This branch works closely with the Air Force to coordinate airspace defence during operations.,15,45,"{""Indian Army"",""Structure""}",NDA/CDS/AFCAT/SSB,AI-generated for Forge platform
DEF-0126,Indian Army,Structure,Medium,MCQ,"Which Indian Army branch provides medical care to soldiers, including field hospitals near combat zones?",Army Ordnance Corps,Army Service Corps,Army Medical Corps,Military Nursing Service (a related but distinct service),C,"The Army Medical Corps runs field hospitals, ambulances, and medical units that support troops during operations.",Combat medics from this corps are often among the first responders on the battlefield.,15,45,"{""Indian Army"",""Structure""}",NDA/CDS/AFCAT/SSB,AI-generated for Forge platform
DEF-0127,Indian Army,Mechanised Forces,Medium,MCQ,The Mechanised Infantry Regiment primarily operates which type of vehicle?,Transport trucks only,Main battle tanks,Towed artillery guns,Infantry Combat Vehicles (like the BMP series),D,"Mechanised Infantry soldiers fight from and alongside Infantry Combat Vehicles, providing mobility and protection in combined arms operations.",This regiment works closely with the Armoured Corps in coordinated tank-infantry operations.,15,45,"{""Indian Army"",""Mechanised Forces""}",NDA/CDS/AFCAT/SSB,AI-generated for Forge platform
DEF-0128,Indian Army,Artillery,Medium,MCQ,Which branch of the Indian Army operates howitzers and other long-range indirect-fire weapons?,Regiment of Artillery,Army Air Defence,Corps of Engineers,Armoured Corps,A,"The Regiment of Artillery provides fire support to infantry and armoured formations using guns, howitzers, and rocket systems.",Artillery is often called the 'god of war' due to its decisive role in shaping battlefield outcomes.,15,45,"{""Indian Army"",""Artillery""}",NDA/CDS/AFCAT/SSB,AI-generated for Forge platform
DEF-0129,Indian Army,Women in Army,Medium,MCQ,"In recent years, women officers in the Indian Army have become eligible for which significant career development?","Only administrative roles, with no combat arms eligibility",Permanent Commission in most combat support and select combat arms,Command of infantry battalions only,Command of the Corps of Engineers only,B,"Following legal and policy reforms, women officers gained eligibility for Permanent Commission across most Army branches, expanding their career opportunities significantly.",This marked a major step in the gradual expansion of roles available to women in the Indian armed forces.,15,45,"{""Indian Army"",""Women in Army""}",NDA/CDS/AFCAT/SSB,AI-generated for Forge platform
DEF-0130,Indian Army,Selection,Medium,MCQ,"Which body conducts psychological, group, and interview testing to select officers for the Indian armed forces?",National Testing Agency,"Union Public Service Commission (conducts the exam, not the full personality assessment)",Services Selection Board (SSB),Staff Selection Commission,C,"The SSB conducts a multi-day assessment involving psychological tests, group tasks, and interviews to select officer candidates.",The SSB process is designed to assess Officer Like Qualities (OLQs) rather than just academic knowledge.,15,45,"{""Indian Army"",""Selection""}",NDA/CDS/AFCAT/SSB,AI-generated for Forge platform
DEF-0131,Indian Army,Selection,Medium,MCQ,The National Defence Academy entrance exam is conducted by which body?,Ministry of Defence directly,Staff Selection Commission,National Testing Agency,Union Public Service Commission (UPSC),D,"UPSC conducts the written NDA exam twice a year, followed by SSB interviews for shortlisted candidates.",Successful candidates then join the tri-service training at NDA Khadakwasla.,15,45,"{""Indian Army"",""Selection""}",NDA/CDS/AFCAT/SSB,AI-generated for Forge platform
DEF-0132,Indian Army,Regiments,Medium,MCQ,Which Indian Army regiment is specifically associated with recruiting soldiers from hill and mountain regions of Uttarakhand and Himachal Pradesh?,Kumaon Regiment (and similar hill regiments like Garhwal Rifles),Madras Regiment,Sikh Light Infantry,Jat Regiment,A,The Kumaon and Garhwal regiments have a long history of recruiting from the hill districts of present-day Uttarakhand.,"Soldiers from these regions are noted for their skill in mountain warfare, an important asset in Himalayan operations.",15,45,"{""Indian Army"",""Regiments""}",NDA/CDS/AFCAT/SSB,AI-generated for Forge platform
DEF-0133,Indian Army,Awards,Medium,MCQ,The 'Sena Medal' is awarded for which type of achievement in the Indian Army?,Only administrative excellence,"Individual acts of gallantry or distinguished service, of a lower precedence than the Vir Chakra tier",Sporting achievements only,Length of service alone,B,"The Sena Medal recognises gallantry or distinguished service and sits below the Param Vir Chakra, Maha Vir Chakra, and Vir Chakra in order of precedence.",It can be awarded for both wartime gallantry and peacetime distinguished service.,15,45,"{""Indian Army"",""Awards""}",NDA/CDS/AFCAT/SSB,AI-generated for Forge platform
DEF-0134,Indian Army,Structure,Hard,MCQ,"Roughly how many active personnel does the Indian Army have, making it one of the largest standing armies in the world?","About 200,000","About 500,000",Over 1.2 million,Over 5 million,C,"The Indian Army is among the largest standing armies globally, with well over a million active personnel.",This makes it larger than the standing armies of most other countries in absolute troop numbers.,20,45,"{""Indian Army"",""Structure""}",NDA/CDS/AFCAT/SSB,AI-generated for Forge platform
DEF-0135,Indian Army,Uniforms & Traditions,Medium,MCQ,"The 'Beating Retreat' ceremony, held in Delhi, marks the formal conclusion of which annual event?",Navy Day celebrations,Independence Day celebrations,Army Day celebrations,Republic Day celebrations,D,"Beating Retreat is held on 29 January, marking the formal end of the multi-day Republic Day celebrations.","The ceremony features massed bands of the Army, Navy, and Air Force performing at Vijay Chowk in Delhi.",15,45,"{""Indian Army"",""Uniforms & Traditions""}",NDA/CDS/AFCAT/SSB,AI-generated for Forge platform
DEF-0136,Indian Army,Ranks,Medium,MCQ,"Which is the correct order of Indian Army officer ranks from junior to senior: Captain, Major, Lieutenant Colonel, or a mixed-up order?","Captain, Major, Lieutenant Colonel","Major, Captain, Lieutenant Colonel","Lieutenant Colonel, Captain, Major","Major, Lieutenant Colonel, Captain",A,"The correct ascending order is Captain, then Major, then Lieutenant Colonel.",Promotion through these ranks typically depends on both time in service and performance evaluations.,15,45,"{""Indian Army"",""Ranks""}",NDA/CDS/AFCAT/SSB,AI-generated for Forge platform
DEF-0137,Indian Army,Special Forces,Medium,MCQ,The Indian Army's Special Forces are primarily drawn from and trained within which regiment's structure?,The Corps of Signals,The Parachute Regiment (Special Forces battalions),The Army Medical Corps,The Regiment of Artillery,B,"Special Forces battalions fall under the Parachute Regiment's administrative structure, though they operate as a distinct elite force.","Selection for these units is famously demanding, with a high attrition rate among volunteers.",15,45,"{""Indian Army"",""Special Forces""}",NDA/CDS/AFCAT/SSB,AI-generated for Forge platform
DEF-0138,Indian Army,Structure,Medium,MCQ,Which Indian Army command was more recently created to specifically address the desert warfare theatre?,Southern Command,Central Command,South Western Command,Northern Command,C,"South Western Command, headquartered in Jaipur, was raised to give focused attention to the Rajasthan desert sector bordering Pakistan.","Desert warfare requires specialised logistics, equipment, and tactics distinct from other terrains.",15,45,"{""Indian Army"",""Structure""}",NDA/CDS/AFCAT/SSB,AI-generated for Forge platform
DEF-0139,Indian Army,Regiments,Medium,MCQ,"Which regiment is known as the oldest Gorkha regiment in the Indian Army, with roots in the early 19th century?",5th Gorkha Rifles,11th Gorkha Rifles,3rd Gorkha Rifles,1st Gorkha Rifles,D,"The 1st Gorkha Rifles traces its origins to 1815, making it one of the oldest regiments in Indian military history.",Gorkha regiments have earned numerous gallantry awards across multiple wars and conflicts.,15,45,"{""Indian Army"",""Regiments""}",NDA/CDS/AFCAT/SSB,AI-generated for Forge platform
DEF-0140,Indian Army,Structure,Medium,MCQ,Which formation level sits directly below a Corps in the Indian Army's hierarchy?,Division,Brigade,Battalion,Company,A,The hierarchy generally runs Corps > Division > Brigade > Battalion > Company > Platoon.,A single corps may control two or more divisions depending on its operational requirements.,15,45,"{""Indian Army"",""Structure""}",NDA/CDS/AFCAT/SSB,AI-generated for Forge platform
DEF-0141,Indian Army,Structure,Easy,MCQ,"What is the basic fighting unit of the Indian Army infantry, typically commanded by a Lieutenant Colonel?",Company,Battalion,Platoon,Brigade,B,"A battalion is the primary self-contained infantry unit, usually comprising around 900 to 1,000 soldiers across several companies.","Battalions often carry distinct regimental identities and histories, fostering strong esprit de corps.",10,45,"{""Indian Army"",""Structure""}",NDA/CDS/AFCAT/SSB,AI-generated for Forge platform
DEF-0142,Indian Army,Structure,Medium,MCQ,How many companies typically make up an infantry battalion in the Indian Army?,About twenty,Exactly two,About four to six rifle companies,Exactly one,C,An infantry battalion usually comprises several rifle companies along with support elements like signals and logistics.,Each company is further broken down into platoons and sections for tactical flexibility.,15,45,"{""Indian Army"",""Structure""}",NDA/CDS/AFCAT/SSB,AI-generated for Forge platform
DEF-0143,Indian Army,Uniforms & Traditions,Medium,MCQ,Which Indian Army headgear is distinctively associated with the Sikh Regiment and other Sikh soldiers?,The bush hat,The beret,The peaked cap,The turban (pagri),D,"Sikh soldiers traditionally wear the turban as part of their religious identity, accommodated within Army uniform regulations.",Different regiments have their own distinctive headgear traditions reflecting their regional and cultural heritage.,15,45,"{""Indian Army"",""Uniforms & Traditions""}",NDA/CDS/AFCAT/SSB,AI-generated for Forge platform
DEF-0144,Indian Army,History,Medium,MCQ,The Chief of the Army Staff position was created after India transitioned away from which earlier title held by the force's head?,"Commander-in-Chief, India",Field Marshal of India,Supreme Commander,Adjutant General,A,"The title 'Commander-in-Chief' was phased out in 1955 in favour of Chief of the Army Staff, aligning better with India's republican structure.",This change also applied similarly to the titles used for the Navy and Air Force chiefs.,15,45,"{""Indian Army"",""History""}",NDA/CDS/AFCAT/SSB,AI-generated for Forge platform
DEF-0145,Indian Army,Structure,Medium,MCQ,"Roughly how many infantry, armoured, and other divisions does the Indian Army field across its commands?",Exactly five,Several dozen divisions across all commands,Exactly fifty across just one command,"Two, one per border",B,"The exact number varies with reorganisation, but the Army fields several dozen divisions of various types (infantry, armoured, mountain) spread across its seven commands.",Mountain divisions in particular have grown in number since the 1962 war to strengthen Himalayan defences.,15,45,"{""Indian Army"",""Structure""}",NDA/CDS/AFCAT/SSB,AI-generated for Forge platform
DEF-0146,Indian Army,Corps,Medium,MCQ,Which support arm of the Army is responsible for handling prisoners of war and administrative/legal matters?,Army Postal Service,Army Service Corps,The Judge Advocate General's Department (for legal matters),Corps of Military Police,C,"The Judge Advocate General's Department advises on military law, including matters relating to courts martial and legal proceedings.","Separately, the Corps of Military Police handles discipline, traffic control, and physical security matters.",15,45,"{""Indian Army"",""Corps""}",NDA/CDS/AFCAT/SSB,AI-generated for Forge platform
DEF-0147,Indian Army,Corps,Medium,MCQ,"Which corps of the Indian Army is responsible for maintaining discipline, traffic control, and providing security at Army installations?",Pioneer Corps,Army Postal Service,Army Educational Corps,Corps of Military Police,D,The Corps of Military Police performs functions similar to civilian police but within the military context.,They also play a role in managing prisoners of war and maintaining order in forward areas.,15,45,"{""Indian Army"",""Corps""}",NDA/CDS/AFCAT/SSB,AI-generated for Forge platform
DEF-0148,Indian Navy,Ranks,Easy,MCQ,"What is the highest five-star rank in the Indian Navy, equivalent to the Army's Field Marshal?",Admiral of the Fleet,Admiral,Vice Admiral,Commodore,A,"Admiral of the Fleet is the Navy's highest rank, sitting above Admiral, though it is a rarely conferred honorary distinction.","Its Air Force equivalent, Marshal of the Air Force, has been conferred only once, on Arjan Singh.",10,45,"{""Indian Navy"",""Ranks""}",NDA/CDS/AFCAT/SSB,AI-generated for Forge platform
DEF-0149,Indian Navy,Ranks,Easy,MCQ,Which rank heads the Indian Navy as its professional chief?,Chief of Defence Staff,Chief of the Naval Staff,Flag Officer Commanding-in-Chief,Vice Chief of the Naval Staff,B,"The Chief of the Naval Staff (CNS), holding the rank of Admiral, is the senior-most serving naval officer.","The CNS oversees all naval operations, training, and administration across the three naval commands.",10,45,"{""Indian Navy"",""Ranks""}",NDA/CDS/AFCAT/SSB,AI-generated for Forge platform
DEF-0150,Indian Navy,Ranks,Medium,MCQ,Which Indian Navy rank is equivalent to a Colonel in the Army?,Commodore,Commander,Captain,Lieutenant Commander,C,"A Navy Captain is roughly equivalent in seniority to an Army Colonel, both commanding significant units or ships.",Naval Captains often command major warships like destroyers or frigates.,15,45,"{""Indian Navy"",""Ranks""}",NDA/CDS/AFCAT/SSB,AI-generated for Forge platform
DEF-0151,Indian Navy,Ranks,Medium,MCQ,Which Indian Navy rank is equivalent to a Brigadier in the Army?,Commander,Captain,Rear Admiral,Commodore,D,"Commodore sits between Captain and Rear Admiral, similar to how Brigadier sits between Colonel and Major General in the Army.",Commodores often command naval flotillas or hold senior staff positions.,15,45,"{""Indian Navy"",""Ranks""}",NDA/CDS/AFCAT/SSB,AI-generated for Forge platform
DEF-0152,Indian Navy,Ranks,Medium,MCQ,Which Indian Navy rank is equivalent to a Major General in the Army?,Rear Admiral,Vice Admiral,Commodore,Admiral,A,"A Rear Admiral typically commands significant naval formations, paralleling a Major General's role in the Army.",Rear Admirals often head key operational or training establishments within the Navy.,15,45,"{""Indian Navy"",""Ranks""}",NDA/CDS/AFCAT/SSB,AI-generated for Forge platform
DEF-0153,Indian Navy,Ranks,Medium,MCQ,Which is the most junior commissioned officer rank in the Indian Navy?,Lieutenant,Sub-Lieutenant,"Midshipman (a trainee rank, not fully commissioned)",Lieutenant Commander,B,"Sub-Lieutenant is the first fully commissioned officer rank after initial training, following the trainee Midshipman stage.",Officers typically spend a few years at this rank before promotion to Lieutenant.,15,45,"{""Indian Navy"",""Ranks""}",NDA/CDS/AFCAT/SSB,AI-generated for Forge platform
DEF-0154,Indian Navy,Structure,Easy,MCQ,How many operational commands does the Indian Navy have?,Seven,Five,Three,Two,C,"The Indian Navy has three commands: Western, Eastern, and Southern Naval Commands.",Each command is headed by a Flag Officer Commanding-in-Chief.,10,45,"{""Indian Navy"",""Structure""}",NDA/CDS/AFCAT/SSB,AI-generated for Forge platform
DEF-0155,Indian Navy,Structure,Medium,MCQ,The Western Naval Command of the Indian Navy is headquartered in which city?,Chennai,Visakhapatnam,Kochi,Mumbai,D,"Mumbai serves as the headquarters for Western Naval Command, overseeing operations along India's western seaboard.",Mumbai is also home to some of the Navy's oldest dockyards and shore establishments.,15,45,"{""Indian Navy"",""Structure""}",NDA/CDS/AFCAT/SSB,AI-generated for Forge platform
DEF-0156,Indian Navy,Structure,Medium,MCQ,The Eastern Naval Command of the Indian Navy is headquartered in which city?,Visakhapatnam,Mumbai,Kochi,Kolkata,A,"Visakhapatnam hosts Eastern Naval Command, which oversees the Bay of Bengal and eastern seaboard operations.",It is also the base for the Navy's Eastern Fleet and a hub for submarine operations.,15,45,"{""Indian Navy"",""Structure""}",NDA/CDS/AFCAT/SSB,AI-generated for Forge platform
DEF-0157,Indian Navy,Structure,Medium,MCQ,"The Southern Naval Command, primarily a training command, is headquartered in which city?",Chennai,Kochi,Mumbai,Port Blair,B,"Southern Naval Command in Kochi focuses primarily on training, hosting the Indian Naval Academy nearby at Ezhimala.",It plays a crucial role in shaping the professional development of naval officers and sailors.,15,45,"{""Indian Navy"",""Structure""}",NDA/CDS/AFCAT/SSB,AI-generated for Forge platform
DEF-0158,Indian Navy,Structure,Medium,MCQ,"Which tri-service command, focused on the strategically important Andaman and Nicobar Islands, is headquartered at Port Blair?",Integrated Defence Staff,Strategic Forces Command,Andaman and Nicobar Command,Southern Naval Command,C,"The Andaman and Nicobar Command is India's only tri-service theatre command, integrating Army, Navy, and Air Force assets.",Its location gives India a strategic vantage point over key Indian Ocean shipping lanes.,15,45,"{""Indian Navy"",""Structure""}",NDA/CDS/AFCAT/SSB,AI-generated for Forge platform
DEF-0159,Indian Navy,Aircraft Carriers,Easy,MCQ,"What was the name of India's first aircraft carrier, commissioned in 1961?",INS Delhi,INS Viraat,INS Vikramaditya,INS Vikrant,D,"INS Vikrant, originally a British-built carrier, served the Navy for three decades before decommissioning.","The name was later reused for India's first indigenously built aircraft carrier, commissioned in 2022.",10,45,"{""Indian Navy"",""Aircraft Carriers""}",NDA/CDS/AFCAT/SSB,AI-generated for Forge platform
DEF-0160,Indian Navy,Aircraft Carriers,Medium,MCQ,"INS Vikramaditya, commissioned in 2013, was originally built in which country?",Soviet Union/Russia,United Kingdom,France,United States,A,INS Vikramaditya was extensively refitted from the former Soviet/Russian carrier Admiral Gorshkov.,It serves as the Navy's primary carrier alongside the indigenously built INS Vikrant.,15,45,"{""Indian Navy"",""Aircraft Carriers""}",NDA/CDS/AFCAT/SSB,AI-generated for Forge platform
DEF-0161,Indian Navy,Aircraft Carriers,Medium,MCQ,"India's first indigenously designed and built aircraft carrier, commissioned in 2022, is named?",INS Viraat,INS Vikrant,INS Vishal,INS Vikramaditya,B,"The new INS Vikrant was built at Cochin Shipyard, marking a major milestone in India's indigenous shipbuilding capability.",Its commissioning made India one of the few nations capable of designing and building a carrier of this class domestically.,15,45,"{""Indian Navy"",""Aircraft Carriers""}",NDA/CDS/AFCAT/SSB,AI-generated for Forge platform
DEF-0162,Indian Navy,Submarines,Medium,MCQ,INS Arihant is significant as India's first indigenously built submarine of which type?,Nuclear-powered attack submarine,Conventional diesel-electric submarine,Nuclear-powered ballistic missile submarine (SSBN),Midget submarine,C,"INS Arihant gives India a sea-based leg of its nuclear triad, completing land, air, and sea deterrent capabilities.","It was built under the secretive Advanced Technology Vessel programme, decades in development.",15,45,"{""Indian Navy"",""Submarines""}",NDA/CDS/AFCAT/SSB,AI-generated for Forge platform
DEF-0163,Indian Navy,Submarines,Medium,MCQ,"INS Chakra, leased from Russia, was which type of submarine?",Midget submarine,Diesel-electric submarine,Ballistic missile submarine,Nuclear-powered attack submarine (SSN),D,INS Chakra was a Russian Akula-class nuclear attack submarine leased to India to build operational experience with nuclear submarines.,India has leased Russian nuclear submarines on more than one occasion under similar arrangements.,15,45,"{""Indian Navy"",""Submarines""}",NDA/CDS/AFCAT/SSB,AI-generated for Forge platform
DEF-0164,Indian Navy,Submarines,Medium,MCQ,The Kalvari-class submarines inducted by the Indian Navy in recent years are built with assistance from which country?,France,Russia,Germany,United States,A,The Kalvari-class (Scorpene-class) submarines are built at Mazagon Dock in Mumbai under technology transfer from French company Naval Group.,This programme represents a major step in indigenising India's submarine construction capability.,15,45,"{""Indian Navy"",""Submarines""}",NDA/CDS/AFCAT/SSB,AI-generated for Forge platform
DEF-0165,Indian Navy,Ships,Medium,MCQ,"What class of vessel is INS Kolkata, commissioned in 2014?",Frigate,Guided-missile destroyer,Corvette,Aircraft carrier,B,"INS Kolkata is the lead ship of the Kolkata-class stealth guided-missile destroyers, among the most advanced ships built in India.",These destroyers carry a mix of surface-to-air and anti-ship missile systems.,15,45,"{""Indian Navy"",""Ships""}",NDA/CDS/AFCAT/SSB,AI-generated for Forge platform
DEF-0166,Indian Navy,Ships,Medium,MCQ,The Shivalik-class vessels of the Indian Navy are classified as which type of ship?,Corvettes,Destroyers,Stealth frigates,Aircraft carriers,C,Shivalik-class frigates were among the first Indian warships built with significant stealth design features.,They are equipped with a mix of Indian and foreign-sourced weapons and sensor systems.,15,45,"{""Indian Navy"",""Ships""}",NDA/CDS/AFCAT/SSB,AI-generated for Forge platform
DEF-0167,Indian Navy,Ships,Medium,MCQ,INS Vikrant and INS Vikramaditya together give India the capability to operate how many aircraft carriers simultaneously?,Four,Three,One,Two,D,"With both carriers in service, India has the ability to operate two carrier battle groups at once, a rare capability held by few navies.",This dual-carrier capability significantly enhances India's power projection in the Indian Ocean Region.,15,45,"{""Indian Navy"",""Ships""}",NDA/CDS/AFCAT/SSB,AI-generated for Forge platform
DEF-0168,Indian Navy,Marine Commandos,Medium,MCQ,"MARCOS, the Indian Navy's special forces unit, is formally known by which name?",Marine Commando Force,Special Frontier Force,National Security Guard,Garud Commando Force,A,"MARCOS specialises in amphibious and maritime special operations, including counter-terrorism at sea.",Their training is considered among the most demanding of any special forces unit in India.,15,45,"{""Indian Navy"",""Marine Commandos""}",NDA/CDS/AFCAT/SSB,AI-generated for Forge platform
DEF-0169,Indian Navy,History,Easy,MCQ,Indian Navy Day is celebrated on which date each year?,16 December,4 December,26 July,15 January,B,4 December marks the anniversary of Operation Trident's strike on Karachi harbour during the 1971 war.,Naval bases across the country hold commemorative events and ceremonies on this day.,10,45,"{""Indian Navy"",""History""}",NDA/CDS/AFCAT/SSB,AI-generated for Forge platform
DEF-0170,Indian Navy,History,Medium,MCQ,The Indian Navy traces its formal modern origins to which earlier colonial-era naval force?,The East India Company's Bombay Marine exclusively,"The Royal Indian Marine only, with no other predecessor",The Royal Indian Navy,The British Royal Navy's India Squadron directly renamed,C,"The Royal Indian Navy, itself evolving from earlier forces like the Bombay Marine, was renamed the Indian Navy after independence.",The Navy has undergone significant modernisation and expansion since those early origins.,15,45,"{""Indian Navy"",""History""}",NDA/CDS/AFCAT/SSB,AI-generated for Forge platform
DEF-0171,Indian Navy,Bases,Medium,MCQ,"INS Kadamba, one of the largest naval bases in Asia, is located in which state?",Tamil Nadu,Kerala,Goa,Karnataka (Karwar),D,INS Kadamba at Karwar is a major and expanding naval base under the Navy's Project Seabird development plan.,It is designed to accommodate a significant portion of the Western Fleet as the Navy grows.,15,45,"{""Indian Navy"",""Bases""}",NDA/CDS/AFCAT/SSB,AI-generated for Forge platform
DEF-0172,Indian Navy,Bases,Medium,MCQ,"INS Rajali, a key naval air station operating maritime patrol aircraft, is located near which city?","Arakkonam, Tamil Nadu","Kochi, Kerala",Goa,"Visakhapatnam, Andhra Pradesh",A,INS Rajali hosts long-range maritime patrol aircraft used for surveillance across the Indian Ocean Region.,It plays a key role in anti-submarine warfare and maritime domain awareness.,15,45,"{""Indian Navy"",""Bases""}",NDA/CDS/AFCAT/SSB,AI-generated for Forge platform
DEF-0173,Indian Navy,Aircraft,Medium,MCQ,"Which maritime patrol aircraft, acquired from the United States, significantly boosted Indian Navy surveillance capabilities?",C-130J,P-8I Poseidon,Il-38,Dornier 228,B,"The P-8I is a variant of the P-8 Poseidon customised for Indian requirements, used for anti-submarine and maritime patrol missions.",It represents one of the largest defence deals between India and the United States.,15,45,"{""Indian Navy"",""Aircraft""}",NDA/CDS/AFCAT/SSB,AI-generated for Forge platform
DEF-0174,Indian Navy,Aircraft,Medium,MCQ,The MiG-29K serves the Indian Navy primarily in which role?,Transport aircraft,Maritime patrol aircraft,Carrier-based fighter aircraft,Anti-submarine helicopter,C,"The MiG-29K operates from India's aircraft carriers, providing air defence and strike capability for the carrier battle group.",It replaced the earlier Sea Harrier as the Navy's primary carrier-based fighter.,15,45,"{""Indian Navy"",""Aircraft""}",NDA/CDS/AFCAT/SSB,AI-generated for Forge platform
DEF-0175,Indian Navy,History,Medium,MCQ,The Indian Navy played a significant blockading role against which country's coast during the 1971 war?,"Nepal, a landlocked country with no coast",Sri Lanka,Myanmar,East Pakistan (present-day Bangladesh),D,"The Navy enforced a blockade of East Pakistani ports, cutting off supplies and reinforcements to Pakistani forces there.",This blockade significantly contributed to the rapid collapse of Pakistani resistance in the eastern theatre.,15,45,"{""Indian Navy"",""History""}",NDA/CDS/AFCAT/SSB,AI-generated for Forge platform
DEF-0176,Indian Navy,Structure,Medium,MCQ,"The Indian Coast Guard, though a distinct organisation from the Navy, primarily operates under which ministry?",Ministry of Defence,Ministry of Home Affairs,Ministry of Shipping,Ministry of External Affairs,A,"The Coast Guard operates under the Ministry of Defence but focuses on coastal security, search and rescue, and law enforcement at sea, distinct from the Navy's combat role.",It was established in 1978 to address the need for dedicated coastal security and maritime law enforcement.,15,45,"{""Indian Navy"",""Structure""}",NDA/CDS/AFCAT/SSB,AI-generated for Forge platform
DEF-0177,Indian Navy,Anti-Piracy,Medium,MCQ,The Indian Navy has conducted sustained anti-piracy patrols primarily in which body of water?,South China Sea,Gulf of Aden,Mediterranean Sea,Caribbean Sea,B,"Indian Navy ships have patrolled the Gulf of Aden for years, protecting merchant shipping from piracy originating near Somalia.",These patrols have also involved international coordination with other navies conducting similar missions.,15,45,"{""Indian Navy"",""Anti-Piracy""}",NDA/CDS/AFCAT/SSB,AI-generated for Forge platform
DEF-0178,Indian Navy,Exercises,Medium,MCQ,"MILAN is a large multinational naval exercise hosted periodically by India, primarily based out of which location?",Kochi,Mumbai,Visakhapatnam,Port Blair,C,MILAN brings together navies from across the Indian Ocean Region and beyond for exercises and professional exchanges.,It has grown significantly in scale and participation since it first began in the 1990s.,15,45,"{""Indian Navy"",""Exercises""}",NDA/CDS/AFCAT/SSB,AI-generated for Forge platform
DEF-0179,Indian Navy,Weapons,Medium,MCQ,"BrahMos, jointly developed by India and Russia, is primarily what type of weapon used by the Navy?",Naval mine,Ballistic missile,Torpedo,Supersonic cruise missile,D,"BrahMos can be launched from ships, submarines, aircraft, and land platforms, making it a highly versatile weapon system.","It is named after the Brahmaputra and Moskva rivers, reflecting the India-Russia collaboration.",15,45,"{""Indian Navy"",""Weapons""}",NDA/CDS/AFCAT/SSB,AI-generated for Forge platform
DEF-0180,Indian Navy,Ranks,Medium,MCQ,Which Indian Navy rank is roughly equivalent to a Lieutenant Colonel in the Army?,Commander,Captain,Lieutenant Commander,Commodore,A,A Navy Commander holds seniority roughly parallel to an Army Lieutenant Colonel.,Commanders often serve as executive officers or commanding officers of smaller naval vessels.,15,45,"{""Indian Navy"",""Ranks""}",NDA/CDS/AFCAT/SSB,AI-generated for Forge platform
DEF-0181,Indian Navy,Ships,Medium,MCQ,INS Sahyadri belongs to which class of Indian Navy frigates?,Kolkata class,Shivalik class,Kamorta class,Talwar class,B,INS Sahyadri is one of three ships in the Shivalik-class stealth frigate series.,These frigates were among the first in the Navy to feature significant indigenous design content.,15,45,"{""Indian Navy"",""Ships""}",NDA/CDS/AFCAT/SSB,AI-generated for Forge platform
DEF-0182,Indian Navy,Ships,Medium,MCQ,The Kamorta-class ships of the Indian Navy are primarily designed for which role?,Ballistic missile submarines,Aircraft carriers,Anti-submarine warfare corvettes,Fleet tankers,C,"Kamorta-class corvettes are purpose-built for anti-submarine warfare, featuring advanced sonar and stealth features.",They are named after islands in the Andaman and Nicobar chain.,15,45,"{""Indian Navy"",""Ships""}",NDA/CDS/AFCAT/SSB,AI-generated for Forge platform
DEF-0183,Indian Navy,Fleet Tankers,Medium,MCQ,INS Deepak and INS Shakti are examples of which type of naval support vessel?,Minesweepers,Aircraft carriers,Submarines,Fleet replenishment tankers,D,"Fleet tankers allow naval vessels to refuel and resupply at sea, extending the Navy's operational range and endurance.",This capability is essential for sustaining long-duration deployments far from home ports.,15,45,"{""Indian Navy"",""Fleet Tankers""}",NDA/CDS/AFCAT/SSB,AI-generated for Forge platform
DEF-0184,Indian Navy,History,Medium,MCQ,"The Indian Navy's first submarine, INS Kalvari (the original, not the current class), was commissioned in which decade?",1960s,1980s,1990s,1950s,A,"The original INS Kalvari, a Foxtrot-class submarine from the Soviet Union, was commissioned in 1967.",The name Kalvari has since been reused for the Navy's newer French-collaboration Scorpene-class submarines.,15,45,"{""Indian Navy"",""History""}",NDA/CDS/AFCAT/SSB,AI-generated for Forge platform
DEF-0185,Indian Navy,Structure,Medium,MCQ,"The Naval War College, focused on strategic and operational studies for senior officers, is located in which state?",Kerala,Goa,Tamil Nadu,Karnataka,B,The Naval War College at Goa trains officers in strategic thinking and higher naval operational planning.,It plays a role similar to the Army's and Air Force's respective war colleges.,15,45,"{""Indian Navy"",""Structure""}",NDA/CDS/AFCAT/SSB,AI-generated for Forge platform
DEF-0186,Indian Navy,Academies,Medium,MCQ,"The Indian Naval Academy, which trains cadets for commissioning into the Navy, is located at which coastal site?",Visakhapatnam,Kochi city centre,"Ezhimala, Kerala",Goa,C,"INA Ezhimala is one of the largest naval academies in Asia, spread across a scenic coastal campus.","It trains cadets from various entry schemes, including those who first attend the NDA.",15,45,"{""Indian Navy"",""Academies""}",NDA/CDS/AFCAT/SSB,AI-generated for Forge platform
DEF-0187,Indian Navy,Weapons,Medium,MCQ,"BrahMos, the supersonic cruise missile widely used by the Indian Navy, was jointly developed by India and which country?",United States,France,Israel,Russia,D,BrahMos Aerospace is a joint venture between India's DRDO and Russia's NPO Mashinostroyeniya.,"The missile's name combines the Brahmaputra and Moskva rivers, symbolising the India-Russia partnership.",15,45,"{""Indian Navy"",""Weapons""}",NDA/CDS/AFCAT/SSB,AI-generated for Forge platform
DEF-0188,Indian Navy,Ranks,Medium,MCQ,What is the rank insignia commonly associated with a Sub-Lieutenant in the Indian Navy?,A single narrow gold stripe on the sleeve/shoulder,Three broad gold stripes,A star and crossed swords,Two broad gold stripes,A,"Naval rank insignia use gold stripes of varying width and number to denote seniority, with a Sub-Lieutenant typically wearing one stripe.",This system of stripes is common across many navies with historical ties to British naval traditions.,15,45,"{""Indian Navy"",""Ranks""}",NDA/CDS/AFCAT/SSB,AI-generated for Forge platform
DEF-0189,Indian Navy,History,Medium,MCQ,Which 1971 naval action is commemorated each year as Indian Navy Day?,The sinking of INS Khukri,Operation Trident's strike on Karachi,The commissioning of INS Vikrant,The Battle of Longewala,B,4 December marks the successful missile boat attack on Karachi harbour during the 1971 war.,The mission demonstrated the growing effectiveness of missile-based naval warfare for the Indian Navy.,15,45,"{""Indian Navy"",""History""}",NDA/CDS/AFCAT/SSB,AI-generated for Forge platform
DEF-0190,Indian Navy,Ships,Medium,MCQ,The Indian Navy's Rajput-class ships were originally built with assistance from which country?,France,United Kingdom,Soviet Union,United States,C,"Rajput-class destroyers were based on the Soviet Kashin class, forming a key part of the Navy's fleet for decades.",Many of these older ships have since been decommissioned as newer indigenous classes entered service.,15,45,"{""Indian Navy"",""Ships""}",NDA/CDS/AFCAT/SSB,AI-generated for Forge platform
DEF-0191,Indian Navy,Structure,Medium,MCQ,The Fleet Support Ship and replenishment vessels of the Indian Navy fall under which broader fleet category?,Aircraft carriers,Combat vessels,Submarines,Auxiliary and support vessels,D,Auxiliary vessels like tankers and repair ships support the Navy's combat fleet without engaging directly in combat themselves.,"Their role, though less visible, is essential to sustaining naval operations over long distances.",15,45,"{""Indian Navy"",""Structure""}",NDA/CDS/AFCAT/SSB,AI-generated for Forge platform
DEF-0192,Indian Navy,Weapons,Medium,MCQ,"The Barak missile system, used by Indian Navy ships for short-range air defence, was developed jointly with which country?",Israel,France,Russia,United Kingdom,A,Barak is a joint India-Israel development providing point defence against incoming missiles and aircraft.,It forms one layer of the multi-tiered air defence system used aboard major Indian warships.,15,45,"{""Indian Navy"",""Weapons""}",NDA/CDS/AFCAT/SSB,AI-generated for Forge platform
DEF-0193,Indian Navy,International,Medium,MCQ,The Indian Navy regularly participates in the multilateral Malabar exercise alongside which other countries?,"China, Russia, and Pakistan","United States, Japan, and Australia",Only the United States,Only Japan,B,"The Malabar exercise, which began as a bilateral India-US exercise, has expanded to include Japan and Australia as regular participants.",It has grown into one of the most significant naval exercises in the Indo-Pacific region.,15,45,"{""Indian Navy"",""International""}",NDA/CDS/AFCAT/SSB,AI-generated for Forge platform
DEF-0194,Indian Navy,History,Medium,MCQ,Which Indian Navy officer became the first Indian Chief of the Naval Staff after independence?,Admiral R.H. Tahiliani,Admiral S.M. Nanda,Vice Admiral R.D. Katari,Admiral Arun Prakash,C,"Vice Admiral R.D. Katari became the first Indian to head the Navy in 1958, succeeding a line of British officers.",His appointment marked a significant step in the full Indianisation of the armed forces' leadership.,15,45,"{""Indian Navy"",""History""}",NDA/CDS/AFCAT/SSB,AI-generated for Forge platform
DEF-0195,Indian Navy,Structure,Medium,MCQ,The Sagar Prahari Bal is a force raised by the Indian Navy for what specific purpose?,Long-range strategic deterrence,Deep-sea submarine warfare,Aircraft carrier operations,Coastal security patrol in close coordination with the Coast Guard and marine police,D,Sagar Prahari Bal was raised after the 2008 Mumbai attacks to strengthen near-shore and coastal security.,It works alongside the Coast Guard and state marine police to secure India's extensive coastline.,15,45,"{""Indian Navy"",""Structure""}",NDA/CDS/AFCAT/SSB,AI-generated for Forge platform
DEF-0196,Indian Navy,Ships,Medium,MCQ,"INS Vela, INS Khanderi, and INS Kalvari are all part of which class of Indian Navy submarines?",Kalvari class (Scorpene class),Kilo class,Sindhughosh class,Shishumar class,A,These are among the newer French-collaboration Scorpene-class (Kalvari-class) submarines inducted into the Navy in recent years.,Each submarine in this class is named after a historic vessel or marine predator from Indian naval history.,15,45,"{""Indian Navy"",""Ships""}",NDA/CDS/AFCAT/SSB,AI-generated for Forge platform
DEF-0197,Indian Navy,History,Medium,MCQ,Which Indian Navy operation involved sinking Pakistani vessels near Karachi using missile boats supplied by the Soviet Union?,Operation Cactus,Operation Trident,Operation Meghdoot,Operation Sukoon,B,"The Osa-class missile boats used in Operation Trident were of Soviet origin, equipped with Styx anti-ship missiles.",This operation is widely studied for its innovative and highly effective use of missile boats against a larger conventional navy.,15,45,"{""Indian Navy"",""History""}",NDA/CDS/AFCAT/SSB,AI-generated for Forge platform
DEF-0198,Indian Air Force,Ranks,Easy,MCQ,"What is the highest rank in the Indian Air Force, conferred only once in its history?",Air Marshal,Air Chief Marshal,Marshal of the Air Force,Air Vice Marshal,C,"This five-star rank was conferred on Arjan Singh, who led the IAF during the 1965 war.",He remains the only officer in Indian Air Force history to hold this rank.,10,45,"{""Indian Air Force"",""Ranks""}",NDA/CDS/AFCAT/SSB,AI-generated for Forge platform
DEF-0199,Indian Air Force,Ranks,Easy,MCQ,Which rank heads the Indian Air Force as its professional chief?,Vice Chief of the Air Staff,Marshal of the Air Force,Air Marshal,Air Chief Marshal,D,"The Chief of the Air Staff, holding the rank of Air Chief Marshal, is the senior-most serving IAF officer.","The position oversees all air operations, training, and administration for the force.",10,45,"{""Indian Air Force"",""Ranks""}",NDA/CDS/AFCAT/SSB,AI-generated for Forge platform
DEF-0200,Indian Air Force,Ranks,Medium,MCQ,Which IAF rank is roughly equivalent to a Colonel in the Army?,Group Captain,Wing Commander,Squadron Leader,Air Commodore,A,"A Group Captain often commands an air force station or base, similar in seniority to an Army Colonel.",Group Captains typically have extensive flying and command experience by this stage of their careers.,15,45,"{""Indian Air Force"",""Ranks""}",NDA/CDS/AFCAT/SSB,AI-generated for Forge platform
DEF-0201,Indian Air Force,Ranks,Medium,MCQ,Which IAF rank is roughly equivalent to a Lieutenant Colonel in the Army?,Group Captain,Wing Commander,Squadron Leader,Air Commodore,B,"Wing Commanders often command a squadron of aircraft, paralleling a Lieutenant Colonel's role commanding a battalion.",This is often considered a pivotal command appointment in an officer's career.,15,45,"{""Indian Air Force"",""Ranks""}",NDA/CDS/AFCAT/SSB,AI-generated for Forge platform
DEF-0202,Indian Air Force,Ranks,Medium,MCQ,Which IAF rank is the most junior commissioned officer rank?,Squadron Leader,Flight Lieutenant,Flying Officer,Pilot Officer (largely phased out as a distinct rank in modern IAF structure),C,Flying Officer is the entry rank for newly commissioned IAF officers after training.,Officers progress from here to Flight Lieutenant and beyond as they gain experience.,15,45,"{""Indian Air Force"",""Ranks""}",NDA/CDS/AFCAT/SSB,AI-generated for Forge platform
DEF-0203,Indian Air Force,Structure,Easy,MCQ,How many operational and functional commands does the Indian Air Force have in total?,Nine,Five,Three,Seven,D,"The IAF has five operational commands and two functional commands (Training and Maintenance), totalling seven.",Each command is headed by an Air Officer Commanding-in-Chief.,10,45,"{""Indian Air Force"",""Structure""}",NDA/CDS/AFCAT/SSB,AI-generated for Forge platform
DEF-0204,Indian Air Force,Structure,Medium,MCQ,The Western Air Command of the IAF is headquartered in which city?,New Delhi,Shillong,Allahabad,Gandhinagar,A,Western Air Command oversees a large and strategically important area including the northern and western borders.,It played a significant role during both the 1971 war and the Kargil conflict.,15,45,"{""Indian Air Force"",""Structure""}",NDA/CDS/AFCAT/SSB,AI-generated for Forge platform
DEF-0205,Indian Air Force,Structure,Medium,MCQ,The Eastern Air Command of the IAF is headquartered in which city?,New Delhi,Shillong,Thiruvananthapuram,Nagpur,B,"Eastern Air Command oversees India's North-Eastern airspace, an operationally important and challenging region.",Shillong's location gives the command proximity to the China border in this sector.,15,45,"{""Indian Air Force"",""Structure""}",NDA/CDS/AFCAT/SSB,AI-generated for Forge platform
DEF-0206,Indian Air Force,Structure,Medium,MCQ,The Central Air Command of the IAF is headquartered in which city?,Bengaluru,Gandhinagar,Allahabad (Prayagraj),Nagpur,C,"Central Air Command oversees a large swath of central and northern India, including parts of the border with China.",It played an important supporting role during operations in the eastern and northern theatres historically.,15,45,"{""Indian Air Force"",""Structure""}",NDA/CDS/AFCAT/SSB,AI-generated for Forge platform
DEF-0207,Indian Air Force,Structure,Medium,MCQ,"The Southern Air Command of the IAF, focused on southern India and coastal defence, is headquartered in which city?",Kochi,Bengaluru,Chennai,Thiruvananthapuram,D,Southern Air Command oversees operations across southern India and coordinates on maritime air defence matters.,It is one of the older established commands within the IAF structure.,15,45,"{""Indian Air Force"",""Structure""}",NDA/CDS/AFCAT/SSB,AI-generated for Forge platform
DEF-0208,Indian Air Force,Structure,Medium,MCQ,"Which IAF command, headquartered in Gandhinagar, focuses specifically on the desert and Gujarat sector?",South Western Air Command,Central Air Command,Western Air Command,Training Command,A,South Western Air Command was raised to give focused attention to operations in the Rajasthan and Gujarat desert regions.,This mirrors the Army's creation of a dedicated South Western Command for similar reasons.,15,45,"{""Indian Air Force"",""Structure""}",NDA/CDS/AFCAT/SSB,AI-generated for Forge platform
DEF-0209,Indian Air Force,Structure,Medium,MCQ,"Which functional IAF command, headquartered in Bengaluru, is responsible for training pilots and personnel?",Maintenance Command,Training Command,Central Air Command,Western Air Command,B,Training Command oversees flying training schools and academies that prepare IAF pilots and personnel.,Bengaluru has historically been a major hub for India's aviation and aerospace industry.,15,45,"{""Indian Air Force"",""Structure""}",NDA/CDS/AFCAT/SSB,AI-generated for Forge platform
DEF-0210,Indian Air Force,Structure,Medium,MCQ,"Which functional IAF command, headquartered in Nagpur, is responsible for aircraft maintenance and repair?",Eastern Air Command,Training Command,Maintenance Command,Central Air Command,C,Maintenance Command ensures IAF aircraft and equipment remain serviceable and combat-ready across the force.,Nagpur's central location makes it logistically convenient for coordinating maintenance depots nationwide.,15,45,"{""Indian Air Force"",""Structure""}",NDA/CDS/AFCAT/SSB,AI-generated for Forge platform
DEF-0211,Indian Air Force,Academies,Medium,MCQ,"After the NDA, Air Force cadets complete flying and academic training at which academy?",Officers Training Academy,Indian Military Academy,Indian Naval Academy,"Air Force Academy, Dundigal",D,The Air Force Academy near Hyderabad trains cadets for commissioning as pilots and ground duty officers.,It is where cadets earn their 'wings' upon successful completion of flying training.,15,45,"{""Indian Air Force"",""Academies""}",NDA/CDS/AFCAT/SSB,AI-generated for Forge platform
DEF-0212,Indian Air Force,Aircraft,Easy,MCQ,"Which indigenously developed fighter jet, developed by HAL, has entered service with the IAF in recent years?",Tejas,Su-30MKI,Mirage 2000,Jaguar,A,"The Tejas is a lightweight, single-engine multirole fighter developed by India's Hindustan Aeronautics Limited.","Its development spanned several decades, reflecting the complexity of indigenous fighter aircraft programmes.",10,45,"{""Indian Air Force"",""Aircraft""}",NDA/CDS/AFCAT/SSB,AI-generated for Forge platform
DEF-0213,Indian Air Force,Aircraft,Medium,MCQ,"The Su-30MKI, a mainstay of the IAF's fighter fleet, is primarily manufactured under licence from which country?",France,Russia,United States,United Kingdom,B,"The Su-30MKI is built under licence by HAL in India, based on the Russian Sukhoi Su-30 design.",It is considered one of the most capable and heavily customised variants of the Su-30 family in the world.,15,45,"{""Indian Air Force"",""Aircraft""}",NDA/CDS/AFCAT/SSB,AI-generated for Forge platform
DEF-0214,Indian Air Force,Aircraft,Medium,MCQ,"The Rafale fighter jet, inducted by the IAF in recent years, is manufactured by which country?",United States,Russia,France,Sweden,C,The Rafale is built by Dassault Aviation and was acquired by India through a government-to-government deal.,"The aircraft is known for its versatility across air superiority, strike, and reconnaissance roles.",15,45,"{""Indian Air Force"",""Aircraft""}",NDA/CDS/AFCAT/SSB,AI-generated for Forge platform
DEF-0215,Indian Air Force,Aircraft,Medium,MCQ,"The Mirage 2000, used effectively during the Kargil War for precision strikes, is manufactured by which country?",Israel,Russia,United Kingdom,France,D,Dassault's Mirage 2000 has been part of the IAF fleet for decades and was upgraded in later years for continued relevance.,Its precision strikes on entrenched positions during Kargil were considered a turning point in that conflict.,15,45,"{""Indian Air Force"",""Aircraft""}",NDA/CDS/AFCAT/SSB,AI-generated for Forge platform
DEF-0216,Indian Air Force,Aircraft,Medium,MCQ,"The MiG-21, one of the IAF's longest-serving fighters, originates from which country?",Soviet Union/Russia,China,France,United Kingdom,A,"The MiG-21 has served the IAF since the 1960s, though it has been progressively phased out in favour of newer aircraft.","Despite its age, it remained in frontline service far longer than most contemporaries worldwide.",15,45,"{""Indian Air Force"",""Aircraft""}",NDA/CDS/AFCAT/SSB,AI-generated for Forge platform
DEF-0217,Indian Air Force,Aircraft,Medium,MCQ,"The C-17 Globemaster III, used for heavy-lift transport by the IAF, is manufactured by which country?",Russia,United States,Ukraine,France,B,The C-17 gives the IAF the ability to airlift heavy equipment and large numbers of troops over long distances.,It has been used in humanitarian missions as well as military logistics operations.,15,45,"{""Indian Air Force"",""Aircraft""}",NDA/CDS/AFCAT/SSB,AI-generated for Forge platform
DEF-0218,Indian Air Force,Aircraft,Medium,MCQ,"The C-130J Super Hercules, used for special operations and tactical airlift by the IAF, is manufactured by which country?",Ukraine,Russia,United States,Italy,C,The C-130J's ability to operate from short and rough airstrips makes it ideal for special forces support missions.,It has been used in various evacuation operations involving Indian citizens abroad.,15,45,"{""Indian Air Force"",""Aircraft""}",NDA/CDS/AFCAT/SSB,AI-generated for Forge platform
DEF-0219,Indian Air Force,Aircraft,Medium,MCQ,"The An-32, a medium tactical transport aircraft long used by the IAF, originates from which country?",Israel,United States,France,Ukraine (Soviet-era design),D,"The An-32 has served the IAF for decades, particularly for supply missions to remote and high-altitude regions.",It remains a workhorse for logistics in difficult terrain like the North-East and Ladakh.,15,45,"{""Indian Air Force"",""Aircraft""}",NDA/CDS/AFCAT/SSB,AI-generated for Forge platform
DEF-0220,Indian Air Force,Helicopters,Medium,MCQ,"The Apache attack helicopter, inducted by the IAF, is manufactured by which country?",United States,Russia,France,Israel,A,The Boeing AH-64 Apache provides the IAF with advanced attack helicopter capability for close air support and anti-armour roles.,It is among the most advanced attack helicopters in service anywhere in the world.,15,45,"{""Indian Air Force"",""Helicopters""}",NDA/CDS/AFCAT/SSB,AI-generated for Forge platform
DEF-0221,Indian Air Force,Helicopters,Medium,MCQ,"The Chinook heavy-lift helicopter, inducted by the IAF, is used primarily for what role?",Air-to-air combat,"Heavy-lift transport of troops and equipment, including artillery",Long-range strategic bombing,Maritime patrol,B,"The Chinook can carry heavy loads, including artillery pieces, to remote and high-altitude areas.",It has proven especially valuable for operations in mountainous terrain like Ladakh.,15,45,"{""Indian Air Force"",""Helicopters""}",NDA/CDS/AFCAT/SSB,AI-generated for Forge platform
DEF-0222,Indian Air Force,Helicopters,Medium,MCQ,"The Dhruv Advanced Light Helicopter, used by the IAF and other services, is manufactured by which Indian company?",DRDO directly,Bharat Electronics Limited,Hindustan Aeronautics Limited (HAL),Bharat Dynamics Limited,C,"The Dhruv is an indigenously developed multi-role helicopter used across the Army, Navy, Air Force, and Coast Guard.","Its aerobatic display variant, used by the Sarang team, showcases its manoeuvrability.",15,45,"{""Indian Air Force"",""Helicopters""}",NDA/CDS/AFCAT/SSB,AI-generated for Forge platform
DEF-0223,Indian Air Force,Aerobatics,Easy,MCQ,"The Indian Air Force's aerobatic display team, flying Hawk aircraft, is called?",Golden Arrows,Sarang,Thunderbolts,Surya Kiran,D,The Surya Kiran Aerobatic Team performs precision formation flying displays at air shows across India and abroad.,"'Surya Kiran' translates to 'Sun Rays', reflecting the team's dazzling aerial displays.",10,45,"{""Indian Air Force"",""Aerobatics""}",NDA/CDS/AFCAT/SSB,AI-generated for Forge platform
DEF-0224,Indian Air Force,Aerobatics,Medium,MCQ,"The IAF's helicopter aerobatic display team, flying the Dhruv, is called?",Sarang,Surya Kiran,Thunderbolts,Sarabhai,A,"The Sarang team performs helicopter aerobatic displays, showcasing the agility of the indigenous Dhruv helicopter.","'Sarang' means peacock in Hindi, chosen for its association with grace and colour.",15,45,"{""Indian Air Force"",""Aerobatics""}",NDA/CDS/AFCAT/SSB,AI-generated for Forge platform
DEF-0225,Indian Air Force,History,Easy,MCQ,Indian Air Force Day is celebrated on which date each year?,4 December,8 October,15 January,26 July,B,8 October marks the founding of the Indian Air Force in 1932.,Major ceremonial flypasts and parades are held on this day at IAF bases across the country.,10,45,"{""Indian Air Force"",""History""}",NDA/CDS/AFCAT/SSB,AI-generated for Forge platform
DEF-0226,Indian Air Force,History,Medium,MCQ,"The Indian Air Force was officially established in which year, initially as the Royal Indian Air Force?",1950,1947,1932,1965,C,The force was established under British rule in 1932 and later dropped 'Royal' from its title after India became a republic in 1950.,Its first operational flight and squadron were formed shortly after its founding.,15,45,"{""Indian Air Force"",""History""}",NDA/CDS/AFCAT/SSB,AI-generated for Forge platform
DEF-0227,Indian Air Force,Air Defence,Medium,MCQ,"Which indigenous surface-to-air missile system provides medium-range air defence for the IAF, developed by DRDO?",BrahMos,Agni,Prithvi,Akash,D,"Akash provides area air defence against aircraft and other aerial threats, developed as part of India's indigenous missile programme.",It has been inducted by both the Army and the Air Force in different variants.,15,45,"{""Indian Air Force"",""Air Defence""}",NDA/CDS/AFCAT/SSB,AI-generated for Forge platform
DEF-0228,Indian Air Force,Air Defence,Medium,MCQ,"Which system, jointly developed with Israel, provides the IAF and Navy with medium-range air and missile defence?",Barak-8 / MR-SAM,Akash,Agni-V,Prithvi,A,The Barak-8 (Medium Range Surface to Air Missile) programme is a joint India-Israel development providing advanced air defence.,Both naval ships and land-based IAF units use variants of this system.,15,45,"{""Indian Air Force"",""Air Defence""}",NDA/CDS/AFCAT/SSB,AI-generated for Forge platform
DEF-0229,Indian Air Force,AWACS,Medium,MCQ,"The IAF's AWACS aircraft, providing airborne early warning, is based on which aircraft platform?",Only the C-130J platform,Embraer or Ilyushin platforms fitted with Indian-developed radar systems,Only the Su-30MKI platform,Only the Rafale platform,B,"India has developed AWACS and AEW&C systems mounted on Embraer and Ilyushin-76 aircraft, fitted with indigenous radar.",These aircraft provide critical situational awareness by detecting threats well before they reach Indian airspace.,15,45,"{""Indian Air Force"",""AWACS""}",NDA/CDS/AFCAT/SSB,AI-generated for Forge platform
DEF-0230,Indian Air Force,UAVs,Medium,MCQ,Which Israeli-origin UAVs have been extensively used by the IAF and Army for surveillance?,Rustom and Nishant only,Predator and Global Hawk,Heron and Searcher,Harop exclusively,C,IAI Heron and Searcher UAVs provide long-endurance reconnaissance and surveillance for Indian forces.,India has also been developing indigenous UAV programmes to reduce reliance on imports over time.,15,45,"{""Indian Air Force"",""UAVs""}",NDA/CDS/AFCAT/SSB,AI-generated for Forge platform
DEF-0231,Indian Air Force,History,Medium,MCQ,Which IAF officer became the Chief of the Air Staff and led the force during the 1971 war?,La Fontaine,Arjan Singh,S.K. Mehra,P.C. Lal,D,"Air Chief Marshal P.C. Lal led the IAF during the decisive 1971 war, overseeing extensive air operations on both fronts.","Arjan Singh had led the force earlier, notably during the 1965 war.",15,45,"{""Indian Air Force"",""History""}",NDA/CDS/AFCAT/SSB,AI-generated for Forge platform
DEF-0232,Indian Air Force,Bases,Medium,MCQ,Which forward IAF base in Ladakh has gained prominence due to its high-altitude operational significance?,Leh Air Force Station,Halwara Air Force Station,Ambala Air Force Station,Jodhpur Air Force Station,A,"Leh Air Force Station operates at extreme altitude, supporting operations in the strategically sensitive Ladakh region.",Its runway is among the highest in the world used for military aviation.,15,45,"{""Indian Air Force"",""Bases""}",NDA/CDS/AFCAT/SSB,AI-generated for Forge platform
DEF-0233,Indian Air Force,Bases,Medium,MCQ,"Ambala Air Force Station, which houses the IAF's Rafale squadron, is located in which state?",Punjab,Haryana,Rajasthan,Uttar Pradesh,B,Ambala was chosen as one of the key bases for the newly inducted Rafale fighters due to its strategic location.,It has a long history as one of the IAF's important frontline air bases.,15,45,"{""Indian Air Force"",""Bases""}",NDA/CDS/AFCAT/SSB,AI-generated for Forge platform
DEF-0234,Indian Air Force,Weapons,Medium,MCQ,"The Astra missile, developed indigenously for the IAF's fighter aircraft, is which type of weapon?",Anti-ship missile,Surface-to-air missile,Air-to-air missile,Air-to-ground bomb,C,Astra provides Indian fighter aircraft with an indigenous beyond-visual-range air-to-air missile option.,It has been tested and integrated with aircraft like the Su-30MKI and Tejas.,15,45,"{""Indian Air Force"",""Weapons""}",NDA/CDS/AFCAT/SSB,AI-generated for Forge platform
DEF-0235,Indian Air Force,Weapons,Medium,MCQ,"Which precision-guided bomb kit, used by the IAF, helps convert unguided bombs into precision weapons?",Astra,Prithvi,Agni,SAAW (Smart Anti-Airfield Weapon) and similar indigenous kits,D,Indigenous guidance kits like SAAW allow the IAF to strike targets with greater precision using existing bomb stocks.,This reduces dependence on costly imported precision munitions for many strike missions.,15,45,"{""Indian Air Force"",""Weapons""}",NDA/CDS/AFCAT/SSB,AI-generated for Forge platform
DEF-0236,Indian Air Force,Aircraft,Medium,MCQ,The Jaguar deep-penetration strike aircraft used by the IAF was jointly developed by which two countries originally?,France and the United Kingdom,France and Germany,United States and United Kingdom,Russia and India,A,"The SEPECAT Jaguar was a joint Anglo-French project, later license-built and extensively used by India.",It remains valued for its low-level strike capability despite its age.,15,45,"{""Indian Air Force"",""Aircraft""}",NDA/CDS/AFCAT/SSB,AI-generated for Forge platform
DEF-0237,Indian Air Force,Structure,Medium,MCQ,"Roughly how many fighter squadrons does the IAF's sanctioned strength call for, a figure often referenced in defence discussions?",20 squadrons,42 squadrons,60 squadrons,10 squadrons,B,"The IAF's sanctioned strength is 42 fighter squadrons, though actual numbers have often fallen below this target due to phased retirements and delayed inductions.",This gap has been a recurring topic in India's defence modernisation debates.,15,45,"{""Indian Air Force"",""Structure""}",NDA/CDS/AFCAT/SSB,AI-generated for Forge platform
DEF-0238,Indian Air Force,History,Medium,MCQ,Which conflict saw the IAF's first major independent air campaign since the 1971 war?,Operation Cactus,The 1962 war,Kargil War (Operation Safed Sagar),Operation Meghdoot,C,"Operation Safed Sagar marked a significant IAF combat role, including the first use of laser-guided bombs by the force in that conflict.",It highlighted both the effectiveness and the challenges of air operations in extreme mountainous terrain.,15,45,"{""Indian Air Force"",""History""}",NDA/CDS/AFCAT/SSB,AI-generated for Forge platform
DEF-0239,Indian Air Force,Aircraft,Medium,MCQ,"The Dornier 228, used by the IAF for light transport and communication duties, is manufactured under licence by which Indian company?",Bharat Dynamics Limited,Bharat Electronics Limited,National Aerospace Laboratories,Hindustan Aeronautics Limited,D,"HAL manufactures the Dornier 228 under licence, and the aircraft is used for utility and light transport roles.",Its short-field capability makes it useful for operations from smaller or remote airstrips.,15,45,"{""Indian Air Force"",""Aircraft""}",NDA/CDS/AFCAT/SSB,AI-generated for Forge platform
DEF-0240,Indian Air Force,Ranks,Medium,MCQ,Which IAF rank is equivalent to a Major General in the Army?,Air Vice Marshal,Air Commodore,Air Marshal,Group Captain,A,"An Air Vice Marshal typically commands significant IAF formations, paralleling the Army's Major General.",This rank often precedes further promotion to Air Marshal for senior leadership roles.,15,45,"{""Indian Air Force"",""Ranks""}",NDA/CDS/AFCAT/SSB,AI-generated for Forge platform
DEF-0241,Indian Air Force,Ranks,Medium,MCQ,Which IAF rank is equivalent to a Lieutenant General in the Army?,Air Vice Marshal,Air Marshal,Air Commodore,Air Chief Marshal,B,Air Marshals often command an operational command or hold senior staff appointments at Air Headquarters.,This is typically one of the final ranks before an officer might be considered for Air Chief Marshal.,15,45,"{""Indian Air Force"",""Ranks""}",NDA/CDS/AFCAT/SSB,AI-generated for Forge platform
DEF-0242,Indian Air Force,Exercises,Medium,MCQ,"Which large multinational air exercise has the IAF participated in alongside air forces like the US, UK, and France?",Exercise Yudh Abhyas (primarily an army exercise),Exercise Malabar (a primarily naval exercise),Exercise Red Flag / Garuda-type multinational exercises,Exercise Varuna (a primarily naval exercise),C,"The IAF has taken part in exercises like Red Flag in the United States, gaining exposure to advanced training environments with multiple air forces.",Such exercises help IAF pilots train against diverse threat simulations and improve interoperability.,15,45,"{""Indian Air Force"",""Exercises""}",NDA/CDS/AFCAT/SSB,AI-generated for Forge platform
DEF-0243,Indian Air Force,Weapons,Medium,MCQ,"The BrahMos-A, an air-launched variant of the BrahMos missile, has been integrated with which IAF aircraft?",Jaguar,Tejas,Rafale,Su-30MKI,D,"The Su-30MKI was modified to carry the heavier air-launched BrahMos missile, giving the IAF a potent long-range strike option.",India became one of the few countries capable of launching a supersonic cruise missile from a fighter aircraft.,15,45,"{""Indian Air Force"",""Weapons""}",NDA/CDS/AFCAT/SSB,AI-generated for Forge platform
DEF-0244,Gallantry Awards & Heroes,Gallantry Awards,Easy,MCQ,"Which is India's highest military gallantry award, given for the most conspicuous acts of bravery in the presence of the enemy?",Param Vir Chakra,Maha Vir Chakra,Vir Chakra,Ashok Chakra,A,"The Param Vir Chakra is India's highest wartime gallantry award, equivalent to awards like the Victoria Cross or Medal of Honor.","Most Param Vir Chakras have been awarded posthumously, reflecting the extreme risk associated with the acts of valour honoured.",10,45,"{""Gallantry Awards & Heroes"",""Gallantry Awards""}",NDA/CDS/SSB,AI-generated for Forge platform
DEF-0245,Gallantry Awards & Heroes,Gallantry Awards,Easy,MCQ,"Which gallantry award is India's highest peacetime honour for bravery, equivalent in stature to the Param Vir Chakra?",Kirti Chakra,Ashok Chakra,Shaurya Chakra,Vir Chakra,B,"The Ashok Chakra recognises the most conspicuous acts of bravery outside of direct combat with an enemy, such as counter-terrorism operations.",It is often awarded for actions during internal security operations rather than conventional warfare.,10,45,"{""Gallantry Awards & Heroes"",""Gallantry Awards""}",NDA/CDS/SSB,AI-generated for Forge platform
DEF-0246,Gallantry Awards & Heroes,Gallantry Awards,Medium,MCQ,Which gallantry award ranks below the Param Vir Chakra but above the Vir Chakra in wartime honours?,Shaurya Chakra,Ashok Chakra,Maha Vir Chakra,Sena Medal,C,"The Maha Vir Chakra is the second-highest wartime gallantry award, recognising acts of conspicuous gallantry in the presence of the enemy.",Several senior military commanders have received this award for their leadership during major wars.,15,45,"{""Gallantry Awards & Heroes"",""Gallantry Awards""}",NDA/CDS/SSB,AI-generated for Forge platform
DEF-0247,Gallantry Awards & Heroes,Gallantry Awards,Medium,MCQ,Which peacetime gallantry award ranks below the Ashok Chakra but above the Shaurya Chakra?,Maha Vir Chakra,Vir Chakra,Sena Medal,Kirti Chakra,D,The Kirti Chakra is the second-highest peacetime gallantry award for acts of bravery away from active combat with an enemy.,Both the Kirti Chakra and Shaurya Chakra are frequently awarded for counter-terrorism and counter-insurgency operations.,15,45,"{""Gallantry Awards & Heroes"",""Gallantry Awards""}",NDA/CDS/SSB,AI-generated for Forge platform
DEF-0248,Gallantry Awards & Heroes,Gallantry Awards,Medium,MCQ,"Which is the third-highest wartime gallantry award in India, often awarded for individual acts of bravery in battle?",Vir Chakra,Shaurya Chakra,Sena Medal,Ashok Chakra,A,"The Vir Chakra recognises gallantry in the presence of the enemy, ranking below the Param Vir Chakra and Maha Vir Chakra.",It has been awarded extensively across all of India's major conflicts since independence.,15,45,"{""Gallantry Awards & Heroes"",""Gallantry Awards""}",NDA/CDS/SSB,AI-generated for Forge platform
DEF-0249,Gallantry Awards & Heroes,Param Vir Chakra,Medium,MCQ,"Who was the first recipient of the Param Vir Chakra, honoured for his actions during the 1947-48 war?",Captain Vikram Batra,Major Somnath Sharma,Major Shaitan Singh,Naik Jadunath Singh,B,Major Somnath Sharma was posthumously awarded the PVC for his defence of Badgam during the 1947-48 Kashmir conflict.,"His citation describes his leadership even after being wounded, continuing to direct his men until his death.",15,45,"{""Gallantry Awards & Heroes"",""Param Vir Chakra""}",NDA/CDS/SSB,AI-generated for Forge platform
DEF-0250,Gallantry Awards & Heroes,Param Vir Chakra,Medium,MCQ,"Captain Vikram Batra, awarded the Param Vir Chakra posthumously, is associated with which conflict?",1965 War,1971 War,Kargil War,Siachen conflict,C,Captain Batra led the recapture of key peaks including Point 5140 during the 1999 Kargil War before being killed in action.,His radio call sign 'Sher Shah' and phrase 'Yeh Dil Maange More' became iconic symbols of the war.,15,45,"{""Gallantry Awards & Heroes"",""Param Vir Chakra""}",NDA/CDS/SSB,AI-generated for Forge platform
DEF-0251,Gallantry Awards & Heroes,Param Vir Chakra,Medium,MCQ,"Major Shaitan Singh, awarded the Param Vir Chakra, is remembered for his leadership at which 1962 battle?",Nathu La,Walong,Tawang,Rezang La,D,Major Shaitan Singh led his company in a heroic last stand against overwhelming Chinese forces at Rezang La.,The battle is commemorated annually and is considered one of the most valorous stands in Indian military history.,15,45,"{""Gallantry Awards & Heroes"",""Param Vir Chakra""}",NDA/CDS/SSB,AI-generated for Forge platform
DEF-0252,Gallantry Awards & Heroes,Param Vir Chakra,Medium,MCQ,Which Param Vir Chakra recipient is known for the phrase 'Yeh Dil Maange More' during the Kargil War?,Captain Vikram Batra,Grenadier Yogendra Singh Yadav,Major Shaitan Singh,Naik Jadunath Singh,A,Captain Vikram Batra's radio message after capturing Point 5140 became one of the most memorable quotes associated with the war.,"The phrase later inspired popular culture references, including its use in advertising campaigns.",15,45,"{""Gallantry Awards & Heroes"",""Param Vir Chakra""}",NDA/CDS/SSB,AI-generated for Forge platform
DEF-0253,Gallantry Awards & Heroes,Param Vir Chakra,Medium,MCQ,"Grenadier Yogendra Singh Yadav, one of the youngest Param Vir Chakra recipients, was honoured for actions during which battle?",Battle of Rezang La,Capture of Tiger Hill during the Kargil War,Battle of Longewala,1971 Battle of Basantar,B,"At just 19 years old, he scaled a cliff under heavy fire to neutralise enemy bunkers, enabling his company's advance.",He remains one of the youngest recipients of India's highest gallantry award.,15,45,"{""Gallantry Awards & Heroes"",""Param Vir Chakra""}",NDA/CDS/SSB,AI-generated for Forge platform
DEF-0254,Gallantry Awards & Heroes,Param Vir Chakra,Hard,MCQ,Which Param Vir Chakra recipient is associated with the Battle of Basantar during the 1971 war?,Naik Jadunath Singh,Major Shaitan Singh,Second Lieutenant Arun Khetarpal,Lance Naik Albert Ekka,C,"Second Lieutenant Arun Khetarpal, only 21, destroyed several enemy tanks before being killed in his own damaged tank during the battle.",He remains one of the youngest officers to receive the Param Vir Chakra.,20,45,"{""Gallantry Awards & Heroes"",""Param Vir Chakra""}",NDA/CDS/SSB,AI-generated for Forge platform
DEF-0255,Gallantry Awards & Heroes,Param Vir Chakra,Hard,MCQ,"Lance Naik Albert Ekka, a Param Vir Chakra recipient, earned the honour during which war?",Kargil War,1965 War,1962 War,1971 War,D,"Lance Naik Ekka led an assault on enemy positions in the eastern sector, continuing to fight despite being critically wounded.",He remains one of the few Param Vir Chakra recipients from the tribal community of Jharkhand.,20,45,"{""Gallantry Awards & Heroes"",""Param Vir Chakra""}",NDA/CDS/SSB,AI-generated for Forge platform
DEF-0256,Gallantry Awards & Heroes,Param Vir Chakra,Hard,MCQ,"Naik Jadunath Singh, one of the early Param Vir Chakra recipients, was honoured for actions during which conflict?",1947-48 War,1965 War,1971 War,Kargil War,A,"Naik Jadunath Singh held off a much larger attacking force in Kashmir, buying crucial time for reinforcements to arrive.",His actions in the 1947-48 war are remembered as an example of extraordinary individual valour under pressure.,20,45,"{""Gallantry Awards & Heroes"",""Param Vir Chakra""}",NDA/CDS/SSB,AI-generated for Forge platform
DEF-0257,Gallantry Awards & Heroes,Ashok Chakra,Medium,MCQ,"The Ashok Chakra recognises bravery displayed in situations other than direct war with an enemy nation, such as which type of operation?",Ceremonial guard duties,Counter-terrorism and internal security operations,Sporting competitions,Peacetime training exercises,B,Many Ashok Chakra recipients have been honoured for actions during counter-terrorism operations or hostage rescues.,"The award can also be given for extraordinary bravery in non-combat emergencies, such as disaster response.",15,45,"{""Gallantry Awards & Heroes"",""Ashok Chakra""}",NDA/CDS/SSB,AI-generated for Forge platform
DEF-0258,Gallantry Awards & Heroes,Military Heroes,Medium,MCQ,Field Marshal Sam Manekshaw is best remembered for leading the Indian Army during which war?,1962 War,1965 War,1971 War,Kargil War,C,Manekshaw's strategic leadership during the 1971 war is widely credited with the decisive victory that led to Bangladesh's creation.,"He became India's first Field Marshal, a rare five-star rank, in recognition of his service.",15,45,"{""Gallantry Awards & Heroes"",""Military Heroes""}",NDA/CDS/SSB,AI-generated for Forge platform
DEF-0259,Gallantry Awards & Heroes,Military Heroes,Medium,MCQ,Field Marshal K.M. Cariappa is remembered as the first Indian to hold which historic position?,Chief of Defence Staff,Chief of the Naval Staff,Chief of the Air Staff,Commander-in-Chief of the Indian Army,D,Cariappa took over as the first Indian Commander-in-Chief of the Army in January 1949.,"He was conferred the rank of Field Marshal decades later, in 1986, in recognition of his lifelong service.",15,45,"{""Gallantry Awards & Heroes"",""Military Heroes""}",NDA/CDS/SSB,AI-generated for Forge platform
DEF-0260,Gallantry Awards & Heroes,Military Heroes,Medium,MCQ,"Air Chief Marshal Arjan Singh, later conferred the rank of Marshal of the Air Force, led the IAF during which war?",1965 War,1971 War,1962 War,Kargil War,A,Arjan Singh's leadership during the 1965 war is credited with significantly boosting the IAF's operational effectiveness.,He remains the only officer to hold the five-star Marshal of the Air Force rank in Indian history.,15,45,"{""Gallantry Awards & Heroes"",""Military Heroes""}",NDA/CDS/SSB,AI-generated for Forge platform
DEF-0261,Gallantry Awards & Heroes,Military Heroes,Medium,MCQ,"General Bipin Rawat, who tragically passed away in a 2021 helicopter crash, held which historic first position?",India's first Field Marshal,India's first Chief of Defence Staff,India's first Param Vir Chakra recipient,India's first woman General,B,"General Rawat was appointed as India's first Chief of Defence Staff in December 2019, a post aimed at improving tri-service coordination.","The post was created following recommendations that traced back, in part, to lessons learned from the Kargil War.",15,45,"{""Gallantry Awards & Heroes"",""Military Heroes""}",NDA/CDS/SSB,AI-generated for Forge platform
DEF-0262,Gallantry Awards & Heroes,Gallantry Awards,Medium,MCQ,"Which gallantry award, ranking just below the Sena Medal in some classifications, or rather above it, recognises distinguished non-combat service?",Maha Vir Chakra,Param Vir Chakra,"Vishisht Seva Medal (a distinguished service award, distinct from gallantry awards)",Ashok Chakra,C,"The Vishisht Seva Medal recognises distinguished service of an exceptional order, separate from the gallantry award hierarchy.","It has different classes (Param Vishisht, Ati Vishisht, and Vishisht) reflecting different levels of distinguished service.",15,45,"{""Gallantry Awards & Heroes"",""Gallantry Awards""}",NDA/CDS/SSB,AI-generated for Forge platform
DEF-0263,Gallantry Awards & Heroes,Gallantry Awards,Medium,MCQ,"The 'Sena Medal', 'Nao Sena Medal', and 'Vayu Sena Medal' are service-specific versions of which type of award?",A retirement honour only,A civilian award,An award only for sporting achievement,"A gallantry/distinguished service award below the Chakra series, one for each service",D,"Each service has its own version of this medal, awarded for gallantry or distinguished service at a level below the Vir Chakra tier.",These medals are relatively more frequently awarded compared to the higher Chakra and Vir Chakra series.,15,45,"{""Gallantry Awards & Heroes"",""Gallantry Awards""}",NDA/CDS/SSB,AI-generated for Forge platform
DEF-0264,Gallantry Awards & Heroes,Military Heroes,Medium,MCQ,Which Indian Air Force pilot is remembered for shooting down a Pakistani F-16 during the 2019 Balakot-related aerial engagement?,Wing Commander Abhinandan Varthaman,Air Marshal Arjan Singh,Air Chief Marshal P.C. Lal,Group Captain Ajay Ahuja,A,Wing Commander Abhinandan Varthaman's MiG-21 Bison was involved in the aerial engagement before he was captured and later released by Pakistan.,His safe return became a significant diplomatic and public event at the time.,15,45,"{""Gallantry Awards & Heroes"",""Military Heroes""}",NDA/CDS/SSB,AI-generated for Forge platform
DEF-0265,Gallantry Awards & Heroes,Military Heroes,Medium,MCQ,"Group Captain Ajay Ahuja, killed during the Kargil War, was flying which type of IAF aircraft when his aircraft was shot down?",Mirage 2000,MiG-21,Su-30MKI,Jaguar,B,His aircraft was shot down while searching for a fellow pilot who had ejected earlier in the conflict.,He was posthumously awarded the Vir Chakra for his actions during the Kargil War.,15,45,"{""Gallantry Awards & Heroes"",""Military Heroes""}",NDA/CDS/SSB,AI-generated for Forge platform
DEF-0266,Gallantry Awards & Heroes,Gallantry Awards,Medium,MCQ,"Which of these gallantry awards can be awarded to civilians as well as armed forces personnel, unlike the strictly military-only awards?",Maha Vir Chakra only,Param Vir Chakra only,"Ashok Chakra, Kirti Chakra, and Shaurya Chakra can be awarded to civilians",Vir Chakra only,C,"The peacetime gallantry award series (Ashok Chakra, Kirti Chakra, Shaurya Chakra) can be awarded to civilians for extraordinary bravery.","The wartime Param Vir Chakra, Maha Vir Chakra, and Vir Chakra are reserved specifically for armed forces personnel.",15,45,"{""Gallantry Awards & Heroes"",""Gallantry Awards""}",NDA/CDS/SSB,AI-generated for Forge platform
DEF-0267,Gallantry Awards & Heroes,Military Heroes,Hard,MCQ,Which naval officer commanded the Eastern Fleet during the 1971 war's naval operations against East Pakistan?,Admiral R.H. Tahiliani,Admiral S.M. Nanda,Vice Admiral R.D. Katari,Vice Admiral N. Krishnan,D,"Vice Admiral N. Krishnan commanded the Eastern Fleet, which played a key role in the naval blockade of East Pakistan.",Admiral S.M. Nanda served as the overall Chief of the Naval Staff during the war.,20,45,"{""Gallantry Awards & Heroes"",""Military Heroes""}",NDA/CDS/SSB,AI-generated for Forge platform
DEF-0268,Gallantry Awards & Heroes,Military Heroes,Hard,MCQ,Which Army officer is credited with leading the daring capture of Sylhet during the 1971 war using a heliborne operation?,Lt Gen Sagat Singh,Lt Gen Jagjit Singh Aurora,Lt Gen J.F.R. Jacob,Field Marshal Sam Manekshaw,A,"Lt Gen Sagat Singh's IV Corps carried out a bold heliborne assault to capture Sylhet, showcasing innovative use of air mobility.",This operation is studied as an early example of successful heliborne assault tactics in Indian military history.,20,45,"{""Gallantry Awards & Heroes"",""Military Heroes""}",NDA/CDS/SSB,AI-generated for Forge platform
DEF-0269,Gallantry Awards & Heroes,Gallantry Awards,Medium,MCQ,"Approximately how many Param Vir Chakras have been awarded since India's independence, as of recent tallies?",Around 5,Around 21,Around 100,Around 500,B,"The Param Vir Chakra has been awarded around 21 times since 1947, reflecting the extremely high threshold for the honour.","Many of these have been awarded posthumously, underscoring the extraordinary sacrifice involved.",15,45,"{""Gallantry Awards & Heroes"",""Gallantry Awards""}",NDA/CDS/SSB,AI-generated for Forge platform
DEF-0270,Gallantry Awards & Heroes,Military Heroes,Medium,MCQ,"The Chhamb sector, the site of intense fighting in both the 1965 and 1971 wars, lies along the border of which Indian state/UT?",Rajasthan,Punjab,Jammu and Kashmir,Himachal Pradesh,C,"Chhamb, located in the Jammu region, has repeatedly been a flashpoint in India-Pakistan conflicts due to its strategic location.",Its proximity to the international border makes it one of the most militarily sensitive sectors in the region.,15,45,"{""Gallantry Awards & Heroes"",""Military Heroes""}",NDA/CDS/SSB,AI-generated for Forge platform
DEF-0271,Gallantry Awards & Heroes,Military Heroes,Medium,MCQ,"General K.S. Thimayya, a highly respected Indian Army Chief, served prominently in which historical period?",Only during the Kargil War,Only during British colonial rule,Only during the 1971 war,"1950s, including the early years post-independence",D,General Thimayya's leadership style and strategic thinking left a lasting impact on the Indian Army's institutional development.,He also commanded Indian troops in earlier conflicts before rising to become Army Chief.,15,45,"{""Gallantry Awards & Heroes"",""Military Heroes""}",NDA/CDS/SSB,AI-generated for Forge platform
DEF-0272,Gallantry Awards & Heroes,Gallantry Awards,Medium,MCQ,"Which gallantry award category is specifically reserved for the highest degree of valour in the face of the enemy, translating roughly to 'Wheel of the Ultimate Brave'?",Param Vir Chakra,Maha Vir Chakra,Vir Chakra,Ashok Chakra,A,"The name Param Vir Chakra translates approximately to 'Wheel of the Supreme Brave', reflecting its status as India's highest honour.","The medal itself features a design based on Indra's Vajra, symbolising power and courage.",15,45,"{""Gallantry Awards & Heroes"",""Gallantry Awards""}",NDA/CDS/SSB,AI-generated for Forge platform
DEF-0273,Gallantry Awards & Heroes,Military Heroes,Medium,MCQ,The 1971 war saw significant IAF air combat on which fronts?,Only the western front,Both the western and eastern fronts,Only the eastern front,No significant air combat occurred,B,"The IAF conducted extensive operations on both fronts, achieving air superiority that supported the rapid ground advance in the east.",Several IAF pilots achieved multiple aerial victories during the intense air battles of this war.,15,45,"{""Gallantry Awards & Heroes"",""Military Heroes""}",NDA/CDS/SSB,AI-generated for Forge platform
DEF-0274,Gallantry Awards & Heroes,Gallantry Awards,Medium,MCQ,"The Shaurya Chakra, India's third-highest peacetime gallantry award, is often awarded for actions in which context?",Ceremonial functions,International sporting events,Counter-insurgency and anti-terrorism operations,Scientific research expeditions,C,"The Shaurya Chakra recognises gallantry displayed away from direct combat with an external enemy, often during internal security duties.","It has been awarded to personnel across the Army, Navy, Air Force, and central paramilitary forces.",15,45,"{""Gallantry Awards & Heroes"",""Gallantry Awards""}",NDA/CDS/SSB,AI-generated for Forge platform
DEF-0275,Gallantry Awards & Heroes,Military Heroes,Medium,MCQ,Which woman officer became one of the first women fighter pilots inducted into the Indian Air Force in 2016?,"Harita Kaur Deol, India's first woman solo pilot but not a fighter pilot","Kalpana Chawla, an astronaut rather than a fighter pilot","Sunita Williams, an astronaut rather than a fighter pilot",This was a group of officers rather than a single named 'first'; the 2016 batch included Avani Chaturvedi among others,D,Avani Chaturvedi was among the first batch of women fighter pilots commissioned by the IAF in 2016.,This marked a historic step in opening up frontline combat aviation roles to women in the Indian armed forces.,15,45,"{""Gallantry Awards & Heroes"",""Military Heroes""}",NDA/CDS/SSB,AI-generated for Forge platform
DEF-0276,Gallantry Awards & Heroes,Military Heroes,Medium,MCQ,Flight Lieutenant Harita Kaur Deol made history in the IAF for which achievement?,Becoming the first Indian woman to fly a fighter aircraft solo,Becoming the first woman Army General,Becoming the first woman submarine commander,Becoming the first woman Param Vir Chakra recipient,A,"She achieved this milestone in 1994, flying an Avro aircraft solo, well before women were permitted into fighter cockpits.",Her achievement paved the way for later generations of women aviators in the IAF.,15,45,"{""Gallantry Awards & Heroes"",""Military Heroes""}",NDA/CDS/SSB,AI-generated for Forge platform
DEF-0277,Gallantry Awards & Heroes,Gallantry Awards,Medium,MCQ,Which of these best describes when a gallantry award can be given posthumously?,Gallantry awards are never given posthumously,When the recipient is honoured after having died performing the act of valour,Only civilian awards can be given posthumously,Only the Param Vir Chakra can be given posthumously,B,"Posthumous awards are common across all gallantry categories, recognising the ultimate sacrifice made by many recipients.",Family members typically receive the award on behalf of the fallen soldier during the ceremony.,15,45,"{""Gallantry Awards & Heroes"",""Gallantry Awards""}",NDA/CDS/SSB,AI-generated for Forge platform
DEF-0278,Gallantry Awards & Heroes,Military Heroes,Medium,MCQ,Which Indian Army General led the successful 1971 Eastern Command operations that led to the fall of Dhaka?,General K.M. Cariappa,"Lt Gen A.A.K. Niazi (Pakistani commander, not Indian)",Lt Gen Jagjit Singh Aurora,"Field Marshal Sam Manekshaw (overall Army Chief, not Eastern Command GOC)",C,"Lt Gen Aurora, as GOC-in-C Eastern Command, directed the rapid advance that led to the surrender of Pakistani forces in Dhaka.",He personally accepted the Instrument of Surrender from Lt Gen Niazi on 16 December 1971.,15,45,"{""Gallantry Awards & Heroes"",""Military Heroes""}",NDA/CDS/SSB,AI-generated for Forge platform
DEF-0279,Gallantry Awards & Heroes,Gallantry Awards,Medium,MCQ,"The 'Param Vishisht Seva Medal' recognises which type of contribution, distinct from combat gallantry?",Length of peacetime service alone,Combat gallantry in the presence of the enemy,Sporting excellence,Distinguished service of the most exceptional order,D,"This award recognises outstanding distinguished service, often awarded to senior officers for exceptional leadership and contribution.","It is one of three grades of the Vishisht Seva Medal series, reflecting differing levels of distinguished service.",15,45,"{""Gallantry Awards & Heroes"",""Gallantry Awards""}",NDA/CDS/SSB,AI-generated for Forge platform
DEF-0280,Gallantry Awards & Heroes,Military Heroes,Medium,MCQ,Which naval commanding officer went down with INS Khukri after it was torpedoed during the 1971 war?,Captain M.N. Mulla,Admiral S.M. Nanda,Vice Admiral N. Krishnan,Captain Ravindranath,A,"Captain M.N. Mulla chose to stay aboard INS Khukri as it sank after being torpedoed, helping his crew escape.",He was posthumously awarded the Maha Vir Chakra for his leadership and sacrifice.,15,45,"{""Gallantry Awards & Heroes"",""Military Heroes""}",NDA/CDS/SSB,AI-generated for Forge platform
DEF-0281,Gallantry Awards & Heroes,Gallantry Awards,Easy,MCQ,Gallantry awards in India are typically announced and conferred around which national occasion each year?,Independence Day,Republic Day,Army Day,Navy Day,B,Most gallantry and distinguished service awards are announced as part of the Republic Day honours list on 26 January.,"Some awards, particularly for very recent acts of valour, may also be announced separately during the year.",10,45,"{""Gallantry Awards & Heroes"",""Gallantry Awards""}",NDA/CDS/SSB,AI-generated for Forge platform
DEF-0282,Defence Equipment,Missiles,Easy,MCQ,"Agni-V, one of India's most advanced missiles, is which type of weapon?",Surface-to-air missile,Anti-ship cruise missile,Intercontinental ballistic missile,Anti-tank guided missile,C,"Agni-V has a range exceeding 5,000 km, giving India the ability to strike targets across a very wide radius.","It uses a canister launch system, allowing it to be fired from road-mobile launchers for greater survivability.",10,45,"{""Defence Equipment"",""Missiles""}",NDA/CDS/AFCAT,AI-generated for Forge platform
DEF-0283,Defence Equipment,Missiles,Medium,MCQ,"BrahMos is notable for being one of the fastest missiles of its type in the world, classified as which kind of weapon?",Surface-to-air missile,Ballistic missile,Anti-tank missile,Supersonic cruise missile,D,"BrahMos travels at nearly three times the speed of sound, making interception extremely difficult.","It can be launched from land, sea, air, and submarine platforms, a rare multi-platform capability.",15,45,"{""Defence Equipment"",""Missiles""}",NDA/CDS/AFCAT,AI-generated for Forge platform
DEF-0284,Defence Equipment,Missiles,Medium,MCQ,"Prithvi, one of India's earliest indigenously developed missiles, is which type of weapon?",Short-range ballistic missile,Intercontinental ballistic missile,Anti-ship cruise missile,Surface-to-air missile,A,Prithvi was among the first missiles developed under India's Integrated Guided Missile Development Programme.,"Its variants have been adapted for use by the Army, Navy, and Air Force.",15,45,"{""Defence Equipment"",""Missiles""}",NDA/CDS/AFCAT,AI-generated for Forge platform
DEF-0285,Defence Equipment,Missiles,Medium,MCQ,"Akash, an indigenously developed missile inducted by both the Army and Air Force, provides which capability?",Long-range strategic strike,Medium-range surface-to-air defence,Anti-submarine warfare,Anti-tank guided attack,B,"Akash can engage multiple aerial targets simultaneously, providing area air defence for critical assets.","It has been continuously upgraded, including versions with improved range and seeker technology.",15,45,"{""Defence Equipment"",""Missiles""}",NDA/CDS/AFCAT,AI-generated for Forge platform
DEF-0286,Defence Equipment,Missiles,Medium,MCQ,"Nag, an indigenously developed missile, is primarily designed for which role?",Ballistic missile defence,Air-to-air combat,Anti-tank guided missile,Anti-ship strike,C,"Nag uses a 'fire-and-forget' guidance system, allowing the launch platform to engage other targets immediately after firing.",It has been integrated with both land vehicles and helicopter-launched variants.,15,45,"{""Defence Equipment"",""Missiles""}",NDA/CDS/AFCAT,AI-generated for Forge platform
DEF-0287,Defence Equipment,Missiles,Medium,MCQ,"Astra, developed indigenously for IAF fighter jets, is which type of missile?",Surface-to-air missile,Anti-ship missile,Ballistic missile,Air-to-air missile,D,Astra gives Indian fighters an indigenous beyond-visual-range air combat capability.,It has been tested successfully on aircraft including the Su-30MKI and Tejas.,15,45,"{""Defence Equipment"",""Missiles""}",NDA/CDS/AFCAT,AI-generated for Forge platform
DEF-0288,Defence Equipment,Missiles,Medium,MCQ,"K-15 (Sagarika), a key missile in India's nuclear triad, is launched from which platform?",Submarines,Fighter aircraft,Land-based mobile launchers,Naval surface ships,A,Sagarika gives India's ballistic missile submarines like INS Arihant a credible underwater second-strike capability.,"This missile is central to completing India's nuclear triad across land, air, and sea platforms.",15,45,"{""Defence Equipment"",""Missiles""}",NDA/CDS/AFCAT,AI-generated for Forge platform
DEF-0289,Defence Equipment,Missiles,Medium,MCQ,"Agni-I, the shortest-range missile in the Agni series, has an approximate range of?","Around 5,000-8,000 km",Around 700-800 km,Around 50 km,"Around 15,000 km",B,Agni-I was designed to fill the gap between the shorter-range Prithvi and the longer-range Agni-II and beyond.,"The Agni series as a whole spans a wide range of capabilities, from short-range to intercontinental.",15,45,"{""Defence Equipment"",""Missiles""}",NDA/CDS/AFCAT,AI-generated for Forge platform
DEF-0290,Defence Equipment,Missiles,Medium,MCQ,Which Indian missile defence interceptor is designed to destroy incoming ballistic missiles outside the Earth's atmosphere?,Nag,Akash,PDV (Prithvi Defence Vehicle),Astra,C,"The PDV is part of India's Ballistic Missile Defence programme, designed for exo-atmospheric interception.","A complementary interceptor, the AAD, handles endo-atmospheric (within-atmosphere) interception.",15,45,"{""Defence Equipment"",""Missiles""}",NDA/CDS/AFCAT,AI-generated for Forge platform
DEF-0291,Defence Equipment,Missiles,Medium,MCQ,Which missile interceptor handles endo-atmospheric (within-atmosphere) interception in India's Ballistic Missile Defence system?,BrahMos,PDV,Agni-V,AAD (Advanced Air Defence),D,"AAD provides a lower-altitude layer of missile defence, complementing the higher-altitude PDV interceptor.","Together, these systems form a two-layered defence against incoming ballistic missile threats.",15,45,"{""Defence Equipment"",""Missiles""}",NDA/CDS/AFCAT,AI-generated for Forge platform
DEF-0292,Defence Equipment,Missiles,Medium,MCQ,"Pinaka, an indigenous system used by the Indian Army, is classified as which type of weapon?",Multi-barrel rocket launcher,Anti-tank guided missile,Surface-to-air missile,Torpedo,A,"Pinaka can fire a salvo of rockets in quick succession, providing devastating area saturation fire support.",It has been progressively upgraded with guided variants to improve accuracy at longer ranges.,15,45,"{""Defence Equipment"",""Missiles""}",NDA/CDS/AFCAT,AI-generated for Forge platform
DEF-0293,Defence Equipment,Tanks,Easy,MCQ,"T-90 Bhishma, a mainstay of the Indian Army's armoured forces, originates from which country?",United States,Russia,France,Germany,B,"The T-90 was inducted to modernise India's tank fleet, with many units license-built domestically.","'Bhishma', the Indian designation, references a revered warrior figure from the Mahabharata.",10,45,"{""Defence Equipment"",""Tanks""}",NDA/CDS/AFCAT,AI-generated for Forge platform
DEF-0294,Defence Equipment,Tanks,Medium,MCQ,"Arjun, an indigenously developed main battle tank, is manufactured by which Indian organisation?",Bharat Electronics Limited,HAL,"DRDO, with production support from Heavy Vehicles Factory",Mazagon Dock Limited,C,The Arjun tank was developed over several decades as part of India's push for indigenous armoured vehicle capability.,"An upgraded variant, Arjun Mk-1A, has been developed with numerous improvements over the original design.",15,45,"{""Defence Equipment"",""Tanks""}",NDA/CDS/AFCAT,AI-generated for Forge platform
DEF-0295,Defence Equipment,Tanks,Medium,MCQ,"T-72, an older but still significant tank in Indian Army service, originates from which country of design?",Israel,United Kingdom,United States,Soviet Union/Russia,D,"The T-72 has served the Indian Army for decades, though it is gradually being supplemented by newer T-90 units.","It was also license-produced in India, similar to the later T-90 programme.",15,45,"{""Defence Equipment"",""Tanks""}",NDA/CDS/AFCAT,AI-generated for Forge platform
DEF-0296,Defence Equipment,Armoured Vehicles,Medium,MCQ,"BMP-2 Sarath, used extensively by India's Mechanised Infantry, is classified as which type of vehicle?",Infantry combat vehicle,Main battle tank,Self-propelled howitzer,Armoured recovery vehicle,A,The BMP-2 provides mobility and protected firepower for mechanised infantry units operating alongside tanks.,"It is license-produced in India, reflecting decades-long collaboration on armoured vehicle technology.",15,45,"{""Defence Equipment"",""Armoured Vehicles""}",NDA/CDS/AFCAT,AI-generated for Forge platform
DEF-0297,Defence Equipment,Tanks,Medium,MCQ,The Arjun Mk-1A variant includes improvements primarily aimed at what?,Conversion into a submarine-launched platform,"Enhanced protection, firepower, and mobility over the original Arjun",Making the tank amphibious for river crossings only,Removal of its main gun for a purely support role,B,The Mk-1A incorporates numerous upgrades based on user feedback and evolving battlefield requirements.,It represents years of iterative indigenous development in India's tank technology programme.,15,45,"{""Defence Equipment"",""Tanks""}",NDA/CDS/AFCAT,AI-generated for Forge platform
DEF-0298,Defence Equipment,Artillery,Medium,MCQ,"K9 Vajra, a self-propelled howitzer used by the Indian Army, is built with technology from which country?",United States,Russia,South Korea,Israel,C,"K9 Vajra is manufactured in India under licence from South Korea's Hanwha Defense, with significant local content.","It provides the Army with mobile, rapid-fire artillery support, especially suited to desert terrain.",15,45,"{""Defence Equipment"",""Artillery""}",NDA/CDS/AFCAT,AI-generated for Forge platform
DEF-0299,Defence Equipment,Artillery,Medium,MCQ,"M777, an ultra-light howitzer inducted by the Indian Army, is particularly valued for its use in which type of terrain?",Urban terrain only,Flat desert terrain only,Riverine/marshy terrain only,High-altitude mountainous terrain,D,"The M777's light weight allows it to be transported by helicopter to remote and high-altitude positions, such as along the China border.",It was acquired from the United States through a government-to-government deal.,15,45,"{""Defence Equipment"",""Artillery""}",NDA/CDS/AFCAT,AI-generated for Forge platform
DEF-0300,Defence Equipment,Artillery,Medium,MCQ,"Dhanush, an indigenously developed howitzer, is often described as an upgraded version of which older gun system?",The Bofors FH-77B howitzer,The Pinaka rocket system,The Arjun tank's main gun,The BMP-2's cannon,A,"Dhanush builds on the design of the Bofors gun that gained prominence during the Kargil War, with significant indigenous upgrades.",It represents a step towards indigenising India's towed artillery capability.,15,45,"{""Defence Equipment"",""Artillery""}",NDA/CDS/AFCAT,AI-generated for Forge platform
DEF-0301,Defence Equipment,Ships,Medium,MCQ,"INS Kolkata, the lead ship of its class, is classified as which type of vessel?",Frigate,Guided-missile destroyer,Corvette,Fleet tanker,B,"Kolkata-class destroyers are among the most advanced warships built by India, featuring stealth design and modern sensors.",They carry a combination of surface-to-air and anti-ship missile systems for layered defence and offence.,15,45,"{""Defence Equipment"",""Ships""}",NDA/CDS/AFCAT,AI-generated for Forge platform
DEF-0302,Defence Equipment,Ships,Medium,MCQ,"The Visakhapatnam-class destroyers represent which generation of Indian Navy shipbuilding, following the Kolkata class?",A purely foreign-built class with no Indian content,"An older, retired class from the 1970s",A more advanced successor project (Project 15B),"A submarine class, not surface ships",C,"Project 15B builds on the Kolkata-class design with further improvements in stealth, weapons, and sensors.",These destroyers are built at Mazagon Dock Limited in Mumbai.,15,45,"{""Defence Equipment"",""Ships""}",NDA/CDS/AFCAT,AI-generated for Forge platform
DEF-0303,Defence Equipment,Submarines,Medium,MCQ,"Kalvari-class submarines, built with French collaboration, are also known by which alternate name reflecting their design origin?",Type 209 class,Akula class,Kilo class,Scorpene class,D,"The Scorpene design forms the basis for the Kalvari-class submarines built at Mazagon Dock under technology transfer from Naval Group, France.",Multiple submarines in this class have been progressively commissioned into Indian Navy service.,15,45,"{""Defence Equipment"",""Submarines""}",NDA/CDS/AFCAT,AI-generated for Forge platform
DEF-0304,Defence Equipment,Aircraft,Medium,MCQ,"Tejas, India's indigenous light combat aircraft, is developed and manufactured by which organisation?",Hindustan Aeronautics Limited (HAL),"DRDO exclusively, with no HAL involvement",Bharat Electronics Limited,Bharat Dynamics Limited,A,"HAL manufactures the Tejas, though DRDO and other agencies were deeply involved in its design and development.",Tejas has been inducted into IAF squadrons and is also being marketed for export to other countries.,15,45,"{""Defence Equipment"",""Aircraft""}",NDA/CDS/AFCAT,AI-generated for Forge platform
DEF-0305,Defence Equipment,Aircraft,Medium,MCQ,"Su-30MKI, one of the IAF's most capable fighters, is often noted for having which distinctive design feature compared to standard Su-30 variants?",A fully stealth airframe,Thrust-vectoring engines for extreme manoeuvrability,"No radar system, relying only on visual detection",An entirely wooden airframe,B,"The Su-30MKI's thrust-vectoring engines allow for exceptional agility, a feature showcased in international air shows.",It was extensively customised for Indian requirements compared to the baseline Russian Su-30 design.,15,45,"{""Defence Equipment"",""Aircraft""}",NDA/CDS/AFCAT,AI-generated for Forge platform
DEF-0306,Defence Equipment,Helicopters,Medium,MCQ,"LCH Prachand, an indigenously developed helicopter, is primarily designed for which combat role?",VIP transport,Heavy-lift cargo transport,Light combat/attack helicopter,Maritime patrol,C,"LCH Prachand was developed with high-altitude operations in mind, particularly for regions like Siachen and Ladakh.","'Prachand' means 'fierce' in Hindi, reflecting its combat role.",15,45,"{""Defence Equipment"",""Helicopters""}",NDA/CDS/AFCAT,AI-generated for Forge platform
DEF-0307,Defence Equipment,UAVs,Medium,MCQ,"Rustom-II (also called TAPAS-BH-201), an indigenous UAV programme, is designed for which primary role?",VIP transport,Air-to-air combat,Heavy cargo transport,Medium-altitude long-endurance surveillance,D,Rustom-II aims to give India an indigenous alternative to imported surveillance drones like the Heron.,The programme has undergone extensive testing and development over several years.,15,45,"{""Defence Equipment"",""UAVs""}",NDA/CDS/AFCAT,AI-generated for Forge platform
DEF-0308,Defence Equipment,UAVs,Medium,MCQ,Which armed combat drone has India acquired from the United States in recent years for the Navy?,MQ-9B Predator/Sea Guardian variants,Rustom-I,Nishant,Lakshya,A,India has moved to acquire armed and unarmed variants of the MQ-9B for surveillance and strike roles across services.,This acquisition significantly expands India's long-endurance drone surveillance capability.,15,45,"{""Defence Equipment"",""UAVs""}",NDA/CDS/AFCAT,AI-generated for Forge platform
DEF-0309,Defence Equipment,Ships,Medium,MCQ,"INS Vikrant (the current carrier), commissioned in 2022, has an approximate displacement placing it in which category of aircraft carrier?",A small patrol boat class (under 500 tonnes),"A medium-sized fleet carrier (around 45,000 tonnes)","A supercarrier exceeding 100,000 tonnes","A submarine, not a surface carrier",B,"At around 45,000 tonnes displacement, INS Vikrant is considered a medium-sized fleet carrier by global standards.",Its construction marked India as one of the few nations capable of designing and building a carrier of this size domestically.,15,45,"{""Defence Equipment"",""Ships""}",NDA/CDS/AFCAT,AI-generated for Forge platform
DEF-0310,Defence Equipment,Missiles,Medium,MCQ,"Which Indian missile is specifically designed for submarine-launched intercontinental-range nuclear deterrence, longer-ranged than K-15?",Prithvi,Agni-I,K-4,Akash,C,K-4 significantly extends the range of India's submarine-launched missile capability compared to the shorter-range K-15.,It is intended for use aboard India's Arihant-class ballistic missile submarines.,15,45,"{""Defence Equipment"",""Missiles""}",NDA/CDS/AFCAT,AI-generated for Forge platform
DEF-0311,Defence Equipment,Small Arms,Medium,MCQ,"INSAS, an older standard-issue rifle of the Indian Army, has been progressively replaced in frontline units by which imported rifle?",FN FAL,AK-47 (original Soviet version),M16,SIG Sauer SIG716,D,The Indian Army has procured SIG Sauer rifles from the United States to address gaps while indigenous alternatives are developed.,India has also been developing its own next-generation assault rifle programmes domestically.,15,45,"{""Defence Equipment"",""Small Arms""}",NDA/CDS/AFCAT,AI-generated for Forge platform
DEF-0312,Defence Equipment,Small Arms,Medium,MCQ,"AK-203, being manufactured in India under a joint venture, is based on which weapon family?",The AK-47/Kalashnikov family,The FN FAL family,The M16/AR-15 family,The INSAS family,A,"AK-203 rifles are being manufactured at a facility in Amethi, Uttar Pradesh, under an India-Russia joint venture.",This programme aims to modernise infantry small arms while boosting domestic manufacturing capability.,15,45,"{""Defence Equipment"",""Small Arms""}",NDA/CDS/AFCAT,AI-generated for Forge platform
DEF-0313,Defence Equipment,Aircraft Carriers,Medium,MCQ,Which shipyard built India's indigenous aircraft carrier INS Vikrant?,Mazagon Dock Limited,Cochin Shipyard Limited,Garden Reach Shipbuilders,Goa Shipyard Limited,B,"Cochin Shipyard in Kerala built INS Vikrant, marking a major milestone for India's shipbuilding industry.",The project involved coordination among numerous domestic industries supplying components and systems.,15,45,"{""Defence Equipment"",""Aircraft Carriers""}",NDA/CDS/AFCAT,AI-generated for Forge platform
DEF-0314,Defence Equipment,Radar & Sensors,Medium,MCQ,"Swordfish, an indigenous long-range tracking radar, is primarily used as part of which system?",A naval sonar system,The Tejas fighter's onboard radar,India's Ballistic Missile Defence programme,A submarine periscope system,C,"Swordfish provides early detection and tracking of incoming ballistic missile threats, feeding data to interceptor systems.","It was developed with technical assistance related to Israeli radar technology, later indigenised further.",15,45,"{""Defence Equipment"",""Radar & Sensors""}",NDA/CDS/AFCAT,AI-generated for Forge platform
DEF-0315,Defence Equipment,Torpedoes,Medium,MCQ,"Varunastra, an indigenously developed heavyweight torpedo, is primarily used by the Indian Navy for which role?",Mine clearance,Anti-aircraft defence,Coastal artillery support,Anti-submarine warfare,D,Varunastra can be launched from surface ships to engage and destroy enemy submarines.,Its development reduced the Navy's reliance on imported heavyweight torpedoes for this critical role.,15,45,"{""Defence Equipment"",""Torpedoes""}",NDA/CDS/AFCAT,AI-generated for Forge platform
DEF-0316,Defence Equipment,Missiles,Medium,MCQ,Which Indian missile system provides quick-reaction short-range air defence for forward Army units?,QRSAM (Quick Reaction Surface to Air Missile),Agni-V,BrahMos,K-4,A,QRSAM is designed to protect mobile army formations from aerial threats while on the move.,It complements longer-range systems like Akash in providing layered air defence for ground forces.,15,45,"{""Defence Equipment"",""Missiles""}",NDA/CDS/AFCAT,AI-generated for Forge platform
DEF-0317,Defence Equipment,Tanks,Medium,MCQ,Which Indian Army tank destroyer/anti-tank platform uses the indigenous Nag missile in a dedicated vehicle-mounted form?,BMP-2 Sarath,NAMICA (Nag Missile Carrier),T-90 Bhishma,Arjun MBT,B,NAMICA is a specialised tracked vehicle designed to carry and launch Nag anti-tank guided missiles.,It gives infantry formations organic anti-armour capability independent of dedicated tank units.,15,45,"{""Defence Equipment"",""Tanks""}",NDA/CDS/AFCAT,AI-generated for Forge platform
DEF-0318,Defence Equipment,Ships,Medium,MCQ,Which class of Indian Navy stealth frigates is currently among the most advanced indigenously designed warships in service?,"Leander class, an older British-derived design","Godavari class, an older 1980s design","Nilgiri class (Project 17A), building on the earlier Shivalik class","Rajput class, focused on destroyers not frigates",C,Project 17A frigates incorporate further stealth and design improvements over the earlier Shivalik-class ships.,These frigates continue India's trend of increasing indigenous content in major warship construction.,15,45,"{""Defence Equipment"",""Ships""}",NDA/CDS/AFCAT,AI-generated for Forge platform
DEF-0319,Defence Equipment,Aircraft,Medium,MCQ,"Which Indian Air Force trainer aircraft, used for advanced jet training, is manufactured under licence from BAE Systems?",Tejas,Pilatus PC-7,Kiran,Hawk Mk 132,D,The Hawk trainer bridges the gap between basic training aircraft and frontline fighters for IAF pilots.,It is also used by the Surya Kiran aerobatic display team for its performances.,15,45,"{""Defence Equipment"",""Aircraft""}",NDA/CDS/AFCAT,AI-generated for Forge platform
DEF-0320,Defence Equipment,Missiles,Medium,MCQ,"Agni-Prime, a newer addition to the Agni missile family, is notable for being what kind of upgrade?","A more compact, canisterised, and accurate variant compared to earlier Agni missiles",A purely defensive interceptor missile,An unguided artillery rocket,A very short-range trench mortar system,A,"Agni-Prime incorporates modern technologies to improve accuracy, mobility, and survivability compared to older-generation Agni missiles.","Its canisterised design allows for easier storage, transport, and rapid launch readiness.",15,45,"{""Defence Equipment"",""Missiles""}",NDA/CDS/AFCAT,AI-generated for Forge platform
DEF-0321,Defence Equipment,Ships,Medium,MCQ,Which vessel type does the Indian Coast Guard primarily operate for offshore patrol and surveillance duties?,Aircraft carriers,Offshore Patrol Vessels (OPVs),Ballistic missile submarines,Fleet replenishment tankers,B,"The Coast Guard's OPVs conduct patrols to protect India's Exclusive Economic Zone and combat smuggling, piracy, and illegal fishing.",The Coast Guard operates a mix of ships and aircraft distinct from the Navy's primarily combat-focused fleet.,15,45,"{""Defence Equipment"",""Ships""}",NDA/CDS/AFCAT,AI-generated for Forge platform
DEF-0322,Defence Equipment,Weapons,Medium,MCQ,"Which anti-tank guided missile, developed with Israeli collaboration, provides man-portable anti-armour capability to Indian infantry?",Akash,BrahMos,Spike (acquired/being considered alongside indigenous Nag variants),Agni-I,C,India has explored the Israeli Spike missile system to provide infantry units with man-portable anti-tank capability.,Indigenous alternatives like a man-portable Nag variant have also been developed in parallel.,15,45,"{""Defence Equipment"",""Weapons""}",NDA/CDS/AFCAT,AI-generated for Forge platform
DEF-0323,Defence Equipment,Ships,Medium,MCQ,INS Vikramaditya's air wing primarily operates which fighter aircraft from its deck?,Rafale,Su-30MKI,Tejas,MiG-29K,D,"MiG-29K fighters, along with helicopters, form the core of INS Vikramaditya's carrier air wing.",The Navy has also examined newer options as it plans for the future composition of its carrier air wings.,15,45,"{""Defence Equipment"",""Ships""}",NDA/CDS/AFCAT,AI-generated for Forge platform
DEF-0324,Defence Equipment,Aircraft,Medium,MCQ,"Which twin-engine, all-weather fighter jet has served as a key element of the IAF's deep strike capability for decades, alongside the Jaguar?",Mirage 2000,Tejas,MiG-21,"Alouette III (a helicopter, not a fighter jet)",A,The Mirage 2000 has remained a highly capable multirole fighter for the IAF since its induction in the 1980s.,It has undergone several rounds of upgrades to keep pace with evolving threats and technology.,15,45,"{""Defence Equipment"",""Aircraft""}",NDA/CDS/AFCAT,AI-generated for Forge platform
DEF-0325,Defence Equipment,Submarines,Medium,MCQ,"INS Arihant, India's first indigenous nuclear-powered submarine, primarily carries which type of missile?",Only anti-ship cruise missiles,Submarine-launched ballistic missiles (like K-15),"Only torpedoes, with no missile armament",Only surface-to-air missiles,B,"Arihant's primary role is nuclear deterrence, carrying ballistic missiles for a credible second-strike capability.",It represents the culmination of decades of work under India's classified Advanced Technology Vessel programme.,15,45,"{""Defence Equipment"",""Submarines""}",NDA/CDS/AFCAT,AI-generated for Forge platform
DEF-0326,Defence Equipment,Radar & Sensors,Medium,MCQ,AWACS and AEW&C aircraft primarily provide which capability to the Indian Air Force?,Heavy troop transport,Ground-attack strike capability,Airborne early warning and battle management,Aerial refuelling,C,"These aircraft use powerful radar systems to detect and track threats at long range, feeding data to other assets in real time.",They significantly extend the IAF's situational awareness beyond what ground-based radar alone can achieve.,15,45,"{""Defence Equipment"",""Radar & Sensors""}",NDA/CDS/AFCAT,AI-generated for Forge platform
DEF-0327,Defence Equipment,Missiles,Medium,MCQ,Which is the longest-range missile currently in India's operational Agni series?,Agni-III,Agni-I,Agni-II,Agni-V,D,"Agni-V, with a range exceeding 5,000 km, is the most advanced and longest-ranged missile in the currently fielded Agni series.",Its development has been a key milestone in establishing India's long-range strategic deterrence capability.,15,45,"{""Defence Equipment"",""Missiles""}",NDA/CDS/AFCAT,AI-generated for Forge platform
DEF-0328,Defence Equipment,Aerial Refuelling,Medium,MCQ,The IAF's IL-78 aircraft primarily perform which support function for fighter jets?,Aerial refuelling,Airborne early warning,Heavy troop transport,Electronic warfare jamming,A,IL-78 tankers extend the operational range of IAF fighters by refuelling them mid-flight.,This capability is critical for extending strike range and enabling longer patrol missions.,15,45,"{""Defence Equipment"",""Aerial Refuelling""}",NDA/CDS/AFCAT,AI-generated for Forge platform
DEF-0329,Defence Equipment,Ships,Medium,MCQ,Which Indian Navy vessel type is specifically designed to locate and destroy naval mines?,Aircraft carriers,Minesweeper/minehunter vessels,Ballistic missile submarines,Fleet tankers,B,Minesweepers and minehunters help keep sea lanes and harbours safe from naval mine threats.,India has sought to modernise this capability as part of broader naval fleet expansion plans.,15,45,"{""Defence Equipment"",""Ships""}",NDA/CDS/AFCAT,AI-generated for Forge platform
DEF-0330,Defence Equipment,Weapons,Medium,MCQ,Which indigenous close-quarter carbine has been developed to replace older weapons like the 9mm carbine in Indian forces?,Akash,BrahMos,"Modern Sub Machine Carbine (MSMC), part of ongoing indigenous small arms efforts",Astra,C,India has pursued multiple indigenous small arms programmes to modernise its infantry weapons inventory.,These efforts aim to reduce reliance on imported small arms over the long term.,15,45,"{""Defence Equipment"",""Weapons""}",NDA/CDS/AFCAT,AI-generated for Forge platform
DEF-0331,Defence Equipment,Aircraft,Medium,MCQ,"Which UAV, developed indigenously by DRDO, is primarily used as a target drone for training anti-aircraft gunners and missile crews?",Tapas,Nishant,Rustom,Lakshya,D,Lakshya serves as an aerial target for live-fire training exercises rather than for surveillance or combat.,This helps forces practice engaging aerial threats in realistic training conditions.,15,45,"{""Defence Equipment"",""Aircraft""}",NDA/CDS/AFCAT,AI-generated for Forge platform
DEF-0332,Defence Equipment,Ships,Medium,MCQ,Which class of Indian Navy landing platform dock (LPD) vessels supports amphibious operations and disaster relief?,INS Jalashwa is a key example of this vessel type,"INS Vikrant, an aircraft carrier not an LPD","INS Arihant, a submarine not an LPD","INS Kolkata, a destroyer not an LPD",A,"Landing platform dock vessels like INS Jalashwa can transport troops, vehicles, and helicopters for amphibious and humanitarian missions.","Such vessels have been used in disaster relief operations, including responses to cyclones and other emergencies.",15,45,"{""Defence Equipment"",""Ships""}",NDA/CDS/AFCAT,AI-generated for Forge platform
DEF-0333,Defence Equipment,Missiles,Medium,MCQ,"Which surface-to-air missile system, developed jointly with Israel, provides long-range air defence for the Indian Navy's larger warships?",Akash,Barak-8 (LR-SAM),Nag,Prithvi,B,The Barak-8 Long Range Surface to Air Missile gives major warships extended air defence range against aerial threats.,It complements shorter-range point-defence systems for layered ship protection.,15,45,"{""Defence Equipment"",""Missiles""}",NDA/CDS/AFCAT,AI-generated for Forge platform
DEF-0334,Defence Equipment,Aircraft,Medium,MCQ,"Which Indian Air Force aircraft type is specifically used for VVIP transport, including for the President and Prime Minister?",Tejas,Su-30MKI,Boeing 777 (Air India One),An-32,C,"Specially configured Boeing 777 aircraft, often referred to as 'Air India One' when carrying top leaders, provide VVIP transport with advanced security features.",These aircraft include defensive countermeasure systems not found on standard commercial variants.,15,45,"{""Defence Equipment"",""Aircraft""}",NDA/CDS/AFCAT,AI-generated for Forge platform
DEF-0335,Defence Equipment,Tanks,Medium,MCQ,"Which lightweight tank has been developed by India for high-altitude deployment in areas like Ladakh, where heavier tanks struggle?",T-72,Arjun,T-90 Bhishma,Zorawar,D,Zorawar was developed specifically to give the Army an agile armoured option suited to extreme high-altitude terrain.,Its lighter weight allows for easier transport and deployment compared to India's heavier main battle tanks.,15,45,"{""Defence Equipment"",""Tanks""}",NDA/CDS/AFCAT,AI-generated for Forge platform
DEF-0336,Defence Equipment,Missiles,Medium,MCQ,"Which very short-range air defence missile, man-portable and shoulder-fired, has India inducted or developed for point protection against low-flying aircraft?","VSHORADS (Very Short Range Air Defence System), an indigenous programme",Agni-V,BrahMos,K-4,A,"VSHORADS provides infantry units with a portable means of engaging low-flying aircraft, helicopters, and drones.","Such systems are especially valuable for protecting forward troops without relying on larger, less mobile air defence systems.",15,45,"{""Defence Equipment"",""Missiles""}",NDA/CDS/AFCAT,AI-generated for Forge platform
DEF-0337,Defence Equipment,Ships,Medium,MCQ,Which Indian Navy vessel class is specifically designed for anti-submarine warfare in shallow coastal waters?,Kolkata class (destroyers),Kamorta class (ASW corvettes),"Shivalik class (frigates, though also multi-role)",Vikrant class (aircraft carriers),B,Kamorta-class corvettes are optimised for detecting and engaging submarines in the challenging acoustic conditions of shallow coastal waters.,Each ship in this class is named after an island in the Andaman and Nicobar archipelago.,15,45,"{""Defence Equipment"",""Ships""}",NDA/CDS/AFCAT,AI-generated for Forge platform
DEF-0338,Defence Equipment,Weapons,Medium,MCQ,Which type of ammunition or weapon system is specifically associated with 'anti-materiel rifles' used by Indian special forces and snipers?,Hand grenades,Standard-issue assault rifles,"High-calibre precision rifles designed to destroy equipment and light armour, like the .50 calibre class",Man-portable air-defence missiles,C,"Anti-materiel rifles are designed to disable equipment, vehicles, and fortified positions from extreme range, distinct from standard sniper rifles used against personnel.",India has both imported and pursued indigenous options in this weapon category for specialised units.,15,45,"{""Defence Equipment"",""Weapons""}",NDA/CDS/AFCAT,AI-generated for Forge platform
DEF-0339,Defence Equipment,Aircraft,Medium,MCQ,"Which older but still notable Indian Air Force fighter, the MiG-27, was primarily used in which combat role before retirement?",Maritime patrol,Air superiority dogfighting,Airborne early warning,Ground attack/strike,D,"The MiG-27 was optimised for ground-attack missions, providing close air support and strike capability for many years.","It was retired from IAF service as newer, more capable aircraft took over its role.",15,45,"{""Defence Equipment"",""Aircraft""}",NDA/CDS/AFCAT,AI-generated for Forge platform
DEF-0340,Defence Equipment,Missiles,Medium,MCQ,"Which Indian cruise missile programme, distinct from BrahMos, focuses on a subsonic long-range strike capability?",Nirbhay,Agni-V,Akash,QRSAM,A,"Nirbhay is designed as a long-range subsonic cruise missile, complementing the supersonic BrahMos in India's strike arsenal.",Its longer range and different flight profile provide additional strategic and tactical options.,15,45,"{""Defence Equipment"",""Missiles""}",NDA/CDS/AFCAT,AI-generated for Forge platform
DEF-0341,DRDO & Defence Technology,DRDO,Easy,MCQ,"DRDO, the primary body behind India's indigenous defence technology, stands for?",Directorate of Research and Defence Operations,Defence Research and Development Organisation,Defence Research and Deployment Organisation,Department of Research and Defence Ordnance,B,"DRDO develops technology across missiles, aircraft, armoured vehicles, and electronic warfare systems for India's armed forces.","It operates dozens of laboratories across the country, each specialising in different technology domains.",10,45,"{""DRDO & Defence Technology"",""DRDO""}",NDA/CDS/AFCAT,AI-generated for Forge platform
DEF-0342,DRDO & Defence Technology,DRDO,Medium,MCQ,DRDO was formed in 1958 through the merger of which two earlier organisations?,Only the Indian Institute of Science's defence wing,Only the Ordnance Factories Board,The Defence Science Organisation and the Technical Development Establishments,Two private defence contractors,C,This merger consolidated India's fragmented defence research efforts under a single coordinating body.,DRDO has since grown to become one of the largest defence research networks in the world.,15,45,"{""DRDO & Defence Technology"",""DRDO""}",NDA/CDS/AFCAT,AI-generated for Forge platform
DEF-0343,DRDO & Defence Technology,DRDO,Medium,MCQ,Which DRDO programme led to the development of the Agni missile series?,Strategic Rocket Development Initiative,Integrated Space Research Programme,National Missile Shield Programme,Integrated Guided Missile Development Programme (IGMDP),D,"IGMDP, launched in the 1980s, aimed to make India self-reliant in missile technology across multiple categories.","The programme produced not just Agni but also Prithvi, Akash, Trishul, and Nag missiles.",15,45,"{""DRDO & Defence Technology"",""DRDO""}",NDA/CDS/AFCAT,AI-generated for Forge platform
DEF-0344,DRDO & Defence Technology,DRDO,Medium,MCQ,"Dr. APJ Abdul Kalam, later President of India, played a key leadership role in which DRDO-related programme?",India's missile development programme,India's naval shipbuilding programme,India's submarine reactor programme,India's fighter jet engine programme,A,Kalam's work on missile technology earned him the nickname 'Missile Man of India'.,"He later became India's 11th President, serving from 2002 to 2007.",15,45,"{""DRDO & Defence Technology"",""DRDO""}",NDA/CDS/AFCAT,AI-generated for Forge platform
DEF-0345,DRDO & Defence Technology,Defence PSUs,Medium,MCQ,Hindustan Aeronautics Limited (HAL) primarily specialises in manufacturing which type of equipment?,Warships and submarines,Aircraft and helicopters,Small arms and ammunition,Tanks and armoured vehicles,B,"HAL manufactures and maintains a wide range of military aircraft and helicopters, including licence-built and indigenous designs.",It is one of Asia's oldest and largest aerospace companies.,15,45,"{""DRDO & Defence Technology"",""Defence PSUs""}",NDA/CDS/AFCAT,AI-generated for Forge platform
DEF-0346,DRDO & Defence Technology,Defence PSUs,Medium,MCQ,Bharat Electronics Limited (BEL) primarily specialises in producing which type of defence equipment?,Aircraft engines,Warships,"Electronics, radar, and communication systems",Tanks,C,"BEL supplies critical radar, sonar, and communication systems used across the Army, Navy, and Air Force.",It plays a key role in India's efforts to indigenise defence electronics.,15,45,"{""DRDO & Defence Technology"",""Defence PSUs""}",NDA/CDS/AFCAT,AI-generated for Forge platform
DEF-0347,DRDO & Defence Technology,Defence PSUs,Medium,MCQ,Bharat Dynamics Limited (BDL) primarily manufactures which type of defence products?,Small arms,Fighter aircraft,Warships,Guided missiles,D,BDL produces missiles like Akash and anti-tank guided missiles for India's armed forces.,It plays a central role in translating DRDO's missile designs into mass-produced operational weapons.,15,45,"{""DRDO & Defence Technology"",""Defence PSUs""}",NDA/CDS/AFCAT,AI-generated for Forge platform
DEF-0348,DRDO & Defence Technology,Defence PSUs,Medium,MCQ,"Mazagon Dock Shipbuilders Limited, based in Mumbai, primarily builds which type of vessels?",Warships and submarines,Fighter aircraft,Tanks,Missiles,A,"Mazagon Dock has built several major classes of Indian Navy destroyers, frigates, and submarines.",It has played a key role in constructing the Kalvari-class (Scorpene) submarines under French collaboration.,15,45,"{""DRDO & Defence Technology"",""Defence PSUs""}",NDA/CDS/AFCAT,AI-generated for Forge platform
DEF-0349,DRDO & Defence Technology,Defence PSUs,Medium,MCQ,"Which defence public sector shipyard, based in Kolkata, is a major builder of Indian Navy frigates and corvettes?",Cochin Shipyard Limited,Garden Reach Shipbuilders and Engineers (GRSE),Goa Shipyard Limited,Mazagon Dock Limited,B,"GRSE has built numerous frigates, corvettes, and support vessels for the Indian Navy over the decades.","It is one of India's oldest defence shipyards, with a history stretching back over a century.",15,45,"{""DRDO & Defence Technology"",""Defence PSUs""}",NDA/CDS/AFCAT,AI-generated for Forge platform
DEF-0350,DRDO & Defence Technology,Policy,Medium,MCQ,'Atmanirbhar Bharat' in the defence sector primarily refers to which government push?,Privatising all defence PSUs immediately,Increasing defence imports from allied nations,Self-reliance in defence manufacturing and reduced import dependence,Reducing the size of the armed forces,C,"The initiative encourages domestic design, development, and manufacturing of defence equipment to reduce reliance on imports.",It includes measures like 'positive indigenisation lists' specifying items that can no longer be imported.,15,45,"{""DRDO & Defence Technology"",""Policy""}",NDA/CDS/AFCAT,AI-generated for Forge platform
DEF-0351,DRDO & Defence Technology,Policy,Medium,MCQ,The Defence Acquisition Procedure (DAP) primarily governs which aspect of India's defence sector?,Pension calculations for veterans,Recruitment of soldiers,Officer promotion criteria,Procurement processes for defence equipment,D,"DAP lays down the rules and categories (like 'Buy Indian', 'Buy and Make') for how the armed forces acquire equipment.","It is periodically revised to reflect evolving priorities, including a greater push for indigenisation.",15,45,"{""DRDO & Defence Technology"",""Policy""}",NDA/CDS/AFCAT,AI-generated for Forge platform
DEF-0352,DRDO & Defence Technology,Policy,Medium,MCQ,'Make in India' initiatives in the defence sector aim to encourage what specifically?,"Domestic manufacturing of defence equipment, including by private industry",Only government-run defence PSU production,Complete elimination of all defence imports immediately,Exporting India's entire existing defence stockpile,A,The initiative opened up defence manufacturing to greater private sector participation alongside traditional public sector production.,It aims to build a robust domestic defence industrial base over the long term.,15,45,"{""DRDO & Defence Technology"",""Policy""}",NDA/CDS/AFCAT,AI-generated for Forge platform
DEF-0353,DRDO & Defence Technology,Space & Defence,Medium,MCQ,Mission Shakti (2019) demonstrated India's capability in which technological domain?,Submarine-launched missile technology,Anti-satellite (ASAT) missile technology,Stealth aircraft technology,Cyber warfare technology,B,"Mission Shakti saw India successfully destroy one of its own satellites in orbit, demonstrating ASAT capability.","This made India the fourth country in the world to demonstrate this capability, after the US, Russia, and China.",15,45,"{""DRDO & Defence Technology"",""Space & Defence""}",NDA/CDS/AFCAT,AI-generated for Forge platform
DEF-0354,DRDO & Defence Technology,Space & Defence,Medium,MCQ,"The Defence Space Agency, established to coordinate India's military space capabilities, works closely with which other agency?",Only the Ministry of External Affairs,"Only DRDO, with no ISRO involvement",ISRO (Indian Space Research Organisation),Only private telecom companies,C,"The Defence Space Agency coordinates military applications of space technology, often in coordination with ISRO's launch and satellite capabilities.",This reflects the increasing overlap between civilian space technology and military applications worldwide.,15,45,"{""DRDO & Defence Technology"",""Space & Defence""}",NDA/CDS/AFCAT,AI-generated for Forge platform
DEF-0355,DRDO & Defence Technology,Cyber & Electronic Warfare,Medium,MCQ,"The Defence Cyber Agency, one of India's tri-service agencies, is primarily responsible for what?",Running defence public relations campaigns,Building physical border fences,Managing veteran pensions,Coordinating cyber security and cyber warfare capabilities across the armed forces,D,This agency was established to address the growing importance of cyber capabilities in modern conflict.,It works alongside the Defence Space Agency and Special Operations Division as part of India's push toward integrated theatre commands.,15,45,"{""DRDO & Defence Technology"",""Cyber & Electronic Warfare""}",NDA/CDS/AFCAT,AI-generated for Forge platform
DEF-0356,DRDO & Defence Technology,Nuclear Policy,Medium,MCQ,India's declared nuclear doctrine is generally described using which key principle?,No First Use (NFU),First strike priority,Total nuclear disarmament with no deterrent,Automatic retaliation without political authorisation,A,"India's doctrine states it will not be the first to use nuclear weapons, but will respond with massive retaliation if attacked with them.",This doctrine has been a subject of ongoing policy discussion regarding its scope and application.,15,45,"{""DRDO & Defence Technology"",""Nuclear Policy""}",NDA/CDS/AFCAT,AI-generated for Forge platform
DEF-0357,DRDO & Defence Technology,Nuclear Policy,Medium,MCQ,"The Nuclear Command Authority, responsible for India's nuclear weapons decisions, is headed politically by whom?",The Chief of Defence Staff,The Prime Minister,The President,The Defence Minister,B,"The Nuclear Command Authority ensures civilian political control over India's nuclear arsenal, with the Prime Minister as the final decision-making authority.",This structure reflects India's emphasis on strict civilian oversight of nuclear weapons.,15,45,"{""DRDO & Defence Technology"",""Nuclear Policy""}",NDA/CDS/AFCAT,AI-generated for Forge platform
DEF-0358,DRDO & Defence Technology,Testing,Medium,MCQ,"Pokhran, the site of India's nuclear tests in 1974 and 1998, is located in which state?",Madhya Pradesh,Gujarat,Rajasthan,Punjab,C,Pokhran's remote desert location made it suitable for underground nuclear testing.,"The 1998 tests, known as Pokhran-II, confirmed India's status as a nuclear weapons state.",15,45,"{""DRDO & Defence Technology"",""Testing""}",NDA/CDS/AFCAT,AI-generated for Forge platform
DEF-0359,DRDO & Defence Technology,Testing,Medium,MCQ,India's first nuclear test in 1974 was code-named?,Agni Pariksha,Shakti,"Pokhran-I officially, though also known by another codename referenced here",Smiling Buddha,D,Smiling Buddha was described by India at the time as a 'peaceful nuclear explosion'.,This test made India the sixth country in the world to conduct a nuclear test.,15,45,"{""DRDO & Defence Technology"",""Testing""}",NDA/CDS/AFCAT,AI-generated for Forge platform
DEF-0360,DRDO & Defence Technology,Testing,Medium,MCQ,India's 1998 nuclear tests were code-named?,Operation Shakti,Smiling Buddha,Operation Trident,Operation Agni,A,Operation Shakti comprised a series of five nuclear tests conducted at Pokhran in May 1998.,These tests led to international sanctions but also cemented India's status as a nuclear weapons power.,15,45,"{""DRDO & Defence Technology"",""Testing""}",NDA/CDS/AFCAT,AI-generated for Forge platform
DEF-0361,DRDO & Defence Technology,Missile Defence,Medium,MCQ,India's Ballistic Missile Defence (BMD) programme is designed to intercept threats at which stages?,Only after impact on the ground,Both exo-atmospheric and endo-atmospheric stages,Only during the missile's initial launch phase,"Only in outer space, far beyond Earth's atmosphere",B,The two-tier system uses different interceptors (PDV and AAD) for engagement at different altitudes.,This layered approach increases the probability of successfully intercepting an incoming missile.,15,45,"{""DRDO & Defence Technology"",""Missile Defence""}",NDA/CDS/AFCAT,AI-generated for Forge platform
DEF-0362,DRDO & Defence Technology,DRDO Labs,Medium,MCQ,Which DRDO laboratory is primarily responsible for developing torpedoes and underwater weapons?,Vehicles Research and Development Establishment,Aeronautical Development Establishment,Naval Science and Technological Laboratory (NSTL),Solid State Physics Laboratory,C,"NSTL, based in Visakhapatnam, focuses on underwater weapon systems including torpedoes like Varunastra.",Different DRDO labs specialise in distinct technology domains across the services.,15,45,"{""DRDO & Defence Technology"",""DRDO Labs""}",NDA/CDS/AFCAT,AI-generated for Forge platform
DEF-0363,DRDO & Defence Technology,DRDO Labs,Medium,MCQ,Which DRDO establishment is primarily responsible for developing military aircraft designs like Tejas?,Solid State Physics Laboratory,Naval Science and Technological Laboratory,Vehicles Research and Development Establishment,Aeronautical Development Agency (ADA),D,ADA coordinates the design and development of India's indigenous fighter aircraft programmes.,"It works closely with HAL, which handles manufacturing once designs are finalised.",15,45,"{""DRDO & Defence Technology"",""DRDO Labs""}",NDA/CDS/AFCAT,AI-generated for Forge platform
DEF-0364,DRDO & Defence Technology,DRDO Labs,Medium,MCQ,Which DRDO establishment focuses on research related to armoured vehicles like the Arjun tank?,Combat Vehicles Research and Development Establishment (CVRDE),Naval Science and Technological Laboratory,Aeronautical Development Establishment,Terminal Ballistics Research Laboratory,A,"CVRDE, based in Chennai, has been central to developing India's indigenous tank and armoured vehicle programmes.",It has worked on successive generations of the Arjun tank and related technology.,15,45,"{""DRDO & Defence Technology"",""DRDO Labs""}",NDA/CDS/AFCAT,AI-generated for Forge platform
DEF-0365,DRDO & Defence Technology,Space & Defence,Medium,MCQ,"GSAT satellites, some of which serve military communication needs, are launched by which Indian agency?",DRDO exclusively,ISRO,The Indian Air Force independently,A private company with no government involvement,B,"ISRO develops and launches communication satellites, some of which are used for secure defence communication.",Dedicated military satellites have also been launched to support specific armed forces communication needs.,15,45,"{""DRDO & Defence Technology"",""Space & Defence""}",NDA/CDS/AFCAT,AI-generated for Forge platform
DEF-0366,DRDO & Defence Technology,History,Medium,MCQ,"The DRDO's precursor bodies were formed shortly after India's independence, primarily to address which need?",Running civilian scientific research unrelated to defence,Managing colonial-era pensions,Reducing dependence on imported defence technology,"Managing India's space programme, which was unrelated at the time",C,Early defence science efforts sought to build indigenous capability rather than relying entirely on foreign suppliers.,"This early focus eventually grew into the large, multi-laboratory DRDO structure that exists today.",15,45,"{""DRDO & Defence Technology"",""History""}",NDA/CDS/AFCAT,AI-generated for Forge platform
DEF-0367,DRDO & Defence Technology,Weapons Testing,Medium,MCQ,"Interim Test Range and Integrated Test Range facilities, used for missile testing, are notably located in which state?",Uttar Pradesh,Rajasthan,Kerala,Odisha (Chandipur/Wheeler Island area),D,India's coastal missile testing ranges in Odisha allow for tracking missiles over the Bay of Bengal.,"Many of India's key missile tests, including Agni series launches, have taken place from this region.",15,45,"{""DRDO & Defence Technology"",""Weapons Testing""}",NDA/CDS/AFCAT,AI-generated for Forge platform
DEF-0368,DRDO & Defence Technology,Aerospace,Medium,MCQ,"The National Aerospace Laboratories (NAL), distinct from DRDO, primarily focuses on which area?","Civil aeronautical research, though with some overlap with defence needs",Submarine reactor design,Small arms development,Naval shipbuilding,A,"NAL, under the Council of Scientific and Industrial Research, conducts aeronautical research with applications across both civil and defence aviation.",It has contributed to projects like the Saras light transport aircraft.,15,45,"{""DRDO & Defence Technology"",""Aerospace""}",NDA/CDS/AFCAT,AI-generated for Forge platform
DEF-0369,DRDO & Defence Technology,Policy,Medium,MCQ,"Which body oversees the overall coordination of India's defence research, production, and procurement policy at the ministerial level?",Ministry of Home Affairs,Ministry of Defence (Department of Defence Production and Department of Defence R&D),Ministry of External Affairs,NITI Aayog exclusively,B,"The Ministry of Defence houses distinct departments handling production, research, and procurement functions.",This structure aims to balance operational needs from the services with long-term indigenous capability development.,15,45,"{""DRDO & Defence Technology"",""Policy""}",NDA/CDS/AFCAT,AI-generated for Forge platform
DEF-0370,DRDO & Defence Technology,Innovation,Medium,MCQ,iDEX (Innovations for Defence Excellence) is a government initiative primarily aimed at supporting whom?,Retired military officers seeking pensions,Only large multinational defence contractors,Startups and MSMEs working on defence and aerospace innovation,Foreign governments seeking to sell equipment to India,C,iDEX provides funding and support to smaller Indian companies and innovators developing defence-relevant technology.,It reflects a broader push to diversify India's defence innovation ecosystem beyond traditional DRDO and PSU channels.,15,45,"{""DRDO & Defence Technology"",""Innovation""}",NDA/CDS/AFCAT,AI-generated for Forge platform
DEF-0371,DRDO & Defence Technology,DRDO,Medium,MCQ,Which DRDO-developed system provides early warning against incoming artillery and rocket fire by tracking its trajectory?,Astra missile system,Akash missile system,BrahMos missile system,Weapon Locating Radar (like Swathi),D,"Weapon locating radars like Swathi can detect the origin of enemy artillery fire, enabling rapid counter-battery response.",This technology significantly enhances the effectiveness and survivability of artillery units.,15,45,"{""DRDO & Defence Technology"",""DRDO""}",NDA/CDS/AFCAT,AI-generated for Forge platform
DEF-0372,DRDO & Defence Technology,DRDO,Medium,MCQ,"Which indigenous sonar system, developed by DRDO, is used aboard Indian Navy submarines and ships for underwater detection?",USHUS and related indigenous sonar systems,Akash,Astra,BrahMos,A,Indigenous sonar systems reduce dependence on imported underwater detection technology for the Navy's submarines and surface ships.,Continuous upgrades to these systems aim to keep pace with evolving underwater threats.,15,45,"{""DRDO & Defence Technology"",""DRDO""}",NDA/CDS/AFCAT,AI-generated for Forge platform
DEF-0373,DRDO & Defence Technology,Space & Defence,Medium,MCQ,Which Indian initiative aims to develop a dedicated satellite-based surveillance network to monitor the Indian Ocean Region?,A programme focused solely on lunar exploration,A dedicated maritime domain awareness satellite constellation effort,A programme focused solely on Mars exploration,A purely commercial telecom satellite initiative with no defence role,B,Maritime domain awareness satellites help track shipping and potential threats across the vast Indian Ocean Region.,This capability supports both naval operations and broader regional security cooperation efforts.,15,45,"{""DRDO & Defence Technology"",""Space & Defence""}",NDA/CDS/AFCAT,AI-generated for Forge platform
DEF-0374,International Relations & Exercises,Exercises,Easy,MCQ,"Malabar, a major multilateral naval exercise India participates in, originally began as a bilateral exercise with which country?",Australia,Japan,United States,Russia,C,Malabar started as a bilateral India-US naval exercise before later expanding to include Japan and Australia.,It is now considered one of the most significant naval exercises in the Indo-Pacific region.,10,45,"{""International Relations & Exercises"",""Exercises""}",CDS/AFCAT/SSB,AI-generated for Forge platform
DEF-0375,International Relations & Exercises,Exercises,Medium,MCQ,Yudh Abhyas is a joint military exercise conducted annually between India and which country?,France,Russia,China,United States,D,Yudh Abhyas focuses on joint Army training and interoperability between Indian and US forces.,The exercise venue alternates between locations in India and the United States.,15,45,"{""International Relations & Exercises"",""Exercises""}",CDS/AFCAT/SSB,AI-generated for Forge platform
DEF-0376,International Relations & Exercises,Exercises,Medium,MCQ,"Indra, a joint military exercise involving multiple branches of the armed forces, is conducted between India and which country?",Russia,United States,Japan,France,A,"Exercise Indra covers joint Army, Navy, and Air Force components, reflecting the long-standing India-Russia defence relationship.",It is one of the few exercises India conducts with a foreign partner across all three services jointly.,15,45,"{""International Relations & Exercises"",""Exercises""}",CDS/AFCAT/SSB,AI-generated for Forge platform
DEF-0377,International Relations & Exercises,Exercises,Medium,MCQ,Garuda Shakti is a joint military exercise conducted between India and which South-East Asian country?,Vietnam,Indonesia,Thailand,Philippines,B,Garuda Shakti focuses on joint special forces and counter-terrorism training between the two nations.,India has expanded defence cooperation with several South-East Asian nations in recent years.,15,45,"{""International Relations & Exercises"",""Exercises""}",CDS/AFCAT/SSB,AI-generated for Forge platform
DEF-0378,International Relations & Exercises,Exercises,Medium,MCQ,Varuna is a bilateral naval exercise conducted between India and which country?,Australia,Japan,France,United Kingdom,C,"Exercise Varuna reflects the long-standing defence partnership between India and France, particularly in naval and submarine technology.",France has also been a key partner in India's Scorpene-class submarine programme.,15,45,"{""International Relations & Exercises"",""Exercises""}",CDS/AFCAT/SSB,AI-generated for Forge platform
DEF-0379,International Relations & Exercises,Exercises,Medium,MCQ,Konkan is a bilateral naval exercise conducted between India and which country?,Spain,Germany,Italy,United Kingdom,D,Exercise Konkan focuses on enhancing interoperability between the Indian and Royal Navies.,It reflects the historical defence ties between the two countries dating back to the colonial era.,15,45,"{""International Relations & Exercises"",""Exercises""}",CDS/AFCAT/SSB,AI-generated for Forge platform
DEF-0380,International Relations & Exercises,Exercises,Medium,MCQ,Vibrant/Cope India-style joint air exercises are conducted between the IAF and which country's air force?,United States,Russia,France,United Kingdom,A,"Exercises like Cope India involve joint training between the IAF and the US Air Force, improving interoperability.",Such exercises have grown in scale and complexity as India-US defence ties have deepened.,15,45,"{""International Relations & Exercises"",""Exercises""}",CDS/AFCAT/SSB,AI-generated for Forge platform
DEF-0381,International Relations & Exercises,Exercises,Medium,MCQ,"Surya Kiran, a joint military exercise, is conducted between India and which neighbouring country?",Bhutan,Nepal,Bangladesh,Sri Lanka,B,Exercise Surya Kiran focuses on joint counter-terrorism and disaster response training between the two armies.,Note this shares its name with the IAF's aerobatic team but refers to a distinct bilateral Army exercise.,15,45,"{""International Relations & Exercises"",""Exercises""}",CDS/AFCAT/SSB,AI-generated for Forge platform
DEF-0382,International Relations & Exercises,Exercises,Medium,MCQ,Mitra Shakti is a joint military exercise conducted between India and which country?,Bangladesh,Nepal,Sri Lanka,Maldives,C,Mitra Shakti focuses on joint counter-terrorism and counter-insurgency training between the Indian and Sri Lankan armies.,Such bilateral exercises help build closer defence ties within the South Asian region.,15,45,"{""International Relations & Exercises"",""Exercises""}",CDS/AFCAT/SSB,AI-generated for Forge platform
DEF-0383,International Relations & Exercises,Exercises,Medium,MCQ,Sampriti is a joint military exercise conducted between India and which neighbouring country?,Myanmar,Nepal,Bhutan,Bangladesh,D,Exercise Sampriti focuses on joint counter-terrorism training between the Indian and Bangladeshi armies.,"'Sampriti' means 'friendship' in Bengali, reflecting the exercise's cooperative spirit.",15,45,"{""International Relations & Exercises"",""Exercises""}",CDS/AFCAT/SSB,AI-generated for Forge platform
DEF-0384,International Relations & Exercises,Alliances,Medium,MCQ,"The Quad, a strategic grouping India is part of, includes which other three countries?","United States, Japan, and Australia","Russia, China, and Brazil","United Kingdom, France, and Germany","Nepal, Bhutan, and Bangladesh",A,"The Quadrilateral Security Dialogue focuses on cooperation in the Indo-Pacific region, including maritime security.",It is not a formal military alliance but a strategic dialogue and cooperation framework.,15,45,"{""International Relations & Exercises"",""Alliances""}",CDS/AFCAT/SSB,AI-generated for Forge platform
DEF-0385,International Relations & Exercises,Agreements,Medium,MCQ,"LEMOA, an agreement India signed with the United States, primarily facilitates what?",Nuclear weapons sharing,Reciprocal logistics support between the two militaries,Automatic mutual defence commitments,Joint currency arrangements for defence trade,B,The Logistics Exchange Memorandum of Agreement allows both countries' militaries to use each other's bases for supplies and repair.,It is one of several foundational agreements deepening India-US defence cooperation.,15,45,"{""International Relations & Exercises"",""Agreements""}",CDS/AFCAT/SSB,AI-generated for Forge platform
DEF-0386,International Relations & Exercises,Agreements,Medium,MCQ,"COMCASA, another India-US foundational defence agreement, primarily facilitates what?",Sharing of nuclear submarine technology,Territorial defence guarantees,Secure communications compatibility between the two militaries' equipment,Free trade in agricultural goods,C,COMCASA enables the transfer of high-end communication security equipment for compatible use on shared platforms.,It complements other foundational agreements like LEMOA and BECA in deepening interoperability.,15,45,"{""International Relations & Exercises"",""Agreements""}",CDS/AFCAT/SSB,AI-generated for Forge platform
DEF-0387,International Relations & Exercises,Agreements,Medium,MCQ,"BECA, the third of the major India-US foundational defence agreements, focuses on which area?",Educational exchange programmes for cadets,Nuclear energy cooperation,Currency exchange for defence purchases,Sharing of geospatial intelligence data,D,The Basic Exchange and Cooperation Agreement facilitates the sharing of geospatial maps and data for military purposes.,"Together, LEMOA, COMCASA, and BECA form the backbone of deepened India-US military-to-military cooperation.",15,45,"{""International Relations & Exercises"",""Agreements""}",CDS/AFCAT/SSB,AI-generated for Forge platform
DEF-0388,International Relations & Exercises,Organisations,Medium,MCQ,"SCO, a regional organisation India is a member of alongside China, Russia, and Central Asian states, stands for?",Shanghai Cooperation Organisation,South China Ocean Alliance,South Central Organisation,Strategic Cooperation Order,A,"SCO addresses regional security, counter-terrorism, and economic cooperation among its member states.","India became a full member of the SCO in 2017, expanding its role in regional diplomacy.",15,45,"{""International Relations & Exercises"",""Organisations""}",CDS/AFCAT/SSB,AI-generated for Forge platform
DEF-0389,International Relations & Exercises,Organisations,Medium,MCQ,India is a founding member of BRICS alongside which other countries (as originally constituted)?,Only Russia and China,"Brazil, Russia, China, and South Africa",Only Brazil and South Africa,"Bangladesh, Russia, Indonesia, China, and Sri Lanka",B,BRICS represents a grouping of major emerging economies that has expanded to include additional members in recent years.,It focuses on economic cooperation as well as broader strategic dialogue among members.,15,45,"{""International Relations & Exercises"",""Organisations""}",CDS/AFCAT/SSB,AI-generated for Forge platform
DEF-0390,International Relations & Exercises,International Relations,Medium,MCQ,The 'Rafale deal' refers to India's agreement to purchase 36 fighter jets from which country?,United States,Russia,France,Sweden,C,"The government-to-government deal for 36 Rafale jets was signed in 2016, with deliveries completed in subsequent years.",The deal attracted significant political debate in India regarding pricing and offset arrangements.,15,45,"{""International Relations & Exercises"",""International Relations""}",CDS/AFCAT/SSB,AI-generated for Forge platform
DEF-0391,International Relations & Exercises,International Relations,Medium,MCQ,India's 'Act East Policy' primarily aims to strengthen ties with which broad region?,Only Latin America,Only Western Europe,Only Sub-Saharan Africa,South-East Asia and the wider Asia-Pacific region,D,"This policy builds on the earlier 'Look East Policy', expanding economic and strategic engagement eastward.","Defence cooperation, including exercises and arms sales, forms an important component of this policy.",15,45,"{""International Relations & Exercises"",""International Relations""}",CDS/AFCAT/SSB,AI-generated for Forge platform
DEF-0392,International Relations & Exercises,International Relations,Medium,MCQ,"AUKUS, a trilateral security partnership relevant to Indo-Pacific dynamics, involves which three countries?","Australia, United Kingdom, and United States","India, United Kingdom, and United States","Australia, India, and Japan","United States, Japan, and South Korea",A,"While India is not a member of AUKUS, the partnership is often discussed alongside the Quad in analyses of Indo-Pacific security architecture.",AUKUS notably includes provisions for Australia to acquire nuclear-powered submarine technology.,15,45,"{""International Relations & Exercises"",""International Relations""}",CDS/AFCAT/SSB,AI-generated for Forge platform
DEF-0393,International Relations & Exercises,International Relations,Medium,MCQ,"The Non-Aligned Movement, which India helped found, primarily emerged during which historical period?",The Second World War,The Cold War era,The post-9/11 era,The colonial era prior to independence,B,"India, along with countries like Yugoslavia, Egypt, and Indonesia, was among the founding members of the Non-Aligned Movement.",The movement sought to avoid formal alignment with either the US-led or Soviet-led blocs during the Cold War.,15,45,"{""International Relations & Exercises"",""International Relations""}",CDS/AFCAT/SSB,AI-generated for Forge platform
DEF-0394,International Relations & Exercises,Peacekeeping,Medium,MCQ,India has historically been one of the largest contributors of troops to which international body's peacekeeping missions?,The Commonwealth of Nations,NATO,The United Nations,SAARC,C,"Indian armed forces personnel have served in numerous UN peacekeeping missions across Africa, Asia, and elsewhere.",India's long history of UN peacekeeping contributions reflects its broader commitment to international stability efforts.,15,45,"{""International Relations & Exercises"",""Peacekeeping""}",CDS/AFCAT/SSB,AI-generated for Forge platform
DEF-0395,International Relations & Exercises,Diplomacy,Medium,MCQ,The 'Two Plus Two' dialogue India holds with countries like the US and Japan typically involves which pair of ministries from each side?,Commerce and Agriculture Ministries,Finance and Home Ministries,Health and Education Ministries,Foreign and Defence Ministries,D,These dialogues bring together foreign and defence ministers to discuss strategic and security cooperation.,"India conducts such dialogues with several key strategic partners, reflecting deepening ties across both diplomatic and defence domains.",15,45,"{""International Relations & Exercises"",""Diplomacy""}",CDS/AFCAT/SSB,AI-generated for Forge platform
DEF-0396,International Relations & Exercises,Arms Control,Medium,MCQ,"The Missile Technology Control Regime (MTCR), which India joined in 2016, primarily aims to do what?",Limit the proliferation of missile and related technology,Ban all military aircraft production,Regulate international arms sales prices,Standardise global small arms ammunition,A,MTCR membership reflects international recognition of India's responsible missile technology practices.,Membership also facilitates certain technology transfers with fellow member states.,15,45,"{""International Relations & Exercises"",""Arms Control""}",CDS/AFCAT/SSB,AI-generated for Forge platform
DEF-0397,International Relations & Exercises,Arms Control,Medium,MCQ,"The Nuclear Suppliers Group (NSG), which India has sought membership in, primarily regulates what?",Conventional arms trade,International trade in nuclear materials and technology,Cyber warfare norms,Space debris management,B,NSG membership would further ease India's access to nuclear technology and materials for civilian and strategic purposes.,India's application for full membership has faced procedural challenges related to its non-signatory status on the NPT.,15,45,"{""International Relations & Exercises"",""Arms Control""}",CDS/AFCAT/SSB,AI-generated for Forge platform
DEF-0398,International Relations & Exercises,Exercises,Medium,MCQ,"Prabal Dostyk, a joint exercise focused on counter-terrorism and high-altitude operations, is conducted between India and which Central Asian country?",Kyrgyzstan,Uzbekistan,Kazakhstan,Tajikistan,C,This exercise reflects growing defence engagement between India and Central Asian nations.,Such partnerships also support broader regional connectivity and counter-terrorism cooperation goals.,15,45,"{""International Relations & Exercises"",""Exercises""}",CDS/AFCAT/SSB,AI-generated for Forge platform
DEF-0399,International Relations & Exercises,Exercises,Medium,MCQ,"Al Najah, a joint military exercise focused on counter-terrorism, is conducted between India and which Gulf country?",Qatar,Saudi Arabia,United Arab Emirates,Oman,D,Exercise Al Najah reflects deepening defence ties between India and Gulf nations in recent years.,India has significantly expanded military exercises and cooperation with Gulf countries as part of its broader West Asia outreach.,15,45,"{""International Relations & Exercises"",""Exercises""}",CDS/AFCAT/SSB,AI-generated for Forge platform
DEF-0400,International Relations & Exercises,Exercises,Medium,MCQ,"Desert Flag, a large multinational air exercise India's air force has participated in, is hosted by which country?",United Arab Emirates,Saudi Arabia,Qatar,Bahrain,A,Desert Flag brings together air forces from multiple countries for advanced combat training in a multinational setting.,IAF participation in such exercises helps pilots gain exposure to diverse tactics and aircraft types.,15,45,"{""International Relations & Exercises"",""Exercises""}",CDS/AFCAT/SSB,AI-generated for Forge platform
DEF-0401,International Relations & Exercises,Diplomacy,Medium,MCQ,India's defence export ambitions have included supplying which type of equipment to countries like the Philippines in recent years?,Aircraft carriers,BrahMos missile systems,Nuclear submarines,Main battle tanks,B,India's sale of BrahMos missiles to the Philippines marked a significant milestone in its growing defence export sector.,This deal reflects India's broader strategy of increasing defence exports as part of its 'Make in India' push.,15,45,"{""International Relations & Exercises"",""Diplomacy""}",CDS/AFCAT/SSB,AI-generated for Forge platform
DEF-0402,International Relations & Exercises,International Relations,Medium,MCQ,"India's defence relationship with Israel has grown significantly, particularly in which technology areas?",Aircraft carrier construction,Nuclear submarine technology,"Missile systems, UAVs, and radar/sensor technology",Space launch vehicles exclusively,C,Israel has become a key partner for India in areas like the Barak missile systems and various UAV programmes.,This partnership reflects a broader diversification of India's traditional defence supplier base.,15,45,"{""International Relations & Exercises"",""International Relations""}",CDS/AFCAT/SSB,AI-generated for Forge platform
DEF-0403,International Relations & Exercises,International Relations,Medium,MCQ,Russia has historically been India's largest source of which category of defence equipment?,Only training aircraft,Only small arms,Only naval mines,"A broad range including fighter jets, tanks, and submarines",D,Russia (and earlier the Soviet Union) has supplied a significant share of India's major weapons platforms since the Cold War era.,India has increasingly diversified its suppliers in recent decades while maintaining this long-standing relationship.,15,45,"{""International Relations & Exercises"",""International Relations""}",CDS/AFCAT/SSB,AI-generated for Forge platform
DEF-0404,International Relations & Exercises,Peacekeeping,Medium,MCQ,India deployed one of the first all-women peacekeeping units to which country under a UN mission?,Liberia,South Sudan,Democratic Republic of Congo,Mali,A,India's all-women Formed Police Unit deployed to Liberia was a landmark moment in UN peacekeeping history.,It demonstrated India's commitment to increasing women's participation in international peacekeeping efforts.,15,45,"{""International Relations & Exercises"",""Peacekeeping""}",CDS/AFCAT/SSB,AI-generated for Forge platform
DEF-0405,International Relations & Exercises,Exercises,Medium,MCQ,"Shakti, a joint military exercise focused on counter-terrorism in mountainous terrain, is conducted between India and which country?",Germany,France,Italy,Spain,B,Exercise Shakti focuses on joint special forces training in challenging terrain conditions.,"It reflects the deepening India-France defence relationship across multiple domains, including army-to-army cooperation.",15,45,"{""International Relations & Exercises"",""Exercises""}",CDS/AFCAT/SSB,AI-generated for Forge platform
DEF-0406,International Relations & Exercises,Organisations,Medium,MCQ,"IONS, a forum for naval cooperation among Indian Ocean littoral states, stands for?",Indian Ocean National Security forum,International Ocean Naval Society,Indian Ocean Naval Symposium,Integrated Ocean Naval Strategy group,C,IONS brings together navies from countries bordering the Indian Ocean to discuss maritime security cooperation.,India has played a leading role in establishing and hosting this forum since its inception.,15,45,"{""International Relations & Exercises"",""Organisations""}",CDS/AFCAT/SSB,AI-generated for Forge platform
DEF-0407,International Relations & Exercises,Diplomacy,Medium,MCQ,"'SAGAR', a maritime doctrine articulated by India, stands for?",Strategic Agreement for Global Aquatic Resources,Strategic Alliance for Global Asian Relations,South Asian Governance and Regional cooperation,Security and Growth for All in the Region,D,SAGAR outlines India's vision for cooperative maritime security and development across the Indian Ocean Region.,It reflects India's broader ambition to be a net security provider in its maritime neighbourhood.,15,45,"{""International Relations & Exercises"",""Diplomacy""}",CDS/AFCAT/SSB,AI-generated for Forge platform
DEF-0408,General Awareness & Defence Organisations,Organisations,Easy,MCQ,"The National Cadet Corps (NCC), which many defence aspirants join, operates under which ministry?",Ministry of Defence,Ministry of Home Affairs,Ministry of Education,Ministry of Youth Affairs and Sports,A,NCC provides basic military training and instils discipline among school and college students across India.,NCC 'C' certificate holders often receive certain benefits during defence recruitment processes.,10,45,"{""General Awareness & Defence Organisations"",""Organisations""}",NDA/CDS/AFCAT/SSB,AI-generated for Forge platform
DEF-0409,General Awareness & Defence Organisations,Organisations,Easy,MCQ,What does 'SSB' stand for in the context of officer selection for the Indian armed forces?,Special Services Bureau,Services Selection Board,Staff Selection Board,Standard Selection Bureau,B,"The SSB conducts the multi-day assessment process, including psychological tests and interviews, to select officer candidates.","There are multiple SSB centres located across India, each conducting selection boards for various entry schemes.",10,45,"{""General Awareness & Defence Organisations"",""Organisations""}",NDA/CDS/AFCAT/SSB,AI-generated for Forge platform
DEF-0410,General Awareness & Defence Organisations,Organisations,Medium,MCQ,"OLQs, a term frequently used in SSB assessments, stands for?",Organisational Learning Quality,Operational Leadership Quotient,Officer Like Qualities,Objective Level Qualification,C,"OLQs are a set of traits like leadership, determination, and social adaptability that SSB assessors look for in candidates.",Understanding and genuinely developing these qualities is considered more valuable than merely trying to display them during assessment.,15,45,"{""General Awareness & Defence Organisations"",""Organisations""}",NDA/CDS/AFCAT/SSB,AI-generated for Forge platform
DEF-0411,General Awareness & Defence Organisations,Organisations,Medium,MCQ,"NDA, the tri-service academy for officer cadets, is located near which city?",Hyderabad,Dehradun,Chennai,Pune (Khadakwasla),D,"NDA trains cadets from the Army, Navy, and Air Force together during their initial years of officer training.",Successful cadets later move to their respective service academies for further specialised training.,15,45,"{""General Awareness & Defence Organisations"",""Organisations""}",NDA/CDS/AFCAT/SSB,AI-generated for Forge platform
DEF-0412,General Awareness & Defence Organisations,Organisations,Medium,MCQ,"CDS, the written exam that (along with NDA) is a common entry route into the armed forces for graduates, stands for?",Combined Defence Services (Examination),Chief of Defence Staff,Central Defence Selection,Combined Defence Selection,A,"The CDS exam, conducted by UPSC, is a pathway for graduates to join the IMA, INA, AFA, and OTA.",Shortlisted candidates from the written exam undergo the SSB interview process before final selection.,15,45,"{""General Awareness & Defence Organisations"",""Organisations""}",NDA/CDS/AFCAT/SSB,AI-generated for Forge platform
DEF-0413,General Awareness & Defence Organisations,Organisations,Medium,MCQ,"AFCAT, an entry exam specifically for the Indian Air Force, stands for?",Air Force Cadet Aptitude Test,Air Force Common Admission Test,Aviation Fitness and Career Aptitude Test,Air Force Combined Assessment Test,B,AFCAT allows graduates and engineering students to apply for flying and ground duty branches of the IAF.,It is conducted twice a year and is followed by the SSB interview process for shortlisted candidates.,15,45,"{""General Awareness & Defence Organisations"",""Organisations""}",NDA/CDS/AFCAT/SSB,AI-generated for Forge platform
DEF-0414,General Awareness & Defence Organisations,Organisations,Medium,MCQ,"The UPSC, which conducts exams like NDA and CDS, stands for?",Union Personnel Selection Council,United Public Selection Committee,Union Public Service Commission,University Public Service Corporation,C,UPSC is India's central agency responsible for conducting exams for various government and defence recruitment processes.,"It conducts NDA, CDS, and civil services exams among many others.",15,45,"{""General Awareness & Defence Organisations"",""Organisations""}",NDA/CDS/AFCAT/SSB,AI-generated for Forge platform
DEF-0415,General Awareness & Defence Organisations,Organisations,Medium,MCQ,"Which body is responsible for conducting India's Republic Day parade, showcasing the armed forces each year?",State governments individually,The Election Commission of India,The Ministry of Culture alone,"The Ministry of Defence, in coordination with the armed forces",D,"The Republic Day parade showcases military hardware, marching contingents, and cultural tableaux from across India.",It is held annually on 26 January at Kartavya Path in New Delhi.,15,45,"{""General Awareness & Defence Organisations"",""Organisations""}",NDA/CDS/AFCAT/SSB,AI-generated for Forge platform
DEF-0416,General Awareness & Defence Organisations,General Knowledge,Easy,MCQ,"Republic Day, commemorating the adoption of India's Constitution, is celebrated on which date?",26 January,15 August,2 October,26 November,A,"India's Constitution came into effect on 26 January 1950, and the day is celebrated with major national ceremonies.",This date was chosen partly to commemorate the 1930 declaration of 'Purna Swaraj' (complete independence).,10,45,"{""General Awareness & Defence Organisations"",""General Knowledge""}",NDA/CDS/AFCAT/SSB,AI-generated for Forge platform
DEF-0417,General Awareness & Defence Organisations,General Knowledge,Easy,MCQ,"Independence Day, marking India's freedom from British rule, is celebrated on which date?",26 January,15 August,2 October,26 November,B,India gained independence from British rule on 15 August 1947.,The Prime Minister traditionally addresses the nation from the Red Fort in Delhi on this day.,10,45,"{""General Awareness & Defence Organisations"",""General Knowledge""}",NDA/CDS/AFCAT/SSB,AI-generated for Forge platform
DEF-0418,General Awareness & Defence Organisations,General Knowledge,Medium,MCQ,"Constitution Day, commemorating the adoption of India's Constitution by the Constituent Assembly, is observed on which date?",15 August,26 January,26 November,2 October,C,"The Constituent Assembly formally adopted the Constitution on 26 November 1949, though it came into effect later, on 26 January 1950.",This day is also referred to as 'Samvidhan Divas'.,15,45,"{""General Awareness & Defence Organisations"",""General Knowledge""}",NDA/CDS/AFCAT/SSB,AI-generated for Forge platform
DEF-0419,General Awareness & Defence Organisations,Defence Organisations,Medium,MCQ,The Border Security Force (BSF) primarily guards which type of border?,Only state-to-state internal borders,Only the Line of Actual Control with China,Only coastal maritime boundaries,"India's international borders, particularly with Pakistan and Bangladesh",D,"BSF is one of India's largest paramilitary forces, tasked with guarding international borders during peacetime.","During war, BSF units may also support the Army in various operational roles.",15,45,"{""General Awareness & Defence Organisations"",""Defence Organisations""}",NDA/CDS/AFCAT/SSB,AI-generated for Forge platform
DEF-0420,General Awareness & Defence Organisations,Defence Organisations,Medium,MCQ,The Indo-Tibetan Border Police (ITBP) primarily guards which sector of India's border?,The Himalayan border with China (Line of Actual Control),The Pakistan border in Punjab,The Bangladesh border,The Myanmar border,A,ITBP personnel are specially trained for high-altitude and mountainous terrain operations along the northern border.,They also play a role in disaster response operations in the Himalayan region.,15,45,"{""General Awareness & Defence Organisations"",""Defence Organisations""}",NDA/CDS/AFCAT/SSB,AI-generated for Forge platform
DEF-0421,General Awareness & Defence Organisations,Defence Organisations,Medium,MCQ,"The Sashastra Seema Bal (SSB force, distinct from the Services Selection Board) primarily guards which borders?",The Pakistan border,The Nepal and Bhutan borders,The China border,The maritime borders,B,"This paramilitary force secures India's open borders with Nepal and Bhutan, which differ in nature from heavily fenced borders elsewhere.",It also plays a role in community engagement and development in border areas.,15,45,"{""General Awareness & Defence Organisations"",""Defence Organisations""}",NDA/CDS/AFCAT/SSB,AI-generated for Forge platform
DEF-0422,General Awareness & Defence Organisations,Defence Organisations,Medium,MCQ,"The Central Reserve Police Force (CRPF), India's largest central paramilitary force, primarily handles which duties?",Air traffic control,Guarding international maritime borders exclusively,Internal security and counter-insurgency operations,Space launch security,C,"CRPF is deployed extensively for internal security duties, including counter-insurgency and law and order support to states.",It is one of the largest paramilitary organisations in the world by personnel strength.,15,45,"{""General Awareness & Defence Organisations"",""Defence Organisations""}",NDA/CDS/AFCAT/SSB,AI-generated for Forge platform
DEF-0423,General Awareness & Defence Organisations,Defence Organisations,Medium,MCQ,"The National Security Guard (NSG), known as the 'Black Cats', specialises in which type of operations?",Traffic management,Routine border patrol,Coastal fishing regulation,Counter-terrorism and hostage rescue,D,"NSG commandos are trained for high-risk counter-terrorism operations, including hostage rescue scenarios.",They gained significant public attention for their role in responding to the 2008 Mumbai terror attacks.,15,45,"{""General Awareness & Defence Organisations"",""Defence Organisations""}",NDA/CDS/AFCAT/SSB,AI-generated for Forge platform
DEF-0424,General Awareness & Defence Organisations,Defence Organisations,Medium,MCQ,"The Assam Rifles, one of India's oldest paramilitary forces, operates primarily in which region?",The North-Eastern states,Rajasthan,Jammu and Kashmir,The southern coastal states,A,"Assam Rifles has a dual role of counter-insurgency and, in peacetime, border guarding duties in the North-East.","It has a history dating back to the 19th century, making it one of India's oldest security forces.",15,45,"{""General Awareness & Defence Organisations"",""Defence Organisations""}",NDA/CDS/AFCAT/SSB,AI-generated for Forge platform
DEF-0425,General Awareness & Defence Organisations,Ministries,Medium,MCQ,"The Ministry of Defence in India is typically organised into several departments, including which of these?",Only a single unified Department of War,"Department of Defence, Department of Defence Production, and Department of Defence R&D",Department of Foreign Trade exclusively,Department of Civil Aviation exclusively,B,"This departmental structure allows for specialised focus on policy, production, and research aspects of defence.",A separate Department of Ex-Servicemen Welfare also addresses veteran affairs.,15,45,"{""General Awareness & Defence Organisations"",""Ministries""}",NDA/CDS/AFCAT/SSB,AI-generated for Forge platform
DEF-0426,General Awareness & Defence Organisations,Historical Context,Medium,MCQ,"The Kargil Review Committee, along with subsequent Group of Ministers reports, led to reforms addressing which broad area?",Only agricultural subsidy policy,Only civil aviation safety,"National security structures, including intelligence and defence coordination",Only urban infrastructure planning,C,"These reforms shaped several institutional changes over the following two decades, including eventually the creation of the CDS post.",The reports also emphasised the importance of coordinated intelligence gathering and analysis.,15,45,"{""General Awareness & Defence Organisations"",""Historical Context""}",NDA/CDS/AFCAT/SSB,AI-generated for Forge platform
DEF-0427,General Awareness & Defence Organisations,Historical Context,Medium,MCQ,"The post of Chief of Defence Staff (CDS), created in 2019, is intended to provide what kind of coordination?",Command exclusively over paramilitary forces,Direct command over all civilian ministries,Command exclusively over the Air Force,Single-point military advice to the government and better tri-service coordination,D,"The CDS also heads the Department of Military Affairs, aimed at improving jointness among the three services.",General Bipin Rawat was the first officer to hold this position.,15,45,"{""General Awareness & Defence Organisations"",""Historical Context""}",NDA/CDS/AFCAT/SSB,AI-generated for Forge platform
DEF-0428,General Awareness & Defence Organisations,Selection Process,Medium,MCQ,Which of these is generally NOT a stage of the standard SSB selection process?,A written multiple-choice-only final round with no interview or group tasks,"Screening test (verbal and non-verbal reasoning, picture perception)",Psychological tests,Group testing tasks and personal interview,A,"The SSB process combines psychological assessment, group tasks, and interviews rather than relying on written tests alone at this stage.",Candidates who clear the initial screening proceed through several days of holistic assessment.,15,45,"{""General Awareness & Defence Organisations"",""Selection Process""}",NDA/CDS/AFCAT/SSB,AI-generated for Forge platform
DEF-0429,General Awareness & Defence Organisations,Selection Process,Medium,MCQ,"The Thematic Apperception Test (TAT), part of SSB psychological testing, primarily assesses what?",Physical fitness levels,How a candidate perceives and responds to ambiguous picture-based scenarios,Mathematical aptitude,Memory recall of factual information,B,"In TAT, candidates write stories based on pictures shown briefly, revealing aspects of their personality and thought processes.",This is one of several psychological tests used alongside the Word Association Test and Situation Reaction Test.,15,45,"{""General Awareness & Defence Organisations"",""Selection Process""}",NDA/CDS/AFCAT/SSB,AI-generated for Forge platform
DEF-0430,General Awareness & Defence Organisations,Selection Process,Medium,MCQ,"The Word Association Test (WAT), part of SSB assessment, requires candidates to do what?",Memorise a list of vocabulary words,Solve mathematical word problems,Write the first thought that comes to mind for a series of words shown briefly,Debate a topic with fellow candidates,C,WAT is designed to reveal spontaneous reactions and underlying personality traits through quick word associations.,Candidates typically have only a few seconds to respond to each word before moving to the next.,15,45,"{""General Awareness & Defence Organisations"",""Selection Process""}",NDA/CDS/AFCAT/SSB,AI-generated for Forge platform
DEF-0431,General Awareness & Defence Organisations,Selection Process,Medium,MCQ,"The Situation Reaction Test (SRT), part of SSB assessment, presents candidates with what kind of material?",Mathematical puzzles,Physical obstacle courses,Group debate topics,A series of everyday situations requiring a written response on how they would react,D,"SRT reveals how a candidate might practically respond to common life situations, reflecting their decision-making tendencies.","Responses are assessed for qualities like initiative, responsibility, and social adaptability.",15,45,"{""General Awareness & Defence Organisations"",""Selection Process""}",NDA/CDS/AFCAT/SSB,AI-generated for Forge platform
DEF-0432,General Awareness & Defence Organisations,Selection Process,Medium,MCQ,Group Discussion and Group Planning Exercises during SSB primarily assess which qualities?,"Leadership, communication, and teamwork abilities",Only physical strength,Only academic knowledge of current affairs,Only artistic skill,A,"These group-based tasks reveal how candidates interact, lead, and cooperate with peers under semi-structured conditions.","Genuine, natural participation is generally valued more than trying to dominate or stay silent throughout.",15,45,"{""General Awareness & Defence Organisations"",""Selection Process""}",NDA/CDS/AFCAT/SSB,AI-generated for Forge platform
DEF-0433,General Awareness & Defence Organisations,Selection Process,Medium,MCQ,The Personal Interview during SSB is generally intended to assess a candidate's what?,Only their physical fitness test scores,"Overall personality, background, and suitability as viewed holistically",Only their exam marks in school,Only their family's financial background,B,"Interviewers explore a candidate's background, interests, and thought processes to assess their overall suitability.","Honesty and consistency across all testing stages, including the interview, are generally considered important.",15,45,"{""General Awareness & Defence Organisations"",""Selection Process""}",NDA/CDS/AFCAT/SSB,AI-generated for Forge platform
DEF-0434,General Awareness & Defence Organisations,General Knowledge,Medium,MCQ,"The Territorial Army motto, reflecting its citizen-soldier ethos, is often summarised by which idea?",Foreign mercenary service,Full-time exclusive military service only,Balancing civilian careers with voluntary military service,Purely ceremonial functions with no operational role,C,"The Territorial Army allows citizens to serve part-time, providing a flexible reserve force for the regular Army.",Members undergo periodic training while continuing their primary civilian occupations.,15,45,"{""General Awareness & Defence Organisations"",""General Knowledge""}",NDA/CDS/AFCAT/SSB,AI-generated for Forge platform
DEF-0435,General Awareness & Defence Organisations,General Knowledge,Medium,MCQ,"Sainik Schools, which prepare students for potential careers in the armed forces, are primarily aimed at?",Only training students in vocational trades unrelated to defence,Only training students already commissioned as officers,Only preparing students for civil services exams,Providing quality education with a focus on developing qualities useful for future defence careers,D,Sainik Schools offer a structured curriculum that helps students prepare for exams like NDA in later years.,They were established with the aim of increasing the pool of candidates prepared for a defence career from diverse backgrounds.,15,45,"{""General Awareness & Defence Organisations"",""General Knowledge""}",NDA/CDS/AFCAT/SSB,AI-generated for Forge platform
DEF-0436,General Awareness & Defence Organisations,General Knowledge,Medium,MCQ,"Rashtriya Military Schools, similar in spirit to Sainik Schools, primarily aim to do what?",Prepare students for entry into the NDA and other defence academies,Focus purely on vocational agricultural training,Serve only as finishing schools with no defence focus,"Train only serving soldiers' children exclusively, with no other eligibility",A,These schools provide a structured environment to help nurture qualities and academic preparation relevant to a defence career.,"They are distinct from, but share similar goals with, the Sainik Schools network.",15,45,"{""General Awareness & Defence Organisations"",""General Knowledge""}",NDA/CDS/AFCAT/SSB,AI-generated for Forge platform
DEF-0437,General Awareness & Defence Organisations,General Knowledge,Medium,MCQ,War memorials like the National War Memorial in Delhi primarily serve what purpose?,Serving as active military command centres,Honouring and commemorating fallen soldiers,Functioning as recruitment offices,Serving as weapons storage facilities,B,The National War Memorial lists the names of soldiers who made the ultimate sacrifice in various conflicts since independence.,"It complements the older India Gate, which specifically commemorates soldiers from the World Wars and earlier conflicts.",15,45,"{""General Awareness & Defence Organisations"",""General Knowledge""}",NDA/CDS/AFCAT/SSB,AI-generated for Forge platform
DEF-0438,General Awareness & Defence Organisations,General Knowledge,Medium,MCQ,India Gate in New Delhi was originally built to commemorate Indian soldiers who died in which conflicts?,Only the Kargil War,Only the 1971 war,World War I and the Third Anglo-Afghan War,Only the 1962 war,C,India Gate was built by the British to honour Indian soldiers who died fighting in World War I and later conflicts.,It has since become a broader symbol of national remembrance and a popular public landmark in Delhi.,15,45,"{""General Awareness & Defence Organisations"",""General Knowledge""}",NDA/CDS/AFCAT/SSB,AI-generated for Forge platform
DEF-0439,General Awareness & Defence Organisations,General Knowledge,Medium,MCQ,Which day is observed annually to honour the contribution and sacrifices of India's veterans?,Constitution Day,Republic Day,Independence Day,Armed Forces Flag Day (7 December),D,Armed Forces Flag Day involves fundraising and awareness efforts to support the welfare of veterans and their families.,Funds collected are used to support the rehabilitation of disabled soldiers and welfare of war widows.,15,45,"{""General Awareness & Defence Organisations"",""General Knowledge""}",NDA/CDS/AFCAT/SSB,AI-generated for Forge platform
DEF-0440,General Awareness & Defence Organisations,Selection Process,Medium,MCQ,Medical examinations for defence services candidates are typically conducted at which type of facility?,Military hospitals or designated medical boards,Any private clinic of the candidate's choice,Only civilian government hospitals with no specific defence protocol,Only online self-assessment forms,A,Medical Boards assess candidates against specific medical standards required for military service.,Candidates found unfit for certain reasons can sometimes appeal for a review or re-examination in specific cases.,15,45,"{""General Awareness & Defence Organisations"",""Selection Process""}",NDA/CDS/AFCAT/SSB,AI-generated for Forge platform
DEF-0441,General Awareness & Defence Organisations,General Knowledge,Medium,MCQ,"Which term describes the sense of camaraderie, pride, and loyalty soldiers feel toward their unit or regiment?",Officer Like Qualities,Esprit de corps,Chain of command,Order of precedence,B,"Esprit de corps fosters unity, morale, and a shared sense of purpose within military units.","Regimental history, traditions, and shared hardships all contribute to building this sense of belonging.",15,45,"{""General Awareness & Defence Organisations"",""General Knowledge""}",NDA/CDS/AFCAT/SSB,AI-generated for Forge platform
DEF-0442,General Awareness & Defence Organisations,General Knowledge,Medium,MCQ,The 'chain of command' in military organisations refers to what concept?,A ceremonial decoration worn by senior officers,A physical chain used to secure military equipment,The hierarchical structure through which orders and authority flow,A type of communication cable used in field operations,C,A clear chain of command ensures orders are transmitted efficiently and accountability is maintained at every level.,Understanding and respecting this structure is considered a foundational aspect of military discipline.,15,45,"{""General Awareness & Defence Organisations"",""General Knowledge""}",NDA/CDS/AFCAT/SSB,AI-generated for Forge platform
DEF-0443,General Awareness & Defence Organisations,General Knowledge,Medium,MCQ,Which of these best describes the concept of 'jointmanship' as discussed in recent Indian defence reforms?,A method of physical training exercises,A legal term for property ownership disputes,A term describing joint civilian-military businesses,"Increased coordination and integration among the Army, Navy, and Air Force",D,Jointmanship aims to improve coordination between the services for more efficient and effective military operations.,The creation of the CDS post and plans for integrated theatre commands both reflect this broader push.,15,45,"{""General Awareness & Defence Organisations"",""General Knowledge""}",NDA/CDS/AFCAT/SSB,AI-generated for Forge platform
DEF-0444,General Awareness & Defence Organisations,General Knowledge,Medium,MCQ,"'Theatre Commands', a structural reform being implemented in India's armed forces, primarily aim to do what?","Integrate Army, Navy, and Air Force assets under unified regional commanders",Separate the three services into fully independent command structures with no coordination,Eliminate the need for any regional commands altogether,Focus exclusively on naval operations,A,Theatre commands are intended to ensure all three services can operate seamlessly together in a specific geographic theatre.,"Several countries, including the United States, have used similar integrated command models for years.",15,45,"{""General Awareness & Defence Organisations"",""General Knowledge""}",NDA/CDS/AFCAT/SSB,AI-generated for Forge platform
DEF-0445,General Awareness & Defence Organisations,General Knowledge,Medium,MCQ,"The 'Agnipath' scheme, introduced in 2022, primarily reformed which aspect of India's armed forces?",Officer promotion criteria only,Recruitment of soldiers (Agniveers) for a shorter initial tenure,Pension calculations for veterans only,Procurement of fighter aircraft only,B,"Agnipath introduced a new recruitment model with a shorter initial service period, followed by options for a smaller percentage to continue in regular service.",The scheme generated significant public debate regarding its implications for long-term military career structures.,15,45,"{""General Awareness & Defence Organisations"",""General Knowledge""}",NDA/CDS/AFCAT/SSB,AI-generated for Forge platform
DEF-0446,General Awareness & Defence Organisations,General Knowledge,Medium,MCQ,Which government body is responsible for awarding pensions and welfare benefits to India's ex-servicemen?,Ministry of Labour and Employment exclusively,Ministry of Home Affairs,"Department of Ex-Servicemen Welfare, under the Ministry of Defence","State governments exclusively, with no central role",C,"This department handles matters like pensions, resettlement, and welfare schemes specifically for military veterans and their families.",It works alongside organisations like the Kendriya Sainik Board at both central and state levels.,15,45,"{""General Awareness & Defence Organisations"",""General Knowledge""}",NDA/CDS/AFCAT/SSB,AI-generated for Forge platform
DEF-0447,General Awareness & Defence Organisations,General Knowledge,Easy,MCQ,'Vande Mataram' and the national anthem 'Jana Gana Mana' are both prominently featured during which type of national event?,Only academic examinations,Only private family functions,Only sporting events unrelated to national days,Major national ceremonies including Republic Day and Independence Day,D,"Both songs hold significant national importance, with 'Jana Gana Mana' serving as India's official national anthem.",Understanding their historical context is often considered valuable general knowledge for defence aspirants.,10,45,"{""General Awareness & Defence Organisations"",""General Knowledge""}",NDA/CDS/AFCAT/SSB,AI-generated for Forge platform
DEF-0448,World Military History,World Wars,Easy,MCQ,World War I began in which year?,1914,1917,1939,1918,A,The war began in 1914 following the assassination of Archduke Franz Ferdinand and lasted until 1918.,"Over a million Indian soldiers served during World War I, fighting in various theatres including Europe and the Middle East.",10,45,"{""World Military History"",""World Wars""}",NDA/CDS,AI-generated for Forge platform
DEF-0449,World Military History,World Wars,Easy,MCQ,"World War II began in which year, with Germany's invasion of Poland?",1914,1939,1945,1929,B,The war lasted from 1939 to 1945 and involved the vast majority of the world's nations in some capacity.,"India contributed the largest volunteer army in history during WWII, with over 2.5 million personnel serving.",10,45,"{""World Military History"",""World Wars""}",NDA/CDS,AI-generated for Forge platform
DEF-0450,World Military History,World Wars,Medium,MCQ,Which event is widely considered to have triggered the start of World War I?,The invasion of Poland,The bombing of Pearl Harbor,The assassination of Archduke Franz Ferdinand,The signing of the Treaty of Versailles,C,The assassination in Sarajevo set off a chain of alliances and declarations of war that rapidly escalated into a global conflict.,This event is often cited as a classic example of how localised incidents can trigger wider conflicts through alliance systems.,15,45,"{""World Military History"",""World Wars""}",NDA/CDS,AI-generated for Forge platform
DEF-0451,World Military History,World Wars,Medium,MCQ,"The bombing of Pearl Harbor, which drew the United States into World War II, was conducted by which country?",Soviet Union,Germany,Italy,Japan,D,Japan's surprise attack on the US naval base in Hawaii in December 1941 led to America's formal entry into the war.,This event significantly shifted the balance and scale of the global conflict.,15,45,"{""World Military History"",""World Wars""}",NDA/CDS,AI-generated for Forge platform
DEF-0452,World Military History,World Wars,Medium,MCQ,Which treaty formally ended World War I and imposed significant terms on Germany?,Treaty of Versailles,Treaty of Tashkent,Treaty of Shimla,Treaty of Vienna,A,"The 1919 Treaty of Versailles imposed reparations and territorial losses on Germany, contributing to future tensions.",Many historians view the harsh terms of this treaty as a contributing factor to the rise of tensions leading to World War II.,15,45,"{""World Military History"",""World Wars""}",NDA/CDS,AI-generated for Forge platform
DEF-0453,World Military History,World Wars,Medium,MCQ,"D-Day, a major Allied invasion during World War II, refers to the landings at which location?","Okinawa, Japan","Normandy, France","Stalingrad, Soviet Union","Berlin, Germany",B,The Normandy landings in June 1944 marked a major turning point in the campaign to liberate Western Europe.,It remains one of the largest amphibious military operations in history.,15,45,"{""World Military History"",""World Wars""}",NDA/CDS,AI-generated for Forge platform
DEF-0454,World Military History,World Wars,Medium,MCQ,"Which two cities in Japan were struck by atomic bombs in August 1945, leading to Japan's surrender?",Kyoto and Nagoya,Tokyo and Osaka,Hiroshima and Nagasaki,Yokohama and Kobe,C,"The atomic bombings remain the only use of nuclear weapons in warfare in history, prompting Japan's surrender shortly after.",These events also profoundly shaped subsequent global nuclear weapons policy and disarmament discussions.,15,45,"{""World Military History"",""World Wars""}",NDA/CDS,AI-generated for Forge platform
DEF-0455,World Military History,World Wars,Medium,MCQ,"The Indian National Army (INA), formed to fight for India's independence during WWII, was led by which prominent leader?",Bhagat Singh,Mahatma Gandhi,Jawaharlal Nehru,Subhas Chandra Bose,D,"Bose led the INA with support from Japan, aiming to liberate India from British rule through armed struggle.",The INA's trials after the war became a significant rallying point for the Indian independence movement.,15,45,"{""World Military History"",""World Wars""}",NDA/CDS,AI-generated for Forge platform
DEF-0456,World Military History,Cold War,Medium,MCQ,The Cold War primarily refers to the geopolitical tension between which two superpowers?,The United States and the Soviet Union,China and Japan,India and Pakistan,United Kingdom and France,A,"The Cold War, spanning roughly from the late 1940s to the early 1990s, involved ideological, military, and economic rivalry.","It shaped much of the 20th century's global military alliances, arms races, and regional conflicts.",15,45,"{""World Military History"",""Cold War""}",NDA/CDS,AI-generated for Forge platform
DEF-0457,World Military History,Cold War,Medium,MCQ,The Cuban Missile Crisis of 1962 involved a standoff between the United States and which country?,China,Soviet Union,"Cuba acting entirely independently, with no Soviet involvement",United Kingdom,B,"The crisis arose after the Soviet Union placed nuclear missiles in Cuba, prompting a tense standoff with the United States.",It is widely regarded as one of the closest moments the world came to nuclear war during the Cold War.,15,45,"{""World Military History"",""Cold War""}",NDA/CDS,AI-generated for Forge platform
DEF-0458,World Military History,Cold War,Medium,MCQ,The fall of the Berlin Wall in 1989 symbolised the beginning of the end of which broader political division?,The partition of India,The division between North and South Korea,"The division between East and West Germany, and broadly the Cold War order",The division of Vietnam,C,The wall's fall paved the way for German reunification and symbolised the broader collapse of Soviet-aligned governments in Eastern Europe.,It remains one of the most iconic images marking the end of the Cold War era.,15,45,"{""World Military History"",""Cold War""}",NDA/CDS,AI-generated for Forge platform
DEF-0459,World Military History,Modern Conflicts,Medium,MCQ,The Gulf War of 1990-91 was primarily triggered by Iraq's invasion of which country?,Israel,Saudi Arabia,Iran,Kuwait,D,A US-led international coalition intervened to expel Iraqi forces from Kuwait following the invasion.,The conflict showcased significant advances in precision-guided weaponry and modern combined-arms warfare.,15,45,"{""World Military History"",""Modern Conflicts""}",NDA/CDS,AI-generated for Forge platform
DEF-0460,World Military History,Modern Conflicts,Medium,MCQ,"The September 11, 2001 attacks in the United States led directly to military action in which country shortly after?",Afghanistan,Iraq,Iran,Syria,A,The US launched military operations in Afghanistan targeting al-Qaeda and the Taliban government that had sheltered them.,This marked the beginning of a prolonged conflict that lasted roughly two decades.,15,45,"{""World Military History"",""Modern Conflicts""}",NDA/CDS,AI-generated for Forge platform
DEF-0461,World Military History,International Organisations,Medium,MCQ,"NATO, a major military alliance, was originally formed primarily to counter which perceived threat?",China's rise in the 21st century,The Soviet Union during the Cold War,Piracy in the Indian Ocean,Terrorism in the Middle East,B,NATO was established in 1949 as a collective defence alliance among Western nations against Soviet expansion.,It has since evolved and expanded its membership and mission scope significantly since the Cold War's end.,15,45,"{""World Military History"",""International Organisations""}",NDA/CDS,AI-generated for Forge platform
DEF-0462,World Military History,International Organisations,Medium,MCQ,"The United Nations, established after World War II, has its headquarters in which city?",The Hague,Geneva,New York City,Brussels,C,"The UN was founded in 1945 to promote international peace, security, and cooperation among member states.","Several UN agencies and bodies, however, are headquartered in other cities like Geneva and Vienna.",15,45,"{""World Military History"",""International Organisations""}",NDA/CDS,AI-generated for Forge platform
DEF-0463,World Military History,International Organisations,Medium,MCQ,The UN Security Council has how many permanent members with veto power?,Three,Ten,Fifteen,Five,D,"The five permanent members are the United States, United Kingdom, France, Russia, and China.",India has long advocated for permanent Security Council membership as part of broader UN reform efforts.,15,45,"{""World Military History"",""International Organisations""}",NDA/CDS,AI-generated for Forge platform
DEF-0464,World Military History,Modern Conflicts,Medium,MCQ,The Vietnam War primarily involved conflict between North Vietnam (backed by communist allies) and which other side?,"South Vietnam, backed by the United States and allies",Only internal Vietnamese factions with no foreign involvement,China against Japan,The Soviet Union against the United States directly,A,The prolonged conflict became one of the defining and most controversial military engagements of the Cold War era.,It significantly shaped US military and foreign policy thinking for decades afterward.,15,45,"{""World Military History"",""Modern Conflicts""}",NDA/CDS,AI-generated for Forge platform
DEF-0465,World Military History,Ancient/Medieval History,Medium,MCQ,"The Mauryan Empire, one of ancient India's largest empires, reached its peak under which ruler, known for embracing Buddhism after a bloody war?",Chandragupta Maurya,Ashoka the Great,Akbar,Samudragupta,B,Ashoka's transformation following the bloody Kalinga War is a significant event studied in Indian history and ethics.,"The Ashoka Chakra, India's highest peacetime gallantry award, draws its name from this historical figure.",15,45,"{""World Military History"",""Ancient/Medieval History""}",NDA/CDS,AI-generated for Forge platform
DEF-0466,World Military History,Ancient/Medieval History,Medium,MCQ,"The Battle of Panipat, fought multiple times through Indian history, is significant as a site of which type of decisive battles?",Battles fought entirely at sea,Naval battles controlling Indian Ocean trade,Major battles determining control over northern India,Minor border skirmishes with limited historical impact,C,"Three major battles were fought at Panipat in 1526, 1556, and 1761, each significantly shaping the course of Indian history.",The first Battle of Panipat established Mughal rule in India under Babur.,15,45,"{""World Military History"",""Ancient/Medieval History""}",NDA/CDS,AI-generated for Forge platform
DEF-0467,World Military History,Ancient/Medieval History,Medium,MCQ,The Chola dynasty of southern India was particularly notable for its strength in which military domain?,Guerrilla warfare in mountainous terrain,Exclusively land-based cavalry warfare,Fortification techniques with no naval activity,Naval power and maritime expansion,D,The Cholas built a powerful navy that extended their influence across South-East Asia and the Indian Ocean.,Their maritime achievements are considered a high point of ancient Indian naval history.,15,45,"{""World Military History"",""Ancient/Medieval History""}",NDA/CDS,AI-generated for Forge platform
DEF-0468,World Military History,Ancient/Medieval History,Medium,MCQ,"The Maratha Empire, which challenged Mughal dominance, was founded by which prominent leader?",Chhatrapati Shivaji Maharaj,Chandragupta Maurya,Akbar,Prithviraj Chauhan,A,Shivaji's guerrilla tactics and administrative innovations laid the foundation for the powerful Maratha Empire.,His military strategies are still studied for their innovative use of terrain and mobility.,15,45,"{""World Military History"",""Ancient/Medieval History""}",NDA/CDS,AI-generated for Forge platform
DEF-0469,World Military History,Colonial History,Medium,MCQ,"The 1857 uprising against British rule, sometimes called India's First War of Independence, began primarily in which region?","Southern India, notably Madras","Northern India, notably around Meerut and Delhi",Only in Bengal,Only in Punjab,B,The uprising involved widespread participation from soldiers (sepoys) and civilians across parts of northern and central India.,"It marked a significant turning point, eventually leading to the transfer of control from the East India Company to the British Crown.",15,45,"{""World Military History"",""Colonial History""}",NDA/CDS,AI-generated for Forge platform
DEF-0470,World Military History,Colonial History,Medium,MCQ,The Jallianwala Bagh massacre of 1919 took place in which city?,Lahore,Delhi,Amritsar,Lucknow,C,"British troops fired on a peaceful gathering, killing hundreds of unarmed civilians, an event that galvanised the independence movement.",The site is now preserved as a memorial to those who lost their lives.,15,45,"{""World Military History"",""Colonial History""}",NDA/CDS,AI-generated for Forge platform
DEF-0471,World Military History,World History,Medium,MCQ,"The concept of 'total war', where entire national resources and populations are mobilised for conflict, is most closely associated with which era?",19th century colonial skirmishes exclusively,Ancient Roman conquests exclusively,Medieval European jousting tournaments,The World Wars of the 20th century,D,"Total war mobilises a nation's entire economy, industry, and population toward the war effort, a defining feature of the World Wars.",This concept significantly shaped how nations organised their societies and economies during major 20th-century conflicts.,15,45,"{""World Military History"",""World History""}",NDA/CDS,AI-generated for Forge platform
DEF-0472,World Military History,World History,Medium,MCQ,"The term 'Blitzkrieg', associated with rapid, coordinated military offensives, was prominently used by which country during WWII?",Germany,United Kingdom,Soviet Union,United States,A,"Blitzkrieg tactics combined fast-moving armoured units, air support, and infantry to achieve rapid breakthroughs.",The approach proved highly effective in the early years of WWII before Allied forces adapted their strategies.,15,45,"{""World Military History"",""World History""}",NDA/CDS,AI-generated for Forge platform
DEF-0473,World Military History,International Relations,Medium,MCQ,The Treaty of Tordesillas historically divided colonial claims between which two European powers?,Britain and France,Spain and Portugal,Netherlands and Britain,Germany and Italy,B,This 15th-century treaty aimed to resolve competing claims to newly explored territories between the two Iberian powers.,It reflects an early example of formal international agreements shaping colonial expansion.,15,45,"{""World Military History"",""International Relations""}",NDA/CDS,AI-generated for Forge platform
DEF-0474,World Military History,General Awareness,Medium,MCQ,The term 'Pax Romana' historically refers to which period of relative peace and stability?,A ceasefire period during the Cold War,A brief truce during World War I,A lengthy period of stability across the Roman Empire,A peace treaty ending the Napoleonic Wars,C,Pax Romana describes roughly two centuries of relative peace and stability under Roman imperial rule.,The concept has since been used more broadly to describe similar periods of stability under dominant powers.,15,45,"{""World Military History"",""General Awareness""}",NDA/CDS,AI-generated for Forge platform
DEF-0475,World Military History,General Awareness,Medium,MCQ,"Alexander the Great's military campaigns extended his empire from Greece to which region, including parts of ancient India?","Only into North Africa, with no eastern campaigns",Only as far as Persia,Only within Greece and nearby islands,The Indus Valley region,D,"Alexander's campaigns reached the Indus region before his troops, exhausted from years of campaigning, compelled him to turn back.",His military tactics and campaigns remain widely studied in military history and strategy courses.,15,45,"{""World Military History"",""General Awareness""}",NDA/CDS,AI-generated for Forge platform
DEF-0476,World Military History,General Awareness,Medium,MCQ,"The term 'Pyrrhic victory', describing a victory that comes at a devastating cost, originates from which historical figure?",King Pyrrhus of Epirus,Alexander the Great,Julius Caesar,Napoleon Bonaparte,A,"Pyrrhus reportedly remarked that another such victory against the Romans would ruin his forces entirely, giving rise to the term.",The phrase is commonly used today to describe any success that comes at too great a cost to be considered a true win.,15,45,"{""World Military History"",""General Awareness""}",NDA/CDS,AI-generated for Forge platform
DEF-0477,World Military History,General Awareness,Medium,MCQ,"The 'Great Game', a term describing 19th-century geopolitical rivalry over Central Asia, was primarily played out between which two empires?",The French Empire and the German Empire,The British Empire and the Russian Empire,The Ottoman Empire and Austria-Hungary,The Chinese Empire and the Japanese Empire,B,This rivalry centred on strategic influence over Central Asia and the approaches to British India.,Elements of this historical strategic competition are sometimes referenced in modern discussions of regional geopolitics.,15,45,"{""World Military History"",""General Awareness""}",NDA/CDS,AI-generated for Forge platform
DEF-0478,"Coast Guard, Veterans & Miscellaneous",Coast Guard,Easy,MCQ,The Indian Coast Guard was established in which year?,1962,1950,1978,1990,C,The Coast Guard was set up to address gaps in maritime law enforcement and coastal security not covered by the Navy's primary combat role.,It has since grown into a significant force with a wide range of vessels and aircraft.,10,45,"{""Coast Guard, Veterans & Miscellaneous"",""Coast Guard""}",NDA/CDS/AFCAT/SSB,AI-generated for Forge platform
DEF-0479,"Coast Guard, Veterans & Miscellaneous",Coast Guard,Medium,MCQ,The motto of the Indian Coast Guard reflects which core duty?,Exclusively international diplomacy,Exclusively deep-sea combat operations,Exclusively space-based surveillance,"Protection of life and property at sea, and safeguarding maritime interests",D,"The Coast Guard focuses on search and rescue, anti-smuggling, fisheries protection, and marine pollution control, among other duties.","It works closely with the Navy, especially during heightened security situations.",15,45,"{""Coast Guard, Veterans & Miscellaneous"",""Coast Guard""}",NDA/CDS/AFCAT/SSB,AI-generated for Forge platform
DEF-0480,"Coast Guard, Veterans & Miscellaneous",Disaster Response,Medium,MCQ,"The National Disaster Response Force (NDRF), which often works alongside the armed forces, operates under which ministry?",Ministry of Home Affairs,Ministry of Defence,Ministry of Environment,Ministry of Health,A,"NDRF specialises in responding to natural and man-made disasters, complementing the armed forces' disaster relief capabilities.",The armed forces are frequently called upon for large-scale disaster relief operations due to their logistics and manpower capabilities.,15,45,"{""Coast Guard, Veterans & Miscellaneous"",""Disaster Response""}",NDA/CDS/AFCAT/SSB,AI-generated for Forge platform
DEF-0481,"Coast Guard, Veterans & Miscellaneous",Adventure & Sports,Medium,MCQ,"Which branch of the Indian Army is particularly associated with promoting mountaineering expeditions, including Everest summits?",The Corps of Signals exclusively,The Indian Mountaineering Foundation works closely with armed forces personnel on many expeditions,The Army Postal Service exclusively,The Judge Advocate General's Department exclusively,B,"Armed forces personnel have been part of numerous historic mountaineering expeditions, including early Indian Everest summits.","Such expeditions are seen as building endurance, teamwork, and the adventurous spirit valued in military training.",15,45,"{""Coast Guard, Veterans & Miscellaneous"",""Adventure & Sports""}",NDA/CDS/AFCAT/SSB,AI-generated for Forge platform
DEF-0482,"Coast Guard, Veterans & Miscellaneous",Adventure & Sports,Medium,MCQ,The Services Sports Control Board oversees which aspect of the armed forces?,Officer pension calculations,Court martial proceedings,Promotion of sports and physical fitness activities across the services,Weapons procurement decisions,C,"This body promotes competitive sports within the armed forces, contributing to fitness and esprit de corps.",Many of India's Olympic and international athletes have emerged from armed forces sporting programmes.,15,45,"{""Coast Guard, Veterans & Miscellaneous"",""Adventure & Sports""}",NDA/CDS/AFCAT/SSB,AI-generated for Forge platform
DEF-0483,"Coast Guard, Veterans & Miscellaneous",Women in Forces,Medium,MCQ,"Which of these roles became open to women in the Indian Navy relatively recently, marking a significant policy shift?",No roles have changed for women in the Navy,Serving in any Navy job since the Navy's founding,"Only administrative roles, unchanged for decades",Serving aboard warships in seagoing roles,D,"Women officers have increasingly been inducted into seagoing branches, reflecting a broader expansion of roles across the armed forces.",This mirrors similar expansions of opportunities for women across the Army and Air Force in recent years.,15,45,"{""Coast Guard, Veterans & Miscellaneous"",""Women in Forces""}",NDA/CDS/AFCAT/SSB,AI-generated for Forge platform
DEF-0484,"Coast Guard, Veterans & Miscellaneous",Women in Forces,Medium,MCQ,"Which Indian Air Force role did women become eligible for starting in 2016, marking a historic first?",Fighter pilot,Ground duty officer (already long open to women),Administrative officer (already long open to women),Air traffic controller (already long open to women),A,"Prior to 2016, women could serve as pilots in transport and helicopter roles but not as fighter pilots.",This policy change opened up frontline combat aviation careers to women for the first time.,15,45,"{""Coast Guard, Veterans & Miscellaneous"",""Women in Forces""}",NDA/CDS/AFCAT/SSB,AI-generated for Forge platform
DEF-0485,"Coast Guard, Veterans & Miscellaneous",Veterans,Medium,MCQ,'Ex-servicemen' typically refers to individuals who have done which of the following?,Only officers who reached the rank of General,Completed a term of service in the armed forces and been honourably discharged or retired,Only personnel dishonourably discharged,Civilians who once worked for a defence contractor,B,Various welfare schemes and reservation benefits are specifically designed to support ex-servicemen and their families.,Understanding this distinction is often useful general knowledge for those interested in defence-related careers and policies.,15,45,"{""Coast Guard, Veterans & Miscellaneous"",""Veterans""}",NDA/CDS/AFCAT/SSB,AI-generated for Forge platform
DEF-0486,"Coast Guard, Veterans & Miscellaneous",Veterans,Medium,MCQ,"The 'One Rank One Pension' (OROP) scheme, a significant policy affecting veterans, primarily addresses what issue?",Guaranteeing government jobs to all veterans' children,Providing free housing to all veterans,"Ensuring uniform pension for personnel of the same rank and service length, regardless of retirement date",Waiving all taxes for veterans,C,"OROP was a long-standing demand from veterans' associations, implemented after years of policy discussion and debate.",It remains a significant and sometimes debated topic in discussions of military welfare policy.,15,45,"{""Coast Guard, Veterans & Miscellaneous"",""Veterans""}",NDA/CDS/AFCAT/SSB,AI-generated for Forge platform
DEF-0487,"Coast Guard, Veterans & Miscellaneous",Uniforms & Symbols,Medium,MCQ,"The Ashoka Emblem, India's national emblem, is derived from which historical monument?",The Konark Sun Temple,The Red Fort in Delhi,The Qutub Minar,The Lion Capital of Ashoka at Sarnath,D,"The emblem, adopted in 1950, is based on a sculpture erected by Emperor Ashoka in the 3rd century BCE.","It appears on official government documents, currency, and various military insignia.",15,45,"{""Coast Guard, Veterans & Miscellaneous"",""Uniforms & Symbols""}",NDA/CDS/AFCAT/SSB,AI-generated for Forge platform
DEF-0488,"Coast Guard, Veterans & Miscellaneous",Uniforms & Symbols,Medium,MCQ,"The Indian national flag's tricolour consists of which three colours, from top to bottom?","Saffron, white, and green","Green, white, and saffron","Blue, white, and red","Red, white, and green",A,"The flag also features the Ashoka Chakra, a 24-spoke wheel, in navy blue at its centre.","Strict protocols govern the flag's display, folding, and disposal, which are also relevant to military ceremonial practice.",15,45,"{""Coast Guard, Veterans & Miscellaneous"",""Uniforms & Symbols""}",NDA/CDS/AFCAT/SSB,AI-generated for Forge platform
DEF-0489,"Coast Guard, Veterans & Miscellaneous",General Knowledge,Medium,MCQ,"The 'Kartavya Path' in New Delhi, the venue for the Republic Day parade, was formerly known by which name?",Janpath,Rajpath,Sansad Marg,Vijay Chowk,B,The avenue was renamed as part of a broader initiative to move away from certain colonial-era names and associations.,It remains one of the most significant ceremonial locations in the national capital.,15,45,"{""Coast Guard, Veterans & Miscellaneous"",""General Knowledge""}",NDA/CDS/AFCAT/SSB,AI-generated for Forge platform
DEF-0490,"Coast Guard, Veterans & Miscellaneous",Space & Science,Medium,MCQ,"Rakesh Sharma, India's first astronaut, flew to space in 1984 as part of a joint mission with which country?",France,United States,Soviet Union,China,C,"Sharma flew aboard a Soviet Soyuz mission, becoming the first Indian citizen to travel to space.","He was an Indian Air Force pilot before his selection for the space mission, connecting the achievement to India's defence aviation talent pool.",15,45,"{""Coast Guard, Veterans & Miscellaneous"",""Space & Science""}",NDA/CDS/AFCAT/SSB,AI-generated for Forge platform
DEF-0491,"Coast Guard, Veterans & Miscellaneous",Adventure & Sports,Medium,MCQ,"INS Tarangini and INS Sudarshini, sail training ships of the Indian Navy, are primarily used for what purpose?",Missile testing,Anti-submarine warfare,Aircraft carrier operations,Training naval cadets in traditional sailing and seamanship skills,D,"These sailing vessels have also undertaken long-distance training voyages, including circumnavigations, to build seamanship and endurance.",Such voyages are considered valuable for building character and leadership qualities among young naval officers.,15,45,"{""Coast Guard, Veterans & Miscellaneous"",""Adventure & Sports""}",NDA/CDS/AFCAT/SSB,AI-generated for Forge platform
DEF-0492,"Coast Guard, Veterans & Miscellaneous",General Knowledge,Medium,MCQ,The 'Har Ghar Tiranga' campaign encouraged citizens to do what as part of India's 75th independence anniversary celebrations?,Display the national flag at their homes,Enlist in the armed forces,Donate to veteran welfare funds exclusively,Plant trees exclusively,A,The campaign aimed to foster a personal connection to the national flag among citizens during the 'Azadi Ka Amrit Mahotsav' celebrations.,It reflected broader efforts to engage the public more directly in national commemorative events.,15,45,"{""Coast Guard, Veterans & Miscellaneous"",""General Knowledge""}",NDA/CDS/AFCAT/SSB,AI-generated for Forge platform
DEF-0493,"Coast Guard, Veterans & Miscellaneous",General Knowledge,Medium,MCQ,'Azadi Ka Amrit Mahotsav' was a series of events commemorating which milestone in India's history?,50 years of the Kargil War,75 years of independence,100 years of the Indian Air Force,150 years of the Indian Army,B,The commemorations ran over an extended period leading up to and beyond the 75th anniversary of independence in 2022.,Various defence-related exhibitions and events were part of the broader commemorative programme.,15,45,"{""Coast Guard, Veterans & Miscellaneous"",""General Knowledge""}",NDA/CDS/AFCAT/SSB,AI-generated for Forge platform
DEF-0494,"Coast Guard, Veterans & Miscellaneous",General Knowledge,Medium,MCQ,"The 'Statue of Unity', the world's tallest statue, depicts which Indian historical figure closely associated with national integration?",Jawaharlal Nehru,Mahatma Gandhi,Sardar Vallabhbhai Patel,Subhas Chandra Bose,C,"Patel played a crucial role in integrating over 500 princely states into the Indian union after independence, a process with significant strategic and security implications.","The statue is located in Gujarat, overlooking the Narmada river.",15,45,"{""Coast Guard, Veterans & Miscellaneous"",""General Knowledge""}",NDA/CDS/AFCAT/SSB,AI-generated for Forge platform
DEF-0495,"Coast Guard, Veterans & Miscellaneous",General Knowledge,Medium,MCQ,Which of these best describes the role of the President of India in relation to the armed forces?,Direct commander of only the Air Force,Day-to-day operational commander of all military units,Head of the Ministry of Defence's bureaucratic staff,"Supreme Commander of the Indian Armed Forces, a largely ceremonial constitutional role",D,"While the President holds the ceremonial title of Supreme Commander, operational command runs through the respective service chiefs and the government.",This structure reflects India's broader system of civilian oversight of the armed forces.,15,45,"{""Coast Guard, Veterans & Miscellaneous"",""General Knowledge""}",NDA/CDS/AFCAT/SSB,AI-generated for Forge platform
DEF-0496,"Coast Guard, Veterans & Miscellaneous",General Knowledge,Medium,MCQ,The 'Cash-for-votes' and similar scandals are examples of what broader category of governance issue sometimes studied alongside defence ethics topics?,Political corruption and governance integrity issues,Military tactics,Naval navigation techniques,Aircraft maintenance procedures,A,"Understanding governance and ethics issues broadly is often considered useful general awareness for competitive exam preparation, including for defence aspirants.",Such topics may appear in general knowledge sections of exams like CDS and AFCAT.,15,45,"{""Coast Guard, Veterans & Miscellaneous"",""General Knowledge""}",NDA/CDS/AFCAT/SSB,AI-generated for Forge platform
DEF-0497,"Coast Guard, Veterans & Miscellaneous",General Knowledge,Medium,MCQ,"Which Indian Space Research Organisation (ISRO) mission successfully placed a spacecraft in Mars orbit in 2014, a notable achievement relevant to India's broader strategic technology base?",Chandrayaan-1,Mangalyaan (Mars Orbiter Mission),Aditya-L1,Gaganyaan,B,India became the first country to successfully reach Mars orbit on its first attempt with this mission.,"While a civilian space mission, such achievements are often referenced alongside defence technology accomplishments in general awareness contexts.",15,45,"{""Coast Guard, Veterans & Miscellaneous"",""General Knowledge""}",NDA/CDS/AFCAT/SSB,AI-generated for Forge platform
DEF-0498,"Coast Guard, Veterans & Miscellaneous",General Knowledge,Medium,MCQ,"Gaganyaan, India's upcoming human spaceflight programme, involves close coordination between ISRO and which other body, given the role of test pilots?",The Ministry of Railways,The Indian Coast Guard,"The Indian Air Force, for astronaut training and selection",The Central Reserve Police Force,C,IAF test pilots have been selected and trained as part of preparations for India's first indigenous human spaceflight mission.,This reflects the close historical relationship between military aviation expertise and space exploration efforts.,15,45,"{""Coast Guard, Veterans & Miscellaneous"",""General Knowledge""}",NDA/CDS/AFCAT/SSB,AI-generated for Forge platform
DEF-0499,"Coast Guard, Veterans & Miscellaneous",General Knowledge,Medium,MCQ,The 'Made in India' defence export target set by the government in recent years primarily aims to boost which economic activity?,Agricultural exports,Imports of foreign weapons systems,Foreign tourism to India,Exports of indigenously manufactured defence equipment,D,Boosting defence exports is seen as a way to strengthen India's domestic defence industrial base and reduce costs through economies of scale.,Products like the Akash missile system and various naval vessels have featured in India's growing defence export efforts.,15,45,"{""Coast Guard, Veterans & Miscellaneous"",""General Knowledge""}",NDA/CDS/AFCAT/SSB,AI-generated for Forge platform
DEF-0500,"Coast Guard, Veterans & Miscellaneous",General Knowledge,Medium,MCQ,"Which of these is generally considered a core value emphasised in Indian military training and ethos, alongside courage and discipline?",Integrity and selfless service,Personal financial gain above unit cohesion,Avoiding responsibility during difficult decisions,Prioritising individual recognition over team success,A,"Military training across the Indian armed forces places strong emphasis on values like integrity, discipline, and service before self.",These values are considered central to effective leadership and unit cohesion in high-stress environments.,15,45,"{""Coast Guard, Veterans & Miscellaneous"",""General Knowledge""}",NDA/CDS/AFCAT/SSB,AI-generated for Forge platform
