id,category,subcategory,difficulty,question_type,question,option_a,option_b,option_c,option_d,correct_answer,explanation,fun_fact,xp_reward,time_limit,tags,exam_relevance,source,source_file,content_id,session,module,answer_type,word_limit,time_limit_seconds,xp,active,olq,notes,status
DEF-0001,Wars & Conflicts,1947-48 War,Easy,MCQ,The First Indo-Pak War (1947-48) was fought primarily over which region?,Punjab,Jammu and Kashmir,Sindh,Rann of Kutch,B,"The war began after tribal raiders backed by Pakistan invaded Kashmir, prompting the Maharaja to accede to India.","It was the first major military test for independent India's armed forces, barely months after Partition.",10,45,"{""Wars & Conflicts"",""1947-48 War""}",NDA/CDS/SSB,AI-generated for Forge platform,,,,,,,,,,,,
DEF-0002,Wars & Conflicts,1947-48 War,Medium,MCQ,Which operation saw Indian troops airlifted to Srinagar in October 1947 to repel the invasion?,Operation Baisakhi,Operation Vijay,Operation Gulmarg,"No codename, it was an emergency airlift",D,The October 1947 airlift to Srinagar was an emergency response and is generally not referred to by a specific operational codename in official accounts.,"Sikh infantry of the 1st Battalion were among the first troops flown in, landing directly into an active battle zone.",15,45,"{""Wars & Conflicts"",""1947-48 War""}",NDA/CDS/SSB,AI-generated for Forge platform,,,,,,,,,,,,
DEF-0003,Wars & Conflicts,1947-48 War,Medium,MCQ,The 1947-48 war ended with a ceasefire brokered by which body?,SAARC,Commonwealth of Nations,Non-Aligned Movement,United Nations,D,"The UN ceasefire came into effect on 1 January 1949, establishing what became the Line of Control.",The ceasefire line was originally called the 'Cease Fire Line' and was only renamed the 'Line of Control' after the 1971 war.,15,45,"{""Wars & Conflicts"",""1947-48 War""}",NDA/CDS/SSB,AI-generated for Forge platform,,,,,,,,,,,,
DEF-0004,Wars & Conflicts,1962 War,Easy,MCQ,The Sino-Indian War of 1962 was fought against which country?,China,Pakistan,Nepal,Myanmar,A,The war was fought along India's disputed Himalayan border in the North-East Frontier Agency (NEFA) and Ladakh.,"The war lasted about a month, from October to November 1962, before China declared a unilateral ceasefire.",,45,"{""Wars & Conflicts"",""1962 War""}",NDA/CDS/SSB,AI-generated for Forge platform,,,,,,,,,,,,
DEF-0005,Wars & Conflicts,1962 War,Medium,MCQ,Which Indian Army post is remembered for the last stand of Major Shaitan Singh and his company?,Nathu La,Rezang La,Bum La,Walong,B,"At Rezang La, 13 Kumaon fought to the last man against overwhelming Chinese forces in November 1962.",Major Shaitan Singh was posthumously awarded the Param Vir Chakra for his leadership in the battle.,15,45,"{""Wars & Conflicts"",""1962 War""}",NDA/CDS/SSB,AI-generated for Forge platform,,,,,,,,,,,,
DEF-0006,Wars & Conflicts,1962 War,Medium,MCQ,"The 1962 war exposed major gaps in India's military preparedness, leading to a major expansion of which force?",The Coast Guard,The Indian Navy,The Indian Army,The Territorial Army,C,"Post-1962, India significantly expanded and modernised the Army, raising new mountain divisions for high-altitude warfare.",This period also led to the creation of specialised mountain divisions specifically trained for Himalayan terrain.,15,45,"{""Wars & Conflicts"",""1962 War""}",NDA/CDS/SSB,AI-generated for Forge platform,,,,,,,,,,,,
DEF-0007,Wars & Conflicts,1965 War,Easy,MCQ,The Indo-Pak War of 1965 began after Pakistan launched which operation into Jammu and Kashmir?,Operation Chengiz Khan,Operation Grand Slam,Operation Searchlight,Operation Gibraltar,D,"Operation Gibraltar aimed to infiltrate forces into Kashmir to incite a local rebellion, which failed and triggered full-scale war.","Pakistan's follow-up, Operation Grand Slam, targeted Akhnoor but was halted by fierce Indian resistance.",10,45,"{""Wars & Conflicts"",""1965 War""}",NDA/CDS/SSB,AI-generated for Forge platform,,,,,,,,,,,,
DEF-0008,Wars & Conflicts,1965 War,Medium,MCQ,Which large tank battle of the 1965 war is considered one of the biggest since World War II?,Battle of Asal Uttar,Battle of Longewala,Battle of Basantar,Battle of Chawinda,A,"Fought near Khem Karan, Asal Uttar saw Indian forces destroy a large number of Pakistani Patton tanks.",The area later earned the nickname 'Patton Nagar' due to the number of destroyed tanks left behind.,15,45,"{""Wars & Conflicts"",""1965 War""}",NDA/CDS/SSB,AI-generated for Forge platform,,,,,,,,,,,,
DEF-0009,Wars & Conflicts,1965 War,Medium,MCQ,The 1965 war ended with the signing of which agreement?,Shimla Agreement,Tashkent Declaration,Karachi Agreement,Lahore Declaration,B,"The Tashkent Declaration was signed in January 1966, mediated by the Soviet Union.",Indian PM Lal Bahadur Shastri passed away in Tashkent shortly after signing the declaration.,15,45,"{""Wars & Conflicts"",""1965 War""}",NDA/CDS/SSB,AI-generated for Forge platform,,,,,,,,,,,,
DEF-0010,Wars & Conflicts,1971 War,Easy,MCQ,The 1971 Indo-Pak War led to the creation of which independent nation?,Myanmar,Sri Lanka,Bangladesh,Nepal,C,"The war resulted in the liberation of East Pakistan, which became the independent nation of Bangladesh.","The war lasted just 13 days on the eastern front, one of the shortest major wars in modern history.",10,45,"{""Wars & Conflicts"",""1971 War""}",NDA/CDS/SSB,AI-generated for Forge platform,,,,,,,,,,,,
DEF-0011,Wars & Conflicts,1971 War,Medium,MCQ,Which Indian Navy operation targeted Karachi harbour in December 1971?,Operation Meghdoot,Operation Python,Operation Cactus,Operation Trident,D,Operation Trident was a missile boat strike on Karachi harbour that sank several Pakistani vessels.,"A follow-up raid, Operation Python, struck Karachi's oil storage facilities days later.",15,45,"{""Wars & Conflicts"",""1971 War""}",NDA/CDS/SSB,AI-generated for Forge platform,,,,,,,,,,,,
DEF-0012,Wars & Conflicts,1971 War,Medium,MCQ,Who commanded the Pakistani forces that surrendered at Dhaka on 16 December 1971?,Lt Gen A.A.K. Niazi,Gen Yahya Khan,Gen Tikka Khan,Gen Zia-ul-Haq,A,"Lt Gen Niazi signed the Instrument of Surrender before Lt Gen Jagjit Singh Aurora, in what remains the largest surrender since WWII.","Over 90,000 Pakistani soldiers were taken as prisoners of war, the largest since the Second World War.",15,45,"{""Wars & Conflicts"",""1971 War""}",NDA/CDS/SSB,AI-generated for Forge platform,,,,,,,,,,,,
DEF-0013,Wars & Conflicts,1971 War,Hard,MCQ,"Which naval vessel was sunk by INS Khukri during the 1971 war, in an engagement that also saw Khukri herself lost?",PNS Ghazi,"PNS Hangor was the attacker, not the sunk vessel",No enemy vessel was sunk in that engagement,PNS Khaibar,A,"PNS Hangor, a submarine, torpedoed and sank INS Khukri off the coast of Diu; PNS Ghazi separately sank near Visakhapatnam under disputed circumstances.","INS Khukri's sinking remains the only Indian warship lost in that war, and her wreck is now a protected war memorial site.",20,45,"{""Wars & Conflicts"",""1971 War""}",NDA/CDS/SSB,AI-generated for Forge platform,,,,,,,,,,,,
DEF-0014,Wars & Conflicts,Kargil War,Easy,MCQ,In which year did the Kargil War take place?,2001,1998,1999,1997,C,The Kargil War was fought between May and July 1999 after Pakistani soldiers and militants infiltrated Indian positions.,"The war was fought at extreme altitudes, some posts above 16,000 feet, making it one of the highest-altitude wars in history.",10,45,"{""Wars & Conflicts"",""Kargil War""}",NDA/CDS/SSB,AI-generated for Forge platform,,,,,,,,,,,,
DEF-0015,Wars & Conflicts,Kargil War,Easy,MCQ,The Indian Army's operation to evict infiltrators during the Kargil War was codenamed?,Operation Rakshak,Operation Safed Sagar,Operation Talwar,Operation Vijay,D,Operation Vijay was the Indian Army's ground offensive to reclaim the peaks occupied by infiltrators.,The Indian Air Force's simultaneous air campaign was separately codenamed Operation Safed Sagar.,10,45,"{""Wars & Conflicts"",""Kargil War""}",NDA/CDS/SSB,AI-generated for Forge platform,,,,,,,,,,,,
DEF-0016,Wars & Conflicts,Kargil War,Medium,MCQ,"Which peak's recapture, involving Captain Vikram Batra, became one of the most iconic moments of the Kargil War?",Point 5140,Tiger Hill only,Batalik sector generally,Siachen Glacier,A,Captain Vikram Batra's famous radio message 'Yeh Dil Maange More' followed the capture of Point 5140.,Captain Batra was posthumously awarded the Param Vir Chakra for his actions during the war.,15,45,"{""Wars & Conflicts"",""Kargil War""}",NDA/CDS/SSB,AI-generated for Forge platform,,,,,,,,,,,,
DEF-0017,Wars & Conflicts,Kargil War,Medium,MCQ,"Tiger Hill, one of the most strategically important peaks recaptured during Kargil, is located in which sector?",Batalik,Dras,Siachen,Turtuk,B,Tiger Hill overlooks the Srinagar-Leh highway in the Dras sector and was recaptured in early July 1999.,The recapture of Tiger Hill was a major turning point that significantly boosted the morale of Indian forces.,15,45,"{""Wars & Conflicts"",""Kargil War""}",NDA/CDS/SSB,AI-generated for Forge platform,,,,,,,,,,,,
DEF-0018,Wars & Conflicts,Kargil War,Hard,MCQ,Which committee was set up by the Indian government to review the events and lessons of the Kargil War?,Subrahmanyam Committee (part of the same review),Henderson Brooks Committee,Kargil Review Committee,Both A and C refer to the same review effort,D,"The Kargil Review Committee, chaired by K. Subrahmanyam, examined the intelligence and security failures that led to the conflict.","Its recommendations eventually contributed to the creation of the post of Chief of Defence Staff, established two decades later.",20,45,"{""Wars & Conflicts"",""Kargil War""}",NDA/CDS/SSB,AI-generated for Forge platform,,,,,,,,,,,,
DEF-0019,Wars & Conflicts,Siachen Conflict,Easy,MCQ,"Siachen Glacier, the site of a long-running military standoff, lies in which mountain range?",Aravalli,Himalayas (Zanskar),Pir Panjal,Karakoram,D,Siachen lies in the eastern Karakoram range and is often called the world's highest battlefield.,"Soldiers stationed there face temperatures as low as -50°C, with cold and altitude causing more casualties historically than combat.",10,45,"{""Wars & Conflicts"",""Siachen Conflict""}",NDA/CDS/SSB,AI-generated for Forge platform,,,,,,,,,,,,
DEF-0020,Wars & Conflicts,Siachen Conflict,Medium,MCQ,India secured control of the Siachen Glacier through which 1984 operation?,Operation Meghdoot,Operation Rajiv,Operation Vijay,Operation Falcon,A,Operation Meghdoot was launched in April 1984 to preempt a Pakistani move onto the glacier.,It remains one of the few military operations conducted at such extreme altitude and cold anywhere in the world.,15,45,"{""Wars & Conflicts"",""Siachen Conflict""}",NDA/CDS/SSB,AI-generated for Forge platform,,,,,,,,,,,,
DEF-0021,Wars & Conflicts,1971 War,Medium,MCQ,"The Battle of Longewala in the western sector of the 1971 war saw a small Indian post hold off a large Pakistani armoured assault, aided heavily by which service?",The Indian Navy,The Indian Air Force,The Coast Guard,"The BSF alone, without air support",B,IAF Hunter aircraft played a decisive role in destroying Pakistani tanks advancing on the Longewala post.,"The battle inspired the popular Bollywood film Border, though the film dramatizes several details.",15,45,"{""Wars & Conflicts"",""1971 War""}",NDA/CDS/SSB,AI-generated for Forge platform,,,,,,,,,,,,
DEF-0022,Wars & Conflicts,1971 War,Hard,MCQ,Field Marshal Sam Manekshaw served as which position during the 1971 war?,Defence Minister,Chief of Defence Staff,Chief of the Army Staff,Chief of the Air Staff,C,Sam Manekshaw led the Indian Army during the 1971 war and later became independent India's first Field Marshal.,"He famously advised political leaders to delay the war until conditions favoured India, showcasing his strategic caution.",20,45,"{""Wars & Conflicts"",""1971 War""}",NDA/CDS/SSB,AI-generated for Forge platform,,,,,,,,,,,,
DEF-0023,Wars & Conflicts,Wars - General,Medium,MCQ,Which of these Indo-Pak wars is generally considered the shortest in duration?,Kargil War,1965 War,1947-48 War,1971 War,D,"The 1971 war's eastern front concluded in just 13 days, from 3 to 16 December 1971.","Despite its short duration, it remains the most decisive of the India-Pakistan wars in terms of territorial and political outcome.",15,45,"{""Wars & Conflicts"",""Wars - General""}",NDA/CDS/SSB,AI-generated for Forge platform,,,,,,,,,,,,
DEF-0024,Wars & Conflicts,Wars - General,Medium,MCQ,"The Radcliffe Line, drawn during Partition, later became the basis for the international border between India and which country primarily?",Pakistan and Bangladesh,Nepal,China,Myanmar,A,"Sir Cyril Radcliffe drew the boundary lines that separated India from the two wings of Pakistan (West and East, the latter now Bangladesh).",Radcliffe reportedly had only about five weeks to draw the entire boundary before Partition.,15,45,"{""Wars & Conflicts"",""Wars - General""}",NDA/CDS/SSB,AI-generated for Forge platform,,,,,,,,,,,,
DEF-0025,Wars & Conflicts,Wars - General,Hard,MCQ,"The Shimla Agreement, signed after the 1971 war, was signed between which two leaders?",Indira Gandhi and Yahya Khan,Indira Gandhi and Zulfikar Ali Bhutto,Lal Bahadur Shastri and Ayub Khan,Morarji Desai and Zia-ul-Haq,B,The 1972 Shimla Agreement between Indira Gandhi and Zulfikar Ali Bhutto formalised the Line of Control and committed both nations to resolve disputes bilaterally.,"The agreement also led to the return of over 90,000 Pakistani prisoners of war captured during the conflict.",20,45,"{""Wars & Conflicts"",""Wars - General""}",NDA/CDS/SSB,AI-generated for Forge platform,,,,,,,,,,,,
DEF-0026,Wars & Conflicts,1962 War,Hard,MCQ,Which Indian Army formation bore the brunt of the Chinese offensive in the NEFA sector during the 1962 war?,I Corps,XV Corps,IV Corps,II Corps,C,"IV Corps, under Lt Gen B.M. Kaul, was responsible for the NEFA sector where much of the fighting occurred.",The 1962 war led to major reforms in India's higher defence organisation and army structure in the years that followed.,20,45,"{""Wars & Conflicts"",""1962 War""}",NDA/CDS/SSB,AI-generated for Forge platform,,,,,,,,,,,,
DEF-0027,Wars & Conflicts,1965 War,Hard,MCQ,"Which sector saw the Indian Army capture the Haji Pir Pass during the 1965 war, later returned under the Tashkent Agreement?",Rajasthan sector,Chhamb sector,Sialkot sector,Uri-Poonch sector,D,"The Haji Pir Pass, captured to block infiltration routes, was returned to Pakistan as part of the post-war Tashkent settlement.",Its capture and subsequent return remains a point of debate in discussions of the war's strategic outcomes.,20,45,"{""Wars & Conflicts"",""1965 War""}",NDA/CDS/SSB,AI-generated for Forge platform,,,,,,,,,,,,
DEF-0028,Wars & Conflicts,Kargil War,Medium,MCQ,Which type of terrain made the Kargil conflict particularly challenging for Indian troops attacking uphill?,"Steep, rocky mountain slopes at high altitude",Dense tropical jungle,Flat desert terrain,Marshy riverine terrain,A,"Indian troops had to assault well-entrenched enemy positions on steep ridgelines, often climbing near-vertical rock faces under fire.",Many attacks were carried out at night to reduce exposure to enemy observation and fire from the heights.,15,45,"{""Wars & Conflicts"",""Kargil War""}",NDA/CDS/SSB,AI-generated for Forge platform,,,,,,,,,,,,
DEF-0029,Wars & Conflicts,Kargil War,Medium,MCQ,"Grenadier Yogendra Singh Yadav, one of the youngest Param Vir Chakra recipients, earned the honour during which Kargil battle?",Capture of Point 5140,Capture of Tiger Hill,Battle of Rezang La,Battle of Longewala,B,"He scaled a cliff under fire to neutralise enemy bunkers, enabling his company to capture Tiger Hill.","At just 19 years old, he became one of the youngest recipients of India's highest gallantry award.",15,45,"{""Wars & Conflicts"",""Kargil War""}",NDA/CDS/SSB,AI-generated for Forge platform,,,,,,,,,,,,
DEF-0030,Wars & Conflicts,1971 War,Medium,MCQ,The Instrument of Surrender in 1971 was signed at which location?,Islamabad,Karachi,Dhaka's Ramna Race Course,Chittagong,C,The surrender ceremony took place at Ramna Race Course (now Suhrawardy Udyan) in Dhaka on 16 December 1971.,16 December is now celebrated in India as Vijay Diwas to commemorate the victory.,15,45,"{""Wars & Conflicts"",""1971 War""}",NDA/CDS/SSB,AI-generated for Forge platform,,,,,,,,,,,,
DEF-0031,Wars & Conflicts,Wars - General,Easy,MCQ,"Vijay Diwas', commemorated every year on 16 December, marks India's victory in which war?",1962 War,1965 War,Kargil War,1971 War,D,Vijay Diwas marks the surrender of Pakistani forces and the liberation of Bangladesh in 1971.,A separate 'Kargil Vijay Diwas' is observed on 26 July to mark victory in the 1999 Kargil War.,10,45,"{""Wars & Conflicts"",""Wars - General""}",NDA/CDS/SSB,AI-generated for Forge platform,,,,,,,,,,,,
DEF-0032,Wars & Conflicts,Wars - General,Easy,MCQ,Kargil Vijay Diwas' is observed on which date?,26 July,16 December,3 December,6 September,A,26 July marks the day Indian forces declared complete victory in the 1999 Kargil War.,This date is now marked with ceremonies at the Kargil War Memorial in Dras.,10,45,"{""Wars & Conflicts"",""Wars - General""}",NDA/CDS/SSB,AI-generated for Forge platform,,,,,,,,,,,,
DEF-0033,Wars & Conflicts,1971 War,Medium,MCQ,Which Indian aircraft carrier played a key role in the naval blockade of East Pakistan during the 1971 war?,INS Viraat,INS Vikrant,INS Vikramaditya,INS Delhi,B,"INS Vikrant's aircraft launched strikes on East Pakistani ports and airfields, helping enforce a naval blockade.","INS Vikrant was India's first aircraft carrier, commissioned in 1961 from a former Royal Navy vessel.",15,45,"{""Wars & Conflicts"",""1971 War""}",NDA/CDS/SSB,AI-generated for Forge platform,,,,,,,,,,,,
DEF-0034,Wars & Conflicts,1965 War,Medium,MCQ,"During the 1965 war, which Pakistani offensive aimed to cut off Jammu from the rest of India by capturing Akhnoor?",Operation Searchlight,Operation Gibraltar,Operation Grand Slam,Operation Fair Play,C,Operation Grand Slam nearly succeeded before a change in Pakistani command and stiff Indian resistance halted the advance.,The failure of this operation is often cited as a key turning point that shifted momentum in India's favour.,15,45,"{""Wars & Conflicts"",""1965 War""}",NDA/CDS/SSB,AI-generated for Forge platform,,,,,,,,,,,,
DEF-0035,Wars & Conflicts,Wars - General,Medium,MCQ,Which international body deployed the UN Military Observer Group (UNMOGIP) to monitor the India-Pakistan ceasefire line?,International Red Cross,Commonwealth of Nations,SAARC,United Nations,D,UNMOGIP was established in 1949 to observe and report on the ceasefire between India and Pakistan in Kashmir.,India maintains that UNMOGIP's role became largely defunct after the Simla Agreement established a fresh bilateral framework.,15,45,"{""Wars & Conflicts"",""Wars - General""}",NDA/CDS/SSB,AI-generated for Forge platform,,,,,,,,,,,,
DEF-0036,Wars & Conflicts,1971 War,Hard,MCQ,"The Eastern Command during the 1971 war, which achieved the surrender at Dhaka, was headed by which General?",Lt Gen Jagjit Singh Aurora,Lt Gen Sagat Singh,Field Marshal Sam Manekshaw,Lt Gen J.F.R. Jacob,A,"Lt Gen Aurora, as GOC-in-C Eastern Command, accepted the surrender from Lt Gen Niazi.","Lt Gen J.F.R. Jacob, as Chief of Staff Eastern Command, played a key role in drafting the surrender terms.",20,45,"{""Wars & Conflicts"",""1971 War""}",NDA/CDS/SSB,AI-generated for Forge platform,,,,,,,,,,,,
DEF-0037,Wars & Conflicts,Kargil War,Hard,MCQ,"Which Indian Air Force aircraft was lost to a shoulder-fired missile early in the Kargil conflict, prompting a change in tactics?",Mirage 2000,MiG-27,Su-30MKI,Jaguar,B,"A MiG-27 was shot down by a man-portable air-defence missile, after which IAF strikes shifted to higher, safer altitudes.",The IAF later used precision-guided munitions from Mirage 2000s to strike heavily fortified enemy positions at Tiger Hill.,20,45,"{""Wars & Conflicts"",""Kargil War""}",NDA/CDS/SSB,AI-generated for Forge platform,,,,,,,,,,,,
DEF-0038,Wars & Conflicts,Wars - General,Medium,MCQ,"Which war is credited with exposing weaknesses that eventually led to the creation of the post of Chief of Defence Staff in India, decades later?",1971 War,1965 War,Kargil War,1947-48 War,C,"The Kargil Review Committee's recommendations, along with later Group of Ministers reports, laid the groundwork for the CDS post created in 2019.",General Bipin Rawat became independent India's first Chief of Defence Staff in December 2019.,15,45,"{""Wars & Conflicts"",""Wars - General""}",NDA/CDS/SSB,AI-generated for Forge platform,,,,,,,,,,,,
DEF-0039,Wars & Conflicts,1971 War,Medium,MCQ,Which Indian Air Force operation targeted Pakistani air bases at the start of the 1971 war on the western front?,Operation Trident,Operation Safed Sagar,Operation Meghdoot,"Operation Cactus Lily was a related codename, but the main campaign is generally referenced without a single unified codename",D,"The IAF's western sector campaign in 1971 involved coordinated strikes on Pakistani airfields, though it isn't tied to a single widely-used umbrella codename in the way Kargil's air effort was.","The 1971 war marked significant achievements for the IAF, including strikes that severely degraded the Pakistan Air Force's operational capacity.",15,45,"{""Wars & Conflicts"",""1971 War""}",NDA/CDS/SSB,AI-generated for Forge platform,,,,,,,,,,,,
DEF-0040,Wars & Conflicts,1962 War,Medium,MCQ,"Which town in NEFA saw fierce fighting and eventual withdrawal by Indian troops, becoming symbolic of the 1962 war's hardships?",Walong,Leh,Kargil,Poonch,A,The Battle of Walong saw Indian troops putting up prolonged resistance against a numerically superior Chinese force.,"Walong is located in present-day Arunachal Pradesh, close to the disputed border with China.",15,45,"{""Wars & Conflicts"",""1962 War""}",NDA/CDS/SSB,AI-generated for Forge platform,,,,,,,,,,,,
DEF-0041,Wars & Conflicts,Wars - General,Easy,MCQ,Which of these is NOT one of the major wars fought between India and Pakistan?,The 1947-48 War,The Kashmir War of 1954,The 1965 War,The 1971 War,B,"There was no major India-Pakistan war in 1954; the recognised conflicts are 1947-48, 1965, 1971, and the 1999 Kargil War.","Some border skirmishes and standoffs, like Siachen, are considered separate from these four major wars.",10,45,"{""Wars & Conflicts"",""Wars - General""}",NDA/CDS/SSB,AI-generated for Forge platform,,,,,,,,,,,,
DEF-0042,Wars & Conflicts,1971 War,Hard,MCQ,Which naval action in December 1971 involved the sinking of the Pakistani submarine PNS Ghazi near Visakhapatnam?,Operation Python,Operation Trident,Operation on Vishakhapatnam harbour defences,Operation Cactus,C,"PNS Ghazi sank under circumstances still debated, either due to an internal explosion or Indian naval action, while attempting to target INS Vikrant.",The wreck of PNS Ghazi lies off the coast of Visakhapatnam and has since become a subject of naval historical study.,20,45,"{""Wars & Conflicts"",""1971 War""}",NDA/CDS/SSB,AI-generated for Forge platform,,,,,,,,,,,,
DEF-0043,Wars & Conflicts,Kargil War,Medium,MCQ,The Kargil War prompted India to establish which body to oversee long-term defence reforms?,Armed Forces Tribunal,"National Security Council alone, pre-existing",Ministry of Defence Production,Group of Ministers on National Security,D,"The Group of Ministers report following the Kargil Review Committee led to sweeping reforms in intelligence, border management, and defence structures.",This period also saw the strengthening of the National Security Council and creation of new intelligence coordination mechanisms.,15,45,"{""Wars & Conflicts"",""Kargil War""}",NDA/CDS/SSB,AI-generated for Forge platform,,,,,,,,,,,,
DEF-0044,Wars & Conflicts,1965 War,Medium,MCQ,Which international mediator hosted the talks that produced the Tashkent Declaration ending the 1965 war?,Soviet Union,United States,United Kingdom,France,A,Soviet Premier Alexei Kosygin hosted and mediated the talks in Tashkent between India and Pakistan.,The Tashkent talks were one of the Cold War era's notable instances of Soviet diplomatic mediation in South Asia.,15,45,"{""Wars & Conflicts"",""1965 War""}",NDA/CDS/SSB,AI-generated for Forge platform,,,,,,,,,,,,
DEF-0045,Wars & Conflicts,Wars - General,Medium,MCQ,"The Rann of Kutch skirmish of 1965, a precursor to the larger war that year, was fought over which type of terrain?",Mountain passes,Marshy salt flats,Dense forest,Riverine islands,B,The Rann of Kutch is a large area of salt marshes along the India-Pakistan border in Gujarat.,Tensions from this skirmish contributed to the broader escalation that led to the full-scale 1965 war.,15,45,"{""Wars & Conflicts"",""Wars - General""}",NDA/CDS/SSB,AI-generated for Forge platform,,,,,,,,,,,,
DEF-0046,Wars & Conflicts,1971 War,Medium,MCQ,Which Mukti Bahini force fought alongside Indian troops during the Bangladesh Liberation War?,A Sri Lankan volunteer brigade,A regular Pakistani Army unit,East Pakistani/Bengali resistance fighters,A Nepalese Gurkha regiment,C,"The Mukti Bahini were Bengali guerrilla and regular forces resisting Pakistani rule, closely coordinating with the Indian Army during the war.",Their local knowledge and support were instrumental in the rapid Indian advance across East Pakistan.,15,45,"{""Wars & Conflicts"",""1971 War""}",NDA/CDS/SSB,AI-generated for Forge platform,,,,,,,,,,,,
DEF-0047,Wars & Conflicts,Kargil War,Medium,MCQ,Approximately how many Indian soldiers lost their lives during the Kargil War?,"Around 50,000",Around 50,"Around 5,000",Around 500,D,Official figures place Indian fatalities during the Kargil War at approximately 527 soldiers.,The Kargil War Memorial in Dras lists the names of the fallen and is a major site of remembrance.,15,45,"{""Wars & Conflicts"",""Kargil War""}",NDA/CDS/SSB,AI-generated for Forge platform,,,,,,,,,,,,
DEF-0048,Wars & Conflicts,1971 War,Hard,MCQ,"Which key Pakistani position fell early in the eastern campaign, opening the route toward Dhaka for advancing Indian forces?",Jessore,Chittagong,Sylhet,Comilla,A,The fall of Jessore in early December 1971 was a major breakthrough that accelerated the Indian advance toward Dhaka.,The Indian strategy of bypassing heavily defended towns and pushing rapidly toward Dhaka is studied as a model of manoeuvre warfare.,20,45,"{""Wars & Conflicts"",""1971 War""}",NDA/CDS/SSB,AI-generated for Forge platform,,,,,,,,,,,,
DEF-0049,Operations & Missions,Operation Meghdoot,Easy,MCQ,Operation Meghdoot (1984) was launched to secure which strategic location?,Kargil heights,Siachen Glacier,Karachi harbour,Dhaka,B,India launched Operation Meghdoot to occupy key passes on the Siachen Glacier ahead of a suspected Pakistani move.,"Meghdoot' means 'cloud messenger', named after a classical Sanskrit poem by Kalidasa.",10,45,"{""Operations & Missions"",""Operation Meghdoot""}",NDA/CDS/SSB,AI-generated for Forge platform,,,,,,,,,,,,
DEF-0050,Operations & Missions,Operation Cactus,Easy,MCQ,Operation Cactus (1988) saw Indian forces intervene in which country to foil a coup?,Seychelles,Sri Lanka,Maldives,Mauritius,C,Indian paratroopers were airlifted overnight to the Maldives to restore President Gayoom's government during an attempted coup.,The operation is widely cited as a textbook example of rapid power projection by the Indian military.,10,45,"{""Operations & Missions"",""Operation Cactus""}",NDA/CDS/SSB,AI-generated for Forge platform,,,,,,,,,,,,
DEF-0051,Operations & Missions,Operation Pawan,Medium,MCQ,Operation Pawan (1987-90) involved the Indian Peace Keeping Force (IPKF) in which country?,Myanmar,Bangladesh,Maldives,Sri Lanka,D,The IPKF was deployed to Sri Lanka to enforce the Indo-Sri Lanka Accord and disarm militant groups.,"The operation proved far more costly and complex than initially anticipated, lasting nearly three years.",15,45,"{""Operations & Missions"",""Operation Pawan""}",NDA/CDS/SSB,AI-generated for Forge platform,,,,,,,,,,,,
DEF-0052,Operations & Missions,Operation Blue Star,Medium,MCQ,Operation Blue Star (1984) was conducted at which religious site?,"The Golden Temple, Amritsar",Somnath Temple,"Jama Masjid, Delhi",Akshardham Temple,A,The Indian Army conducted the operation to remove armed militants who had entrenched themselves inside the Golden Temple complex.,The operation remains one of the most controversial military actions in independent India's history.,15,45,"{""Operations & Missions"",""Operation Blue Star""}",NDA/CDS/SSB,AI-generated for Forge platform,,,,,,,,,,,,
DEF-0053,Operations & Missions,Operation Parakram,Medium,MCQ,Operation Parakram (2001-02) was a large-scale military mobilisation following which event?,The Kargil War,The attack on the Indian Parliament,The Mumbai 26/11 attacks,The IC-814 hijacking,B,"Following the December 2001 Parliament attack, India mobilised nearly a million troops along the border with Pakistan.","Despite the massive mobilisation, the standoff ended without full-scale war, though it prompted major doctrine reviews.",15,45,"{""Operations & Missions"",""Operation Parakram""}",NDA/CDS/SSB,AI-generated for Forge platform,,,,,,,,,,,,
DEF-0054,Operations & Missions,Operation Sukoon,Medium,MCQ,Operation Sukoon (2006) was a mission to evacuate Indian citizens from which country?,Yemen,Libya,Lebanon,Sudan,C,The Indian Navy evacuated thousands of Indian and other foreign nationals from Lebanon during the Israel-Hezbollah conflict.,"The operation also assisted nationals of several other countries, showcasing the Navy's humanitarian evacuation capability.",15,45,"{""Operations & Missions"",""Operation Sukoon""}",NDA/CDS/SSB,AI-generated for Forge platform,,,,,,,,,,,,
DEF-0055,Operations & Missions,Operation Vijay (1961),Medium,MCQ,Which 1961 'Operation Vijay' refers to India's annexation of a Portuguese colonial enclave?,Liberation of Junagadh,Liberation of Kashmir,Liberation of Hyderabad,Liberation of Goa,D,"This earlier Operation Vijay led to the annexation of Goa, Daman, and Diu from Portuguese control in December 1961.","This is distinct from the later 'Operation Vijay' of the 1999 Kargil War, which shares the same name.",15,45,"{""Operations & Missions"",""Operation Vijay (1961)""}",NDA/CDS/SSB,AI-generated for Forge platform,,,,,,,,,,,,
DEF-0056,Operations & Missions,Operation Trident,Medium,MCQ,"Operation Trident, a decisive 1971 naval strike, targeted which port city?",Karachi,Chittagong,Gwadar,Ormara,A,"Missile boats of the Indian Navy struck Karachi harbour, sinking several Pakistani naval vessels and fuel installations.","4 December, the date of the operation, is now commemorated annually as Indian Navy Day.",15,45,"{""Operations & Missions"",""Operation Trident""}",NDA/CDS/SSB,AI-generated for Forge platform,,,,,,,,,,,,
DEF-0057,Operations & Missions,Operation Rahat,Medium,MCQ,Operation Rahat (2015) was a large-scale evacuation mission conducted in which country?,Libya,Yemen,Lebanon,Sudan,B,The Indian armed forces evacuated thousands of Indian and foreign nationals from Yemen amid escalating conflict.,"The operation involved coordination between the Air Force, Navy, and Air India for the evacuation.",15,45,"{""Operations & Missions"",""Operation Rahat""}",NDA/CDS/SSB,AI-generated for Forge platform,,,,,,,,,,,,
DEF-0058,Operations & Missions,Operation Maitri,Medium,MCQ,Operation Maitri (2015) was a humanitarian relief mission conducted in which neighbouring country after an earthquake?,Myanmar,Bhutan,Nepal,Bangladesh,C,The Indian armed forces provided rapid disaster relief following the devastating 2015 Nepal earthquake.,"Maitri' means 'friendship' in Sanskrit and Nepali, reflecting the humanitarian nature of the mission.",15,45,"{""Operations & Missions"",""Operation Maitri""}",NDA/CDS/SSB,AI-generated for Forge platform,,,,,,,,,,,,
DEF-0059,Operations & Missions,Operation Safed Sagar,Medium,MCQ,Operation Safed Sagar refers to the Indian Air Force's campaign during which conflict?,Siachen conflict,1971 War,1965 War,Kargil War,D,This was the codename for the IAF's air operations supporting the ground offensive during the 1999 Kargil War.,It was the first time since 1971 that the IAF was used in an active combat role against Pakistan.,15,45,"{""Operations & Missions"",""Operation Safed Sagar""}",NDA/CDS/SSB,AI-generated for Forge platform,,,,,,,,,,,,
DEF-0060,Operations & Missions,Operation Polo,Hard,MCQ,Operation Polo (1948) refers to India's military action to integrate which princely state?,Hyderabad,Junagadh,Kashmir,Goa,A,Operation Polo was a five-day military action that led to the accession of the princely state of Hyderabad to India.,The operation is also referred to in some historical accounts as the 'Police Action' in Hyderabad.,20,45,"{""Operations & Missions"",""Operation Polo""}",NDA/CDS/SSB,AI-generated for Forge platform,,,,,,,,,,,,
DEF-0061,Operations & Missions,Operation Vijay (Junagadh),Hard,MCQ,India's action to integrate the princely state of Junagadh in 1947 is sometimes referred to by which name?,Operation Polo,"Operation Vijay was later used for Goa, not Junagadh; a plebiscite ultimately settled Junagadh's accession",Operation Meghdoot,Operation Trident,B,Junagadh's accession to India followed a February 1948 plebiscite after the Nawab initially acceded to Pakistan; it is generally not tied to a specific well-known military codename.,"Junagadh's ruler fled to Pakistan, and the state's administration was taken over by India before the plebiscite confirmed accession.",20,45,"{""Operations & Missions"",""Operation Vijay (Junagadh)""}",NDA/CDS/SSB,AI-generated for Forge platform,,,,,,,,,,,,
DEF-0062,Operations & Missions,Operation Cactus Lily,Hard,MCQ,Cactus Lily' is a codename sometimes associated with Indian military operations in which theatre of the 1971 war?,Siachen,Eastern sector,Western sector,Rann of Kutch,C,Cactus Lily is used in some historical accounts referring to operations on the western front during the 1971 war.,"Details of lesser-known codenames from 1971 vary across sources, reflecting the complexity of documenting large multi-front campaigns.",20,45,"{""Operations & Missions"",""Operation Cactus Lily""}",NDA/CDS/SSB,AI-generated for Forge platform,,,,,,,,,,,,
DEF-0063,Operations & Missions,Operation Rakshak,Medium,MCQ,Operation Rakshak refers to ongoing Indian Army operations focused on which task?,Peacekeeping abroad,Coastal surveillance,Disaster relief,Counter-insurgency in Jammu and Kashmir and the North-East,D,Operation Rakshak is a long-running counter-insurgency and counter-terrorism operation conducted by the Army in insurgency-affected regions.,"Unlike named wartime operations, Rakshak reflects a continuous internal security mission rather than a single campaign.",15,45,"{""Operations & Missions"",""Operation Rakshak""}",NDA/CDS/SSB,AI-generated for Forge platform,,,,,,,,,,,,
DEF-0064,Operations & Missions,Operation Samudra Setu,Medium,MCQ,Operation Samudra Setu (2020) was launched by the Indian Navy for what purpose?,Repatriating Indian citizens stranded abroad during the COVID-19 pandemic,Anti-piracy patrols,Disaster relief after a cyclone,A joint naval exercise,A,Indian Navy ships were used to bring back thousands of Indian nationals stranded overseas during the pandemic.,This marked one of the largest peacetime deployments of Indian naval assets for a civilian evacuation mission.,15,45,"{""Operations & Missions"",""Operation Samudra Setu""}",NDA/CDS/SSB,AI-generated for Forge platform,,,,,,,,,,,,
DEF-0065,Operations & Missions,Operation Ganga,Medium,MCQ,Operation Ganga (2022) was launched to evacuate Indian citizens from which conflict zone?,Afghanistan,Ukraine,Yemen,Sudan,B,Operation Ganga evacuated thousands of Indian students and citizens from Ukraine following the outbreak of the Russia-Ukraine conflict.,The operation involved coordination across multiple government ministries and used both civilian and military aircraft.,15,45,"{""Operations & Missions"",""Operation Ganga""}",NDA/CDS/SSB,AI-generated for Forge platform,,,,,,,,,,,,
DEF-0066,Operations & Missions,Operation Devi Shakti,Medium,MCQ,Operation Devi Shakti (2021) involved the evacuation of Indian nationals from which country?,Sudan,Yemen,Afghanistan,Libya,C,This operation evacuated Indian citizens and some Afghan partners following the Taliban's takeover of Kabul in 2021.,"The name 'Devi Shakti' reflects the symbolic timing near the Navratri festival, which celebrates feminine strength.",15,45,"{""Operations & Missions"",""Operation Devi Shakti""}",NDA/CDS/SSB,AI-generated for Forge platform,,,,,,,,,,,,
DEF-0067,Operations & Missions,Operation Kaveri,Medium,MCQ,Operation Kaveri (2023) evacuated Indian citizens from which African nation experiencing conflict?,Somalia,Libya,Ethiopia,Sudan,D,India evacuated thousands of citizens from Sudan amid the outbreak of fighting between rival military factions in 2023.,The operation used both naval vessels and military transport aircraft to complete the evacuation.,15,45,"{""Operations & Missions"",""Operation Kaveri""}",NDA/CDS/SSB,AI-generated for Forge platform,,,,,,,,,,,,
DEF-0068,Operations & Missions,Operation Ajay,Medium,MCQ,Operation Ajay (2023) was launched to evacuate Indian nationals from which conflict-affected region?,Israel,Sudan,Ukraine,Afghanistan,A,Operation Ajay evacuated Indian citizens from Israel following the escalation of conflict in the region in October 2023.,Special charter flights were arranged as part of the operation to bring citizens home safely.,15,45,"{""Operations & Missions"",""Operation Ajay""}",NDA/CDS/SSB,AI-generated for Forge platform,,,,,,,,,,,,
DEF-0069,Operations & Missions,Operation Falcon,Hard,MCQ,Operation Falcon (1986-87) was an Indian Army build-up in response to tensions along which border?,The Pakistan border in Punjab,The Sino-Indian border near Sumdorong Chu,The Bangladesh border,The Nepal border,B,Operation Falcon involved a rapid Indian military build-up in Arunachal Pradesh following a standoff at Sumdorong Chu with China.,"The crisis eventually eased through diplomatic engagement, without escalating into open conflict.",20,45,"{""Operations & Missions"",""Operation Falcon""}",NDA/CDS/SSB,AI-generated for Forge platform,,,,,,,,,,,,
DEF-0070,Operations & Missions,Operation Leech,Hard,MCQ,Operation Leech (1998) was a covert Indian Navy operation targeting what activity in the Andaman Sea?,Illegal fishing fleets,Drug trafficking by cartels,Gun-running and piracy by armed groups,Smuggling of antiquities,C,The operation targeted a group involved in arms smuggling intercepted near the Andaman and Nicobar Islands.,Details of the operation remained classified for years before being partially declassified in later accounts.,20,45,"{""Operations & Missions"",""Operation Leech""}",NDA/CDS/SSB,AI-generated for Forge platform,,,,,,,,,,,,
DEF-0071,Operations & Missions,Operation Cactus,Hard,MCQ,Approximately how quickly were Indian paratroopers deployed to the Maldives after the government's request during Operation Cactus?,"Within 48 hours precisely, per most accounts",Within a week,Within a month,Within about 24 hours,D,"Indian forces were mobilised and airlifted with remarkable speed, landing in the Maldives within roughly a day of the request.",The rapid response is often cited in military studies as a model for expeditionary rapid-reaction capability.,20,45,"{""Operations & Missions"",""Operation Cactus""}",NDA/CDS/SSB,AI-generated for Forge platform,,,,,,,,,,,,
DEF-0072,Operations & Missions,Operation Meghdoot,Medium,MCQ,"Since Operation Meghdoot, India has maintained a continuous military presence on the Siachen Glacier for how long, roughly?",Over four decades,About one decade,About two years,About two decades,A,"India has continuously held positions on the glacier since 1984, making it one of the longest continuous high-altitude deployments in military history.",Logistics to sustain troops there require some of the most advanced high-altitude warfare equipment in the world.,15,45,"{""Operations & Missions"",""Operation Meghdoot""}",NDA/CDS/SSB,AI-generated for Forge platform,,,,,,,,,,,,
DEF-0073,Operations & Missions,Operation Python,Medium,MCQ,Operation Python (1971) was a follow-up naval strike targeting which facility near Karachi?,Naval dockyard in Chittagong,Oil storage tanks at Karachi,Airbase in Sargodha,Radar installation in Lahore,B,"Days after Operation Trident, Indian missile boats struck Karachi's oil storage facilities, causing massive fires.",The twin strikes severely disrupted Pakistan's naval logistics and fuel supplies during the war.,15,45,"{""Operations & Missions"",""Operation Python""}",NDA/CDS/SSB,AI-generated for Forge platform,,,,,,,,,,,,
DEF-0074,Operations & Missions,Operation Blue Star,Hard,MCQ,Which Indian Army General commanded the overall operation during Operation Blue Star?,Gen Bipin Rawat,Field Marshal Sam Manekshaw,Lt Gen Kuldip Singh Brar,Lt Gen Sagat Singh,C,Lt Gen Kuldip Singh Brar led the operation to clear militants from the Golden Temple complex.,The operation triggered significant political and social repercussions that continued to affect India for years afterward.,20,45,"{""Operations & Missions"",""Operation Blue Star""}",NDA/CDS/SSB,AI-generated for Forge platform,,,,,,,,,,,,
DEF-0075,Operations & Missions,Operation Pawan,Hard,MCQ,"The Indo-Sri Lanka Accord, which Operation Pawan was meant to enforce, was signed in which year?",1971,1984,1990,1987,D,The accord was signed by Indian PM Rajiv Gandhi and Sri Lankan President J.R. Jayewardene in July 1987.,"The IPKF's mission grew increasingly complex as it found itself in direct conflict with the LTTE, a group it was meant to help disarm.",20,45,"{""Operations & Missions"",""Operation Pawan""}",NDA/CDS/SSB,AI-generated for Forge platform,,,,,,,,,,,,
DEF-0076,Operations & Missions,Operation Vijay (Kargil),Medium,MCQ,Roughly how many peaks and posts did Indian forces have to recapture during Operation Vijay in Kargil?,Over 100 posts across several sectors,Exactly 5 major peaks,A single ridge line,Fewer than 10 posts,A,"Indian forces fought to reclaim numerous posts across the Dras, Kargil, Batalik, and Mushkoh sectors.","The operation required extensive high-altitude mountaineering skills combined with combat, a rare operational challenge.",15,45,"{""Operations & Missions"",""Operation Vijay (Kargil)""}",NDA/CDS/SSB,AI-generated for Forge platform,,,,,,,,,,,,
DEF-0077,Operations & Missions,Operation Rakshak,Hard,MCQ,Operation Rakshak is primarily associated with which two Indian Army commands due to their counter-insurgency responsibilities?,Southern Command and Central Command,Northern Command and forces in the North-East,Eastern Naval Command and Western Naval Command,South Western Air Command and Central Air Command,B,"Forces under Northern Command handle counter-insurgency in Jammu and Kashmir, while separate formations handle North-East insurgency operations, both often grouped under the Rakshak framework.",The operation reflects the Army's long-standing internal security role alongside its conventional defence responsibilities.,20,45,"{""Operations & Missions"",""Operation Rakshak""}",NDA/CDS/SSB,AI-generated for Forge platform,,,,,,,,,,,,
DEF-0078,Operations & Missions,Operation Talwar,Hard,MCQ,Operation Talwar' is a name sometimes used in accounts of Indian naval or army operations during which conflict?,1971 War,1965 War,Kargil War (naval blockade component),Siachen conflict,C,"During the Kargil War, the Indian Navy conducted a forward deployment and blockade posture referred to in some accounts as Operation Talwar.",This naval posture aimed to deter any wider escalation by Pakistan during the Kargil conflict.,20,45,"{""Operations & Missions"",""Operation Talwar""}",NDA/CDS/SSB,AI-generated for Forge platform,,,,,,,,,,,,
DEF-0079,Operations & Missions,Operation Gulmarg,Hard,MCQ,Operation Gulmarg refers to which side's plan during the 1947-48 Kashmir conflict?,Pakistan's plan for the Rann of Kutch,India's airlift to Srinagar,The UN's ceasefire monitoring plan,Pakistan's plan to send tribal raiders into Kashmir,D,Operation Gulmarg was reportedly the Pakistani plan to send armed tribal lashkars into Kashmir to force its accession.,This operation is what triggered the Maharaja of Kashmir's request for Indian military assistance and his subsequent accession to India.,20,45,"{""Operations & Missions"",""Operation Gulmarg""}",NDA/CDS/SSB,AI-generated for Forge platform,,,,,,,,,,,,
DEF-0080,Operations & Missions,Operation Cactus,Medium,MCQ,Which branch of the Indian armed forces played the lead role in the initial airlift during Operation Cactus?,Indian Air Force paratroopers (Army units airlifted by the IAF),Indian Navy marine commandos alone,Indian Coast Guard,Border Security Force,A,"Army paratroopers were flown in by IAF transport aircraft, landing directly at Malé's airport to secure the situation.",Naval vessels were also dispatched afterward to help intercept the fleeing coup plotters by sea.,15,45,"{""Operations & Missions"",""Operation Cactus""}",NDA/CDS/SSB,AI-generated for Forge platform,,,,,,,,,,,,
DEF-0081,Operations & Missions,Operation Vijay (Kargil),Easy,MCQ,"Approximately how many days did the Kargil conflict, covered under Operation Vijay, last?",About 2 weeks,About 2 months,About 6 months,About 1 year,B,"The conflict lasted from early May to late July 1999, roughly two to three months of intense fighting.","Despite its relatively short duration, it involved some of the most difficult high-altitude combat conditions in modern warfare.",10,45,"{""Operations & Missions"",""Operation Vijay (Kargil)""}",NDA/CDS/SSB,AI-generated for Forge platform,,,,,,,,,,,,
DEF-0082,Operations & Missions,Operation Sukoon,Hard,MCQ,"Roughly how many people, including foreign nationals, were evacuated during Operation Sukoon from Lebanon?",Around fifty,A few hundred,Several thousand,Over a hundred thousand,C,Indian naval ships evacuated several thousand Indian nationals along with citizens of other countries such as Sri Lanka and Nepal.,The operation highlighted India's growing capability in maritime humanitarian assistance and disaster relief.,20,45,"{""Operations & Missions"",""Operation Sukoon""}",NDA/CDS/SSB,AI-generated for Forge platform,,,,,,,,,,,,
DEF-0083,Operations & Missions,Operation Devi Shakti,Hard,MCQ,Which Indian Air Force aircraft was prominently used for evacuation flights during Operation Devi Shakti?,An-32,MiG-29,Su-30MKI,C-17 Globemaster III,D,The C-17's large cargo capacity made it well suited for evacuating large numbers of people quickly from Kabul.,Images of the crowded evacuation flights drew global attention during the operation.,20,45,"{""Operations & Missions"",""Operation Devi Shakti""}",NDA/CDS/SSB,AI-generated for Forge platform,,,,,,,,,,,,
DEF-0084,Operations & Missions,Operation Rahat,Hard,MCQ,Which two Indian Navy ships were prominently used for the sea evacuation route during Operation Rahat in Yemen?,"INS Sumitra and INS Mumbai, among others",INS Vikramaditya alone,INS Vikrant alone,INS Chakra alone,A,"Multiple Indian Navy ships, including frigates and patrol vessels, ferried evacuees from Yemeni ports to safety.",The evacuation combined sea and air routes to manage the large number of people needing rescue.,20,45,"{""Operations & Missions"",""Operation Rahat""}",NDA/CDS/SSB,AI-generated for Forge platform,,,,,,,,,,,,
DEF-0085,Operations & Missions,Operation Kaveri,Hard,MCQ,Which Indian Air Force aircraft type was used to airlift evacuees out of Sudan during Operation Kaveri?,Rafale,C-130J Super Hercules,Tejas,Su-30MKI,B,The C-130J's ability to operate from shorter and less-developed airstrips made it suitable for the evacuation from conflict-hit Sudan.,The operation also used Indian Navy ships for evacuees moving via the port of Port Sudan.,20,45,"{""Operations & Missions"",""Operation Kaveri""}",NDA/CDS/SSB,AI-generated for Forge platform,,,,,,,,,,,,
DEF-0086,Operations & Missions,Operation Ganga,Hard,MCQ,"How many phases or 'flights waves' is Operation Ganga generally described as having involved, broadly speaking?",Exactly two flights,A single flight,Multiple coordinated waves of flights over several weeks,Ten fixed daily flights only,C,The operation ran over several weeks with multiple coordinated flights as the situation in Ukraine evolved.,Union ministers were also deployed to neighbouring countries to help coordinate the evacuation logistics on the ground.,20,45,"{""Operations & Missions"",""Operation Ganga""}",NDA/CDS/SSB,AI-generated for Forge platform,,,,,,,,,,,,
DEF-0087,Operations & Missions,Operation Meghdoot,Hard,MCQ,"Which Pakistani operation, aimed at pre-empting India's move, was reportedly planned around the same time as Operation Meghdoot?",Operation Gibraltar,No credible Pakistani counter-operation reached the glacier first,Operation Grand Slam,Operation Ababeel,B,India's swift action under Operation Meghdoot meant Indian troops occupied key Siachen passes before any Pakistani force could reach them.,This first-mover advantage is why India has maintained continuous control over most of the glacier since 1984.,20,45,"{""Operations & Missions"",""Operation Meghdoot""}",NDA/CDS/SSB,AI-generated for Forge platform,,,,,,,,,,,,
DEF-0088,Operations & Missions,Operation Trident,Hard,MCQ,What made Operation Trident notable in naval history in terms of weaponry used?,It was one of the first successful uses of anti-ship missiles in naval combat,It was the first submarine-only naval battle,It used only conventional gunfire,It was fought entirely by aircraft carriers,A,"Soviet-supplied Styx anti-ship missiles fired from Indian missile boats proved highly effective, marking a new era in naval warfare.",The success of the operation is widely studied in naval academies as an early demonstration of missile boat tactics.,20,45,"{""Operations & Missions"",""Operation Trident""}",NDA/CDS/SSB,AI-generated for Forge platform,,,,,,,,,,,,
DEF-0089,Operations & Missions,Operation Vijay (Goa),Medium,MCQ,"Operation Vijay (1961), the liberation of Goa, ended over four centuries of colonial rule by which European power?",France,Portugal,Britain,The Netherlands,B,"Portuguese colonial rule in Goa, Daman, and Diu ended after a brief military operation by Indian forces in December 1961.","France had earlier ceded its Indian territories, such as Puducherry, peacefully through negotiation rather than military action.",15,45,"{""Operations & Missions"",""Operation Vijay (Goa)""}",NDA/CDS/SSB,AI-generated for Forge platform,,,,,,,,,,,,
DEF-0090,Operations & Missions,Operation Polo,Medium,MCQ,"Operation Polo (1948) is also referred to in some historical accounts by which name, reflecting its official framing at the time?",Operation Cactus,Operation Trident,Police Action,Operation Vijay,C,The Indian government at the time officially described the action as a 'Police Action' rather than a war.,The operation lasted about five days before the Nizam of Hyderabad's forces surrendered.,15,45,"{""Operations & Missions"",""Operation Polo""}",NDA/CDS/SSB,AI-generated for Forge platform,,,,,,,,,,,,
DEF-0091,Operations & Missions,Operation Rahat,Medium,MCQ,Operation Rahat (2015) primarily evacuated Indian citizens working in which sector in Yemen?,Only students,Only diplomatic staff,Only military personnel,"Various sectors, including many labourers and professionals",D,The evacuees included a wide range of Indian workers and professionals caught up in the escalating conflict in Yemen.,The scale of the operation led it to be described as one of the largest civilian evacuations conducted by any country in recent years.,15,45,"{""Operations & Missions"",""Operation Rahat""}",NDA/CDS/SSB,AI-generated for Forge platform,,,,,,,,,,,,
DEF-0092,Indian Army,Ranks,Easy,MCQ,"What is the highest rank in the Indian Army, conferred only in exceptional circumstances?",Field Marshal,General,Lieutenant General,Major General,A,"Field Marshal is a five-star rank, awarded only twice in Indian history, to Sam Manekshaw and K.M. Cariappa.",Field Marshals technically never retire and continue to draw a salary for life.,10,45,"{""Indian Army"",""Ranks""}",NDA/CDS/AFCAT/SSB,AI-generated for Forge platform,,,,,,,,,,,,
DEF-0093,Indian Army,Ranks,Easy,MCQ,Which rank is immediately senior to a Major in the Indian Army?,Colonel,Lieutenant Colonel,Captain,Brigadier,B,"The order of seniority runs Major, Lieutenant Colonel, Colonel, Brigadier.","A Lieutenant Colonel typically commands a battalion, one of the Army's core fighting units.",10,45,"{""Indian Army"",""Ranks""}",NDA/CDS/AFCAT/SSB,AI-generated for Forge platform,,,,,,,,,,,,
DEF-0094,Indian Army,Ranks,Medium,MCQ,"Which rank commands an Indian Army brigade, typically comprising three battalions?",Colonel,Major General,Brigadier,Lieutenant General,C,"A Brigadier commands a brigade, an intermediate formation between a battalion and a division.","Unlike other armies, India retained Brigadier as a distinct rank rather than a temporary title.",15,45,"{""Indian Army"",""Ranks""}",NDA/CDS/AFCAT/SSB,AI-generated for Forge platform,,,,,,,,,,,,
DEF-0095,Indian Army,Ranks,Medium,MCQ,A Major General in the Indian Army typically commands which formation?,A battalion,A brigade,A corps,A division,D,"Major Generals typically head divisions, which comprise multiple brigades.",A division is one of the largest self-contained fighting formations in the Army's structure.,15,45,"{""Indian Army"",""Ranks""}",NDA/CDS/AFCAT/SSB,AI-generated for Forge platform,,,,,,,,,,,,
DEF-0096,Indian Army,Ranks,Medium,MCQ,A Lieutenant General typically commands which formation in the Indian Army?,A corps,A battalion,A brigade,A platoon,A,"Lieutenant Generals command corps, formations that oversee multiple divisions across a region.","The Army is organised into several corps, each responsible for a specific operational area.",15,45,"{""Indian Army"",""Ranks""}",NDA/CDS/AFCAT/SSB,AI-generated for Forge platform,,,,,,,,,,,,
DEF-0097,Indian Army,Ranks,Medium,MCQ,Who holds the rank of General and heads the Indian Army as its professional chief?,Chief of Defence Staff,Chief of the Army Staff,Defence Secretary,Vice Chief of the Army Staff,B,The Chief of the Army Staff (COAS) is the senior-most serving Army officer and heads the force.,"The COAS reports to the Ministry of Defence and, since 2019, also coordinates with the Chief of Defence Staff on tri-service matters.",15,45,"{""Indian Army"",""Ranks""}",NDA/CDS/AFCAT/SSB,AI-generated for Forge platform,,,,,,,,,,,,
DEF-0098,Indian Army,Ranks,Hard,MCQ,Which of these is the most junior commissioned officer rank in the Indian Army?,Captain,Second Lieutenant,Lieutenant,Major,B,Second Lieutenant is the entry-level commissioned rank before promotion to Lieutenant.,Officers typically spend a relatively short probationary period at this rank before promotion.,20,45,"{""Indian Army"",""Ranks""}",NDA/CDS/AFCAT/SSB,AI-generated for Forge platform,,,,,,,,,,,,
DEF-0099,Indian Army,Ranks (JCO),Medium,MCQ,Junior Commissioned Officers (JCOs) form a rank category unique to which armed force structure?,Only the Coast Guard,Only the Indian Air Force,Only the Indian Navy,The Indian Army (and equivalent ranks in other services),D,"JCOs like Subedar and Subedar Major bridge the gap between other ranks and commissioned officers, a structure distinctive to the Indian and a few other armies.",JCOs often have decades of experience and play a crucial leadership role at the platoon level.,15,45,"{""Indian Army"",""Ranks (JCO)""}",NDA/CDS/AFCAT/SSB,AI-generated for Forge platform,,,,,,,,,,,,
DEF-0100,Indian Army,Ranks (JCO),Medium,MCQ,What is the senior-most Junior Commissioned Officer rank in the Indian Army infantry?,Subedar Major,Subedar,Naib Subedar,Havildar,A,"Subedar Major is the highest JCO rank, often serving as a critical link between troops and commissioned officers.",Many Subedar Majors are commissioned as Honorary Captains or Lieutenants later in their careers.,15,45,"{""Indian Army"",""Ranks (JCO)""}",NDA/CDS/AFCAT/SSB,AI-generated for Forge platform,,,,,,,,,,,,
DEF-0101,Indian Army,Structure,Easy,MCQ,How many operational commands does the Indian Army currently have?,Five,Seven,Four,Nine,B,"The Indian Army has seven operational commands, each headed by a Lieutenant General, plus the Army Training Command.","This is different from the Air Force and Navy, which have fewer commands overall.",10,45,"{""Indian Army"",""Structure""}",NDA/CDS/AFCAT/SSB,AI-generated for Forge platform,,,,,,,,,,,,
DEF-0102,Indian Army,Structure,Medium,MCQ,"Which Indian Army command has its headquarters in Udhampur, Jammu and Kashmir?",Eastern Command,Western Command,Northern Command,Central Command,C,"Northern Command oversees operations in Jammu and Kashmir and Ladakh, including the Siachen Glacier.",It is considered one of the most operationally active commands due to ongoing border tensions.,15,45,"{""Indian Army"",""Structure""}",NDA/CDS/AFCAT/SSB,AI-generated for Forge platform,,,,,,,,,,,,
DEF-0103,Indian Army,Structure,Medium,MCQ,Which Indian Army command is headquartered at Chandimandir?,South Western Command,Southern Command,Eastern Command,Western Command,D,Western Command oversees a large stretch of the Punjab and Rajasthan border regions.,Chandimandir cantonment lies near Chandigarh and Panchkula.,15,45,"{""Indian Army"",""Structure""}",NDA/CDS/AFCAT/SSB,AI-generated for Forge platform,,,,,,,,,,,,
DEF-0104,Indian Army,Structure,Medium,MCQ,"Which Indian Army command, headquartered in Pune, oversees a large southern swath of the country?",Southern Command,Central Command,Northern Command,Eastern Command,A,"Southern Command is the oldest command in the Indian Army, tracing its origins to the pre-independence era.",It also plays a key logistical role due to its proximity to major ports and training establishments.,15,45,"{""Indian Army"",""Structure""}",NDA/CDS/AFCAT/SSB,AI-generated for Forge platform,,,,,,,,,,,,
DEF-0105,Indian Army,Structure,Medium,MCQ,"Which Indian Army command, headquartered in Kolkata, is responsible for the North-Eastern sector?",Central Command,Eastern Command,South Western Command,Northern Command,B,"Eastern Command oversees operations along the border with China in the North-East, as well as counter-insurgency operations.",This region includes some of the most remote and challenging terrain the Army operates in.,15,45,"{""Indian Army"",""Structure""}",NDA/CDS/AFCAT/SSB,AI-generated for Forge platform,,,,,,,,,,,,
DEF-0106,Indian Army,Structure,Medium,MCQ,Which Indian Army command is headquartered in Jaipur and primarily oversees the desert sector?,Western Command,Southern Command,South Western Command,Central Command,C,South Western Command was raised specifically to focus on the desert terrain along the Rajasthan border with Pakistan.,It was one of the newer commands raised to better manage this distinct operational environment.,15,45,"{""Indian Army"",""Structure""}",NDA/CDS/AFCAT/SSB,AI-generated for Forge platform,,,,,,,,,,,,
DEF-0107,Indian Army,Structure,Medium,MCQ,Which Indian Army command is headquartered in Lucknow and serves largely a training and reserve role?,Western Command,Northern Command,Eastern Command,Central Command,D,"Central Command plays a key role in training, logistics, and providing reserves to other operational commands.",It also covers disaster relief operations in central India when required.,15,45,"{""Indian Army"",""Structure""}",NDA/CDS/AFCAT/SSB,AI-generated for Forge platform,,,,,,,,,,,,
DEF-0108,Indian Army,Academies,Easy,MCQ,"Officer cadets from the Army, Navy, and Air Force undergo joint pre-commission training at which academy?",National Defence Academy,Indian Military Academy,Officers Training Academy,Defence Services Staff College,A,"The National Defence Academy (NDA), located at Khadakwasla near Pune, trains cadets of all three services together before they move to service-specific academies.",NDA is considered one of the finest tri-service training institutions in the world.,10,45,"{""Indian Army"",""Academies""}",NDA/CDS/AFCAT/SSB,AI-generated for Forge platform,,,,,,,,,,,,
DEF-0109,Indian Army,Academies,Easy,MCQ,"After the NDA, Army cadets complete their training at which academy before commissioning?",Air Force Academy,Indian Military Academy,Indian Naval Academy,"Officers Training Academy, Chennai (for a different entry stream)",B,The Indian Military Academy (IMA) in Dehradun trains cadets specifically for commissioning into the Army.,IMA has trained officers for both India and several allied nations over the decades.,10,45,"{""Indian Army"",""Academies""}",NDA/CDS/AFCAT/SSB,AI-generated for Forge platform,,,,,,,,,,,,
DEF-0110,Indian Army,Academies,Medium,MCQ,The Officers Training Academy for non-technical short service commission entries operates from which two cities?,Wellington and Mhow,Dehradun and Pune,Chennai and Gaya,Secunderabad and Jabalpur,C,OTA Chennai and OTA Gaya both train officers for Short Service Commission entry into the Army.,OTA Gaya is a relatively newer academy established to expand training capacity.,15,45,"{""Indian Army"",""Academies""}",NDA/CDS/AFCAT/SSB,AI-generated for Forge platform,,,,,,,,,,,,
DEF-0111,Indian Army,Regiments,Medium,MCQ,"Which is the oldest regiment of the Indian Army, tracing its lineage to the 18th century?",The Army Air Defence Regiment,The Parachute Regiment,The Mechanised Infantry Regiment,The Punjab Regiment (or similarly old lineage regiments like Madras/Grenadiers),D,"Several infantry regiments, including the Punjab and Madras regiments, trace continuous lineage back over two centuries, making exact 'oldest' claims complex but generally centred on these older infantry lines.",Many of these regiments carry battle honours from campaigns spanning both World Wars.,15,45,"{""Indian Army"",""Regiments""}",NDA/CDS/AFCAT/SSB,AI-generated for Forge platform,,,,,,,,,,,,
DEF-0112,Indian Army,Regiments,Medium,MCQ,Which regiment is India's premier airborne/special forces infantry regiment?,The Parachute Regiment,The Grenadiers,The Rajputana Rifles,The Sikh Regiment,A,The Parachute Regiment includes both airborne infantry battalions and the Army's Special Forces battalions.,Special Forces personnel within this regiment undergo one of the most rigorous selection processes in the Army.,15,45,"{""Indian Army"",""Regiments""}",NDA/CDS/AFCAT/SSB,AI-generated for Forge platform,,,,,,,,,,,,
DEF-0113,Indian Army,Regiments,Medium,MCQ,The Gorkha Rifles regiments of the Indian Army recruit soldiers primarily of which origin?,Naga origin,Nepali/Gorkha origin (including Indian Gorkhas),Rajput origin,Sikh origin,B,"The Gorkha Rifles have a storied history of recruiting soldiers of Gorkha ethnicity, known for their fighting prowess.","Several Gorkha regiments were split between India and the British Army after independence, per a tripartite agreement with Nepal and the UK.",15,45,"{""Indian Army"",""Regiments""}",NDA/CDS/AFCAT/SSB,AI-generated for Forge platform,,,,,,,,,,,,
DEF-0114,Indian Army,Corps,Medium,MCQ,Which corps of the Indian Army is responsible for battlefield logistics and supply?,Army Ordnance Corps,Corps of Engineers,Army Service Corps,Corps of Signals,C,"The Army Service Corps manages the transportation, supply, and logistics needs of the field army.",Efficient logistics are often considered as decisive to military success as combat operations themselves.,15,45,"{""Indian Army"",""Corps""}",NDA/CDS/AFCAT/SSB,AI-generated for Forge platform,,,,,,,,,,,,
DEF-0115,Indian Army,Corps,Medium,MCQ,"Which corps handles construction of roads, bridges, and fortifications for the Army?",Army Ordnance Corps,Army Service Corps,Corps of Signals,Corps of Engineers,D,"The Corps of Engineers (Sappers) builds and maintains infrastructure critical to military operations, including under combat conditions.",Engineer units are also frequently deployed for disaster relief and infrastructure projects in remote areas.,15,45,"{""Indian Army"",""Corps""}",NDA/CDS/AFCAT/SSB,AI-generated for Forge platform,,,,,,,,,,,,
DEF-0116,Indian Army,Corps,Medium,MCQ,Which corps manages the Army's communication networks and signal intelligence?,Corps of Signals,Army Ordnance Corps,Army Service Corps,Army Medical Corps,A,The Corps of Signals ensures secure and reliable communication across all levels of the Army's command structure.,Modern signal units increasingly handle cyber and electronic warfare responsibilities as well.,15,45,"{""Indian Army"",""Corps""}",NDA/CDS/AFCAT/SSB,AI-generated for Forge platform,,,,,,,,,,,,
DEF-0117,Indian Army,Corps,Medium,MCQ,"Which corps is responsible for the supply and maintenance of the Army's weapons, ammunition, and equipment?",Army Service Corps,Army Ordnance Corps,Corps of Engineers,Army Medical Corps,B,"The Army Ordnance Corps manages the procurement, storage, and distribution of weapons and ammunition.",It plays a critical role in ensuring frontline units are never short of essential war material.,15,45,"{""Indian Army"",""Corps""}",NDA/CDS/AFCAT/SSB,AI-generated for Forge platform,,,,,,,,,,,,
DEF-0118,Indian Army,Special Forces,Medium,MCQ,Which elite Indian Army unit is trained for high-altitude and ghatak (commando) operations within infantry battalions?,MARCOS,Garud Commando Force,Ghatak Platoons,NSG,C,Every infantry battalion maintains a specially trained Ghatak Platoon for high-risk special tasks.,These platoons undergo additional specialised training beyond standard infantry training.,15,45,"{""Indian Army"",""Special Forces""}",NDA/CDS/AFCAT/SSB,AI-generated for Forge platform,,,,,,,,,,,,
DEF-0119,Indian Army,Structure,Hard,MCQ,"The Army Training Command (ARTRAC), a unique command, is primarily responsible for what function?",Coastal defence,Field combat operations only,Logistics for the Eastern theatre,"Doctrine, training, and force development",D,"ARTRAC, headquartered in Shimla, oversees training policy and doctrine development across the Army rather than commanding field forces directly.",It is sometimes considered the 'nerve centre' for the Army's intellectual and doctrinal development.,20,45,"{""Indian Army"",""Structure""}",NDA/CDS/AFCAT/SSB,AI-generated for Forge platform,,,,,,,,,,,,
DEF-0120,Indian Army,Territorial Army,Medium,MCQ,The Indian Territorial Army primarily consists of what kind of personnel?,Volunteer citizen-soldiers who serve part-time,Full-time regular soldiers only,Foreign mercenary units,Retired regular soldiers only,A,"The Territorial Army allows civilians to serve as part-time soldiers, providing a reserve force that can be mobilised when needed.",Members balance their civilian careers with periodic military training and potential mobilisation.,15,45,"{""Indian Army"",""Territorial Army""}",NDA/CDS/AFCAT/SSB,AI-generated for Forge platform,,,,,,,,,,,,
DEF-0121,Indian Army,History,Medium,MCQ,The Indian Army traces significant institutional roots to which colonial-era force?,The Mughal Imperial Army,The British Indian Army,The Maratha Confederacy's forces,"The East India Company's private militia only, with no continuity",B,"Post-independence, the Indian Army inherited much of the organisational structure, regiments, and traditions of the British Indian Army.",Many regiments retained their pre-independence names and battle honours after 1947.,15,45,"{""Indian Army"",""History""}",NDA/CDS/AFCAT/SSB,AI-generated for Forge platform,,,,,,,,,,,,
DEF-0122,Indian Army,History,Medium,MCQ,Field Marshal K.M. Cariappa holds which historic distinction in the Indian Army?,First Param Vir Chakra recipient,First Chief of Defence Staff,First Indian Commander-in-Chief of the Indian Army,First woman General,C,"Cariappa became the first Indian to head the Army in 1949, replacing the last British Commander-in-Chief.","15 January, the day he took over, is celebrated annually as Army Day.",15,45,"{""Indian Army"",""History""}",NDA/CDS/AFCAT/SSB,AI-generated for Forge platform,,,,,,,,,,,,
DEF-0123,Indian Army,History,Easy,MCQ,Indian Army Day is celebrated on which date each year?,26 July,26 January,16 December,15 January,D,Army Day commemorates the day Field Marshal K.M. Cariappa became the first Indian Commander-in-Chief in 1949.,Major parades and ceremonies are held at army headquarters and cantonments across the country on this day.,10,45,"{""Indian Army"",""History""}",NDA/CDS/AFCAT/SSB,AI-generated for Forge platform,,,,,,,,,,,,
DEF-0124,Indian Army,Structure,Medium,MCQ,Which corps of the Indian Army specialises in armoured warfare using tanks?,Armoured Corps,Mechanised Infantry,Army Air Defence,Corps of Engineers,A,"The Armoured Corps operates the Army's tank regiments, forming the backbone of India's mechanised strike forces.","Armoured regiments often carry historic cavalry lineages, having transitioned from horse-mounted units.",15,45,"{""Indian Army"",""Structure""}",NDA/CDS/AFCAT/SSB,AI-generated for Forge platform,,,,,,,,,,,,
DEF-0125,Indian Army,Structure,Medium,MCQ,Which branch of the Indian Army is responsible for protecting ground forces and key installations from aerial attack?,Armoured Corps,Army Air Defence,Corps of Signals,Army Service Corps,B,Army Air Defence operates surface-to-air missile systems and anti-aircraft guns to protect the Army's field forces.,This branch works closely with the Air Force to coordinate airspace defence during operations.,15,45,"{""Indian Army"",""Structure""}",NDA/CDS/AFCAT/SSB,AI-generated for Forge platform,,,,,,,,,,,,
DEF-0126,Indian Army,Structure,Medium,MCQ,"Which Indian Army branch provides medical care to soldiers, including field hospitals near combat zones?",Army Ordnance Corps,Army Service Corps,Army Medical Corps,Military Nursing Service (a related but distinct service),C,"The Army Medical Corps runs field hospitals, ambulances, and medical units that support troops during operations.",Combat medics from this corps are often among the first responders on the battlefield.,15,45,"{""Indian Army"",""Structure""}",NDA/CDS/AFCAT/SSB,AI-generated for Forge platform,,,,,,,,,,,,
DEF-0127,Indian Army,Mechanised Forces,Medium,MCQ,The Mechanised Infantry Regiment primarily operates which type of vehicle?,Transport trucks only,Main battle tanks,Towed artillery guns,Infantry Combat Vehicles (like the BMP series),D,"Mechanised Infantry soldiers fight from and alongside Infantry Combat Vehicles, providing mobility and protection in combined arms operations.",This regiment works closely with the Armoured Corps in coordinated tank-infantry operations.,15,45,"{""Indian Army"",""Mechanised Forces""}",NDA/CDS/AFCAT/SSB,AI-generated for Forge platform,,,,,,,,,,,,
DEF-0128,Indian Army,Artillery,Medium,MCQ,Which branch of the Indian Army operates howitzers and other long-range indirect-fire weapons?,Regiment of Artillery,Army Air Defence,Corps of Engineers,Armoured Corps,A,"The Regiment of Artillery provides fire support to infantry and armoured formations using guns, howitzers, and rocket systems.",Artillery is often called the 'god of war' due to its decisive role in shaping battlefield outcomes.,15,45,"{""Indian Army"",""Artillery""}",NDA/CDS/AFCAT/SSB,AI-generated for Forge platform,,,,,,,,,,,,
DEF-0129,Indian Army,Women in Army,Medium,MCQ,"In recent years, women officers in the Indian Army have become eligible for which significant career development?","Only administrative roles, with no combat arms eligibility",Permanent Commission in most combat support and select combat arms,Command of infantry battalions only,Command of the Corps of Engineers only,B,"Following legal and policy reforms, women officers gained eligibility for Permanent Commission across most Army branches, expanding their career opportunities significantly.",This marked a major step in the gradual expansion of roles available to women in the Indian armed forces.,15,45,"{""Indian Army"",""Women in Army""}",NDA/CDS/AFCAT/SSB,AI-generated for Forge platform,,,,,,,,,,,,
DEF-0130,Indian Army,Selection,Medium,MCQ,"Which body conducts psychological, group, and interview testing to select officers for the Indian armed forces?",National Testing Agency,"Union Public Service Commission (conducts the exam, not the full personality assessment)",Services Selection Board (SSB),Staff Selection Commission,C,"The SSB conducts a multi-day assessment involving psychological tests, group tasks, and interviews to select officer candidates.",The SSB process is designed to assess Officer Like Qualities (OLQs) rather than just academic knowledge.,15,45,"{""Indian Army"",""Selection""}",NDA/CDS/AFCAT/SSB,AI-generated for Forge platform,,,,,,,,,,,,
DEF-0131,Indian Army,Selection,Medium,MCQ,The National Defence Academy entrance exam is conducted by which body?,Ministry of Defence directly,Staff Selection Commission,National Testing Agency,Union Public Service Commission (UPSC),D,"UPSC conducts the written NDA exam twice a year, followed by SSB interviews for shortlisted candidates.",Successful candidates then join the tri-service training at NDA Khadakwasla.,15,45,"{""Indian Army"",""Selection""}",NDA/CDS/AFCAT/SSB,AI-generated for Forge platform,,,,,,,,,,,,
DEF-0132,Indian Army,Regiments,Medium,MCQ,Which Indian Army regiment is specifically associated with recruiting soldiers from hill and mountain regions of Uttarakhand and Himachal Pradesh?,Kumaon Regiment (and similar hill regiments like Garhwal Rifles),Madras Regiment,Sikh Light Infantry,Jat Regiment,A,The Kumaon and Garhwal regiments have a long history of recruiting from the hill districts of present-day Uttarakhand.,"Soldiers from these regions are noted for their skill in mountain warfare, an important asset in Himalayan operations.",15,45,"{""Indian Army"",""Regiments""}",NDA/CDS/AFCAT/SSB,AI-generated for Forge platform,,,,,,,,,,,,
DEF-0133,Indian Army,Awards,Medium,MCQ,The 'Sena Medal' is awarded for which type of achievement in the Indian Army?,Only administrative excellence,"Individual acts of gallantry or distinguished service, of a lower precedence than the Vir Chakra tier",Sporting achievements only,Length of service alone,B,"The Sena Medal recognises gallantry or distinguished service and sits below the Param Vir Chakra, Maha Vir Chakra, and Vir Chakra in order of precedence.",It can be awarded for both wartime gallantry and peacetime distinguished service.,15,45,"{""Indian Army"",""Awards""}",NDA/CDS/AFCAT/SSB,AI-generated for Forge platform,,,,,,,,,,,,
DEF-0134,Indian Army,Structure,Hard,MCQ,"Roughly how many active personnel does the Indian Army have, making it one of the largest standing armies in the world?","About 200,000","About 500,000",Over 1.2 million,Over 5 million,C,"The Indian Army is among the largest standing armies globally, with well over a million active personnel.",This makes it larger than the standing armies of most other countries in absolute troop numbers.,20,45,"{""Indian Army"",""Structure""}",NDA/CDS/AFCAT/SSB,AI-generated for Forge platform,,,,,,,,,,,,
DEF-0135,Indian Army,Uniforms & Traditions,Medium,MCQ,"The 'Beating Retreat' ceremony, held in Delhi, marks the formal conclusion of which annual event?",Navy Day celebrations,Independence Day celebrations,Army Day celebrations,Republic Day celebrations,D,"Beating Retreat is held on 29 January, marking the formal end of the multi-day Republic Day celebrations.","The ceremony features massed bands of the Army, Navy, and Air Force performing at Vijay Chowk in Delhi.",15,45,"{""Indian Army"",""Uniforms & Traditions""}",NDA/CDS/AFCAT/SSB,AI-generated for Forge platform,,,,,,,,,,,,
DEF-0136,Indian Army,Ranks,Medium,MCQ,"Which is the correct order of Indian Army officer ranks from junior to senior: Captain, Major, Lieutenant Colonel, or a mixed-up order?","Captain, Major, Lieutenant Colonel","Major, Captain, Lieutenant Colonel","Lieutenant Colonel, Captain, Major","Major, Lieutenant Colonel, Captain",A,"The correct ascending order is Captain, then Major, then Lieutenant Colonel.",Promotion through these ranks typically depends on both time in service and performance evaluations.,15,45,"{""Indian Army"",""Ranks""}",NDA/CDS/AFCAT/SSB,AI-generated for Forge platform,,,,,,,,,,,,
DEF-0137,Indian Army,Special Forces,Medium,MCQ,The Indian Army's Special Forces are primarily drawn from and trained within which regiment's structure?,The Corps of Signals,The Parachute Regiment (Special Forces battalions),The Army Medical Corps,The Regiment of Artillery,B,"Special Forces battalions fall under the Parachute Regiment's administrative structure, though they operate as a distinct elite force.","Selection for these units is famously demanding, with a high attrition rate among volunteers.",15,45,"{""Indian Army"",""Special Forces""}",NDA/CDS/AFCAT/SSB,AI-generated for Forge platform,,,,,,,,,,,,
DEF-0138,Indian Army,Structure,Medium,MCQ,Which Indian Army command was more recently created to specifically address the desert warfare theatre?,Southern Command,Central Command,South Western Command,Northern Command,C,"South Western Command, headquartered in Jaipur, was raised to give focused attention to the Rajasthan desert sector bordering Pakistan.","Desert warfare requires specialised logistics, equipment, and tactics distinct from other terrains.",15,45,"{""Indian Army"",""Structure""}",NDA/CDS/AFCAT/SSB,AI-generated for Forge platform,,,,,,,,,,,,
DEF-0139,Indian Army,Regiments,Medium,MCQ,"Which regiment is known as the oldest Gorkha regiment in the Indian Army, with roots in the early 19th century?",5th Gorkha Rifles,11th Gorkha Rifles,3rd Gorkha Rifles,1st Gorkha Rifles,D,"The 1st Gorkha Rifles traces its origins to 1815, making it one of the oldest regiments in Indian military history.",Gorkha regiments have earned numerous gallantry awards across multiple wars and conflicts.,15,45,"{""Indian Army"",""Regiments""}",NDA/CDS/AFCAT/SSB,AI-generated for Forge platform,,,,,,,,,,,,
DEF-0140,Indian Army,Structure,Medium,MCQ,Which formation level sits directly below a Corps in the Indian Army's hierarchy?,Division,Brigade,Battalion,Company,A,The hierarchy generally runs Corps > Division > Brigade > Battalion > Company > Platoon.,A single corps may control two or more divisions depending on its operational requirements.,15,45,"{""Indian Army"",""Structure""}",NDA/CDS/AFCAT/SSB,AI-generated for Forge platform,,,,,,,,,,,,
DEF-0141,Indian Army,Structure,Easy,MCQ,"What is the basic fighting unit of the Indian Army infantry, typically commanded by a Lieutenant Colonel?",Company,Battalion,Platoon,Brigade,B,"A battalion is the primary self-contained infantry unit, usually comprising around 900 to 1,000 soldiers across several companies.","Battalions often carry distinct regimental identities and histories, fostering strong esprit de corps.",10,45,"{""Indian Army"",""Structure""}",NDA/CDS/AFCAT/SSB,AI-generated for Forge platform,,,,,,,,,,,,
DEF-0142,Indian Army,Structure,Medium,MCQ,How many companies typically make up an infantry battalion in the Indian Army?,About twenty,Exactly two,About four to six rifle companies,Exactly one,C,An infantry battalion usually comprises several rifle companies along with support elements like signals and logistics.,Each company is further broken down into platoons and sections for tactical flexibility.,15,45,"{""Indian Army"",""Structure""}",NDA/CDS/AFCAT/SSB,AI-generated for Forge platform,,,,,,,,,,,,
DEF-0143,Indian Army,Uniforms & Traditions,Medium,MCQ,Which Indian Army headgear is distinctively associated with the Sikh Regiment and other Sikh soldiers?,The bush hat,The beret,The peaked cap,The turban (pagri),D,"Sikh soldiers traditionally wear the turban as part of their religious identity, accommodated within Army uniform regulations.",Different regiments have their own distinctive headgear traditions reflecting their regional and cultural heritage.,15,45,"{""Indian Army"",""Uniforms & Traditions""}",NDA/CDS/AFCAT/SSB,AI-generated for Forge platform,,,,,,,,,,,,
DEF-0144,Indian Army,History,Medium,MCQ,The Chief of the Army Staff position was created after India transitioned away from which earlier title held by the force's head?,"Commander-in-Chief, India",Field Marshal of India,Supreme Commander,Adjutant General,A,"The title 'Commander-in-Chief' was phased out in 1955 in favour of Chief of the Army Staff, aligning better with India's republican structure.",This change also applied similarly to the titles used for the Navy and Air Force chiefs.,15,45,"{""Indian Army"",""History""}",NDA/CDS/AFCAT/SSB,AI-generated for Forge platform,,,,,,,,,,,,
DEF-0145,Indian Army,Structure,Medium,MCQ,"Roughly how many infantry, armoured, and other divisions does the Indian Army field across its commands?",Exactly five,Several dozen divisions across all commands,Exactly fifty across just one command,"Two, one per border",B,"The exact number varies with reorganisation, but the Army fields several dozen divisions of various types (infantry, armoured, mountain) spread across its seven commands.",Mountain divisions in particular have grown in number since the 1962 war to strengthen Himalayan defences.,15,45,"{""Indian Army"",""Structure""}",NDA/CDS/AFCAT/SSB,AI-generated for Forge platform,,,,,,,,,,,,
DEF-0146,Indian Army,Corps,Medium,MCQ,Which support arm of the Army is responsible for handling prisoners of war and administrative/legal matters?,Army Postal Service,Army Service Corps,The Judge Advocate General's Department (for legal matters),Corps of Military Police,C,"The Judge Advocate General's Department advises on military law, including matters relating to courts martial and legal proceedings.","Separately, the Corps of Military Police handles discipline, traffic control, and physical security matters.",15,45,"{""Indian Army"",""Corps""}",NDA/CDS/AFCAT/SSB,AI-generated for Forge platform,,,,,,,,,,,,
DEF-0147,Indian Army,Corps,Medium,MCQ,"Which corps of the Indian Army is responsible for maintaining discipline, traffic control, and providing security at Army installations?",Pioneer Corps,Army Postal Service,Army Educational Corps,Corps of Military Police,D,The Corps of Military Police performs functions similar to civilian police but within the military context.,They also play a role in managing prisoners of war and maintaining order in forward areas.,15,45,"{""Indian Army"",""Corps""}",NDA/CDS/AFCAT/SSB,AI-generated for Forge platform,,,,,,,,,,,,
DEF-0148,Indian Navy,Ranks,Easy,MCQ,"What is the highest five-star rank in the Indian Navy, equivalent to the Army's Field Marshal?",Admiral of the Fleet,Admiral,Vice Admiral,Commodore,A,"Admiral of the Fleet is the Navy's highest rank, sitting above Admiral, though it is a rarely conferred honorary distinction.","Its Air Force equivalent, Marshal of the Air Force, has been conferred only once, on Arjan Singh.",10,45,"{""Indian Navy"",""Ranks""}",NDA/CDS/AFCAT/SSB,AI-generated for Forge platform,,,,,,,,,,,,
DEF-0149,Indian Navy,Ranks,Easy,MCQ,Which rank heads the Indian Navy as its professional chief?,Chief of Defence Staff,Chief of the Naval Staff,Flag Officer Commanding-in-Chief,Vice Chief of the Naval Staff,B,"The Chief of the Naval Staff (CNS), holding the rank of Admiral, is the senior-most serving naval officer.","The CNS oversees all naval operations, training, and administration across the three naval commands.",10,45,"{""Indian Navy"",""Ranks""}",NDA/CDS/AFCAT/SSB,AI-generated for Forge platform,,,,,,,,,,,,
DEF-0150,Indian Navy,Ranks,Medium,MCQ,Which Indian Navy rank is equivalent to a Colonel in the Army?,Commodore,Commander,Captain,Lieutenant Commander,C,"A Navy Captain is roughly equivalent in seniority to an Army Colonel, both commanding significant units or ships.",Naval Captains often command major warships like destroyers or frigates.,15,45,"{""Indian Navy"",""Ranks""}",NDA/CDS/AFCAT/SSB,AI-generated for Forge platform,,,,,,,,,,,,
DEF-0151,Indian Navy,Ranks,Medium,MCQ,Which Indian Navy rank is equivalent to a Brigadier in the Army?,Commander,Captain,Rear Admiral,Commodore,D,"Commodore sits between Captain and Rear Admiral, similar to how Brigadier sits between Colonel and Major General in the Army.",Commodores often command naval flotillas or hold senior staff positions.,15,45,"{""Indian Navy"",""Ranks""}",NDA/CDS/AFCAT/SSB,AI-generated for Forge platform,,,,,,,,,,,,
DEF-0152,Indian Navy,Ranks,Medium,MCQ,Which Indian Navy rank is equivalent to a Major General in the Army?,Rear Admiral,Vice Admiral,Commodore,Admiral,A,"A Rear Admiral typically commands significant naval formations, paralleling a Major General's role in the Army.",Rear Admirals often head key operational or training establishments within the Navy.,15,45,"{""Indian Navy"",""Ranks""}",NDA/CDS/AFCAT/SSB,AI-generated for Forge platform,,,,,,,,,,,,
DEF-0153,Indian Navy,Ranks,Medium,MCQ,Which is the most junior commissioned officer rank in the Indian Navy?,Lieutenant,Sub-Lieutenant,"Midshipman (a trainee rank, not fully commissioned)",Lieutenant Commander,B,"Sub-Lieutenant is the first fully commissioned officer rank after initial training, following the trainee Midshipman stage.",Officers typically spend a few years at this rank before promotion to Lieutenant.,15,45,"{""Indian Navy"",""Ranks""}",NDA/CDS/AFCAT/SSB,AI-generated for Forge platform,,,,,,,,,,,,
DEF-0154,Indian Navy,Structure,Easy,MCQ,How many operational commands does the Indian Navy have?,Seven,Five,Three,Two,C,"The Indian Navy has three commands: Western, Eastern, and Southern Naval Commands.",Each command is headed by a Flag Officer Commanding-in-Chief.,10,45,"{""Indian Navy"",""Structure""}",NDA/CDS/AFCAT/SSB,AI-generated for Forge platform,,,,,,,,,,,,
DEF-0155,Indian Navy,Structure,Medium,MCQ,The Western Naval Command of the Indian Navy is headquartered in which city?,Chennai,Visakhapatnam,Kochi,Mumbai,D,"Mumbai serves as the headquarters for Western Naval Command, overseeing operations along India's western seaboard.",Mumbai is also home to some of the Navy's oldest dockyards and shore establishments.,15,45,"{""Indian Navy"",""Structure""}",NDA/CDS/AFCAT/SSB,AI-generated for Forge platform,,,,,,,,,,,,
DEF-0156,Indian Navy,Structure,Medium,MCQ,The Eastern Naval Command of the Indian Navy is headquartered in which city?,Visakhapatnam,Mumbai,Kochi,Kolkata,A,"Visakhapatnam hosts Eastern Naval Command, which oversees the Bay of Bengal and eastern seaboard operations.",It is also the base for the Navy's Eastern Fleet and a hub for submarine operations.,15,45,"{""Indian Navy"",""Structure""}",NDA/CDS/AFCAT/SSB,AI-generated for Forge platform,,,,,,,,,,,,
DEF-0157,Indian Navy,Structure,Medium,MCQ,"The Southern Naval Command, primarily a training command, is headquartered in which city?",Chennai,Kochi,Mumbai,Port Blair,B,"Southern Naval Command in Kochi focuses primarily on training, hosting the Indian Naval Academy nearby at Ezhimala.",It plays a crucial role in shaping the professional development of naval officers and sailors.,15,45,"{""Indian Navy"",""Structure""}",NDA/CDS/AFCAT/SSB,AI-generated for Forge platform,,,,,,,,,,,,
DEF-0158,Indian Navy,Structure,Medium,MCQ,"Which tri-service command, focused on the strategically important Andaman and Nicobar Islands, is headquartered at Port Blair?",Integrated Defence Staff,Strategic Forces Command,Andaman and Nicobar Command,Southern Naval Command,C,"The Andaman and Nicobar Command is India's only tri-service theatre command, integrating Army, Navy, and Air Force assets.",Its location gives India a strategic vantage point over key Indian Ocean shipping lanes.,15,45,"{""Indian Navy"",""Structure""}",NDA/CDS/AFCAT/SSB,AI-generated for Forge platform,,,,,,,,,,,,
DEF-0159,Indian Navy,Aircraft Carriers,Easy,MCQ,"What was the name of India's first aircraft carrier, commissioned in 1961?",INS Delhi,INS Viraat,INS Vikramaditya,INS Vikrant,D,"INS Vikrant, originally a British-built carrier, served the Navy for three decades before decommissioning.","The name was later reused for India's first indigenously built aircraft carrier, commissioned in 2022.",10,45,"{""Indian Navy"",""Aircraft Carriers""}",NDA/CDS/AFCAT/SSB,AI-generated for Forge platform,,,,,,,,,,,,
DEF-0160,Indian Navy,Aircraft Carriers,Medium,MCQ,"INS Vikramaditya, commissioned in 2013, was originally built in which country?",Soviet Union/Russia,United Kingdom,France,United States,A,INS Vikramaditya was extensively refitted from the former Soviet/Russian carrier Admiral Gorshkov.,It serves as the Navy's primary carrier alongside the indigenously built INS Vikrant.,15,45,"{""Indian Navy"",""Aircraft Carriers""}",NDA/CDS/AFCAT/SSB,AI-generated for Forge platform,,,,,,,,,,,,
DEF-0161,Indian Navy,Aircraft Carriers,Medium,MCQ,"India's first indigenously designed and built aircraft carrier, commissioned in 2022, is named?",INS Viraat,INS Vikrant,INS Vishal,INS Vikramaditya,B,"The new INS Vikrant was built at Cochin Shipyard, marking a major milestone in India's indigenous shipbuilding capability.",Its commissioning made India one of the few nations capable of designing and building a carrier of this class domestically.,15,45,"{""Indian Navy"",""Aircraft Carriers""}",NDA/CDS/AFCAT/SSB,AI-generated for Forge platform,,,,,,,,,,,,
DEF-0162,Indian Navy,Submarines,Medium,MCQ,INS Arihant is significant as India's first indigenously built submarine of which type?,Nuclear-powered attack submarine,Conventional diesel-electric submarine,Nuclear-powered ballistic missile submarine (SSBN),Midget submarine,C,"INS Arihant gives India a sea-based leg of its nuclear triad, completing land, air, and sea deterrent capabilities.","It was built under the secretive Advanced Technology Vessel programme, decades in development.",15,45,"{""Indian Navy"",""Submarines""}",NDA/CDS/AFCAT/SSB,AI-generated for Forge platform,,,,,,,,,,,,
DEF-0163,Indian Navy,Submarines,Medium,MCQ,"INS Chakra, leased from Russia, was which type of submarine?",Midget submarine,Diesel-electric submarine,Ballistic missile submarine,Nuclear-powered attack submarine (SSN),D,INS Chakra was a Russian Akula-class nuclear attack submarine leased to India to build operational experience with nuclear submarines.,India has leased Russian nuclear submarines on more than one occasion under similar arrangements.,15,45,"{""Indian Navy"",""Submarines""}",NDA/CDS/AFCAT/SSB,AI-generated for Forge platform,,,,,,,,,,,,
DEF-0164,Indian Navy,Submarines,Medium,MCQ,The Kalvari-class submarines inducted by the Indian Navy in recent years are built with assistance from which country?,France,Russia,Germany,United States,A,The Kalvari-class (Scorpene-class) submarines are built at Mazagon Dock in Mumbai under technology transfer from French company Naval Group.,This programme represents a major step in indigenising India's submarine construction capability.,15,45,"{""Indian Navy"",""Submarines""}",NDA/CDS/AFCAT/SSB,AI-generated for Forge platform,,,,,,,,,,,,
DEF-0165,Indian Navy,Ships,Medium,MCQ,"What class of vessel is INS Kolkata, commissioned in 2014?",Frigate,Guided-missile destroyer,Corvette,Aircraft carrier,B,"INS Kolkata is the lead ship of the Kolkata-class stealth guided-missile destroyers, among the most advanced ships built in India.",These destroyers carry a mix of surface-to-air and anti-ship missile systems.,15,45,"{""Indian Navy"",""Ships""}",NDA/CDS/AFCAT/SSB,AI-generated for Forge platform,,,,,,,,,,,,
DEF-0166,Indian Navy,Ships,Medium,MCQ,The Shivalik-class vessels of the Indian Navy are classified as which type of ship?,Corvettes,Destroyers,Stealth frigates,Aircraft carriers,C,Shivalik-class frigates were among the first Indian warships built with significant stealth design features.,They are equipped with a mix of Indian and foreign-sourced weapons and sensor systems.,15,45,"{""Indian Navy"",""Ships""}",NDA/CDS/AFCAT/SSB,AI-generated for Forge platform,,,,,,,,,,,,
DEF-0167,Indian Navy,Ships,Medium,MCQ,INS Vikrant and INS Vikramaditya together give India the capability to operate how many aircraft carriers simultaneously?,Four,Three,One,Two,D,"With both carriers in service, India has the ability to operate two carrier battle groups at once, a rare capability held by few navies.",This dual-carrier capability significantly enhances India's power projection in the Indian Ocean Region.,15,45,"{""Indian Navy"",""Ships""}",NDA/CDS/AFCAT/SSB,AI-generated for Forge platform,,,,,,,,,,,,
DEF-0168,Indian Navy,Marine Commandos,Medium,MCQ,"MARCOS, the Indian Navy's special forces unit, is formally known by which name?",Marine Commando Force,Special Frontier Force,National Security Guard,Garud Commando Force,A,"MARCOS specialises in amphibious and maritime special operations, including counter-terrorism at sea.",Their training is considered among the most demanding of any special forces unit in India.,15,45,"{""Indian Navy"",""Marine Commandos""}",NDA/CDS/AFCAT/SSB,AI-generated for Forge platform,,,,,,,,,,,,
DEF-0169,Indian Navy,History,Easy,MCQ,Indian Navy Day is celebrated on which date each year?,16 December,4 December,26 July,15 January,B,4 December marks the anniversary of Operation Trident's strike on Karachi harbour during the 1971 war.,Naval bases across the country hold commemorative events and ceremonies on this day.,10,45,"{""Indian Navy"",""History""}",NDA/CDS/AFCAT/SSB,AI-generated for Forge platform,,,,,,,,,,,,
DEF-0170,Indian Navy,History,Medium,MCQ,The Indian Navy traces its formal modern origins to which earlier colonial-era naval force?,The East India Company's Bombay Marine exclusively,"The Royal Indian Marine only, with no other predecessor",The Royal Indian Navy,The British Royal Navy's India Squadron directly renamed,C,"The Royal Indian Navy, itself evolving from earlier forces like the Bombay Marine, was renamed the Indian Navy after independence.",The Navy has undergone significant modernisation and expansion since those early origins.,15,45,"{""Indian Navy"",""History""}",NDA/CDS/AFCAT/SSB,AI-generated for Forge platform,,,,,,,,,,,,
DEF-0171,Indian Navy,Bases,Medium,MCQ,"INS Kadamba, one of the largest naval bases in Asia, is located in which state?",Tamil Nadu,Kerala,Goa,Karnataka (Karwar),D,INS Kadamba at Karwar is a major and expanding naval base under the Navy's Project Seabird development plan.,It is designed to accommodate a significant portion of the Western Fleet as the Navy grows.,15,45,"{""Indian Navy"",""Bases""}",NDA/CDS/AFCAT/SSB,AI-generated for Forge platform,,,,,,,,,,,,
DEF-0172,Indian Navy,Bases,Medium,MCQ,"INS Rajali, a key naval air station operating maritime patrol aircraft, is located near which city?","Arakkonam, Tamil Nadu","Kochi, Kerala",Goa,"Visakhapatnam, Andhra Pradesh",A,INS Rajali hosts long-range maritime patrol aircraft used for surveillance across the Indian Ocean Region.,It plays a key role in anti-submarine warfare and maritime domain awareness.,15,45,"{""Indian Navy"",""Bases""}",NDA/CDS/AFCAT/SSB,AI-generated for Forge platform,,,,,,,,,,,,
DEF-0173,Indian Navy,Aircraft,Medium,MCQ,"Which maritime patrol aircraft, acquired from the United States, significantly boosted Indian Navy surveillance capabilities?",C-130J,P-8I Poseidon,Il-38,Dornier 228,B,"The P-8I is a variant of the P-8 Poseidon customised for Indian requirements, used for anti-submarine and maritime patrol missions.",It represents one of the largest defence deals between India and the United States.,15,45,"{""Indian Navy"",""Aircraft""}",NDA/CDS/AFCAT/SSB,AI-generated for Forge platform,,,,,,,,,,,,
DEF-0174,Indian Navy,Aircraft,Medium,MCQ,The MiG-29K serves the Indian Navy primarily in which role?,Transport aircraft,Maritime patrol aircraft,Carrier-based fighter aircraft,Anti-submarine helicopter,C,"The MiG-29K operates from India's aircraft carriers, providing air defence and strike capability for the carrier battle group.",It replaced the earlier Sea Harrier as the Navy's primary carrier-based fighter.,15,45,"{""Indian Navy"",""Aircraft""}",NDA/CDS/AFCAT/SSB,AI-generated for Forge platform,,,,,,,,,,,,
DEF-0175,Indian Navy,History,Medium,MCQ,The Indian Navy played a significant blockading role against which country's coast during the 1971 war?,"Nepal, a landlocked country with no coast",Sri Lanka,Myanmar,East Pakistan (present-day Bangladesh),D,"The Navy enforced a blockade of East Pakistani ports, cutting off supplies and reinforcements to Pakistani forces there.",This blockade significantly contributed to the rapid collapse of Pakistani resistance in the eastern theatre.,15,45,"{""Indian Navy"",""History""}",NDA/CDS/AFCAT/SSB,AI-generated for Forge platform,,,,,,,,,,,,
DEF-0176,Indian Navy,Structure,Medium,MCQ,"The Indian Coast Guard, though a distinct organisation from the Navy, primarily operates under which ministry?",Ministry of Defence,Ministry of Home Affairs,Ministry of Shipping,Ministry of External Affairs,A,"The Coast Guard operates under the Ministry of Defence but focuses on coastal security, search and rescue, and law enforcement at sea, distinct from the Navy's combat role.",It was established in 1978 to address the need for dedicated coastal security and maritime law enforcement.,15,45,"{""Indian Navy"",""Structure""}",NDA/CDS/AFCAT/SSB,AI-generated for Forge platform,,,,,,,,,,,,
DEF-0177,Indian Navy,Anti-Piracy,Medium,MCQ,The Indian Navy has conducted sustained anti-piracy patrols primarily in which body of water?,South China Sea,Gulf of Aden,Mediterranean Sea,Caribbean Sea,B,"Indian Navy ships have patrolled the Gulf of Aden for years, protecting merchant shipping from piracy originating near Somalia.",These patrols have also involved international coordination with other navies conducting similar missions.,15,45,"{""Indian Navy"",""Anti-Piracy""}",NDA/CDS/AFCAT/SSB,AI-generated for Forge platform,,,,,,,,,,,,
DEF-0178,Indian Navy,Exercises,Medium,MCQ,"MILAN is a large multinational naval exercise hosted periodically by India, primarily based out of which location?",Kochi,Mumbai,Visakhapatnam,Port Blair,C,MILAN brings together navies from across the Indian Ocean Region and beyond for exercises and professional exchanges.,It has grown significantly in scale and participation since it first began in the 1990s.,15,45,"{""Indian Navy"",""Exercises""}",NDA/CDS/AFCAT/SSB,AI-generated for Forge platform,,,,,,,,,,,,
DEF-0179,Indian Navy,Weapons,Medium,MCQ,"BrahMos, jointly developed by India and Russia, is primarily what type of weapon used by the Navy?",Naval mine,Ballistic missile,Torpedo,Supersonic cruise missile,D,"BrahMos can be launched from ships, submarines, aircraft, and land platforms, making it a highly versatile weapon system.","It is named after the Brahmaputra and Moskva rivers, reflecting the India-Russia collaboration.",15,45,"{""Indian Navy"",""Weapons""}",NDA/CDS/AFCAT/SSB,AI-generated for Forge platform,,,,,,,,,,,,
DEF-0180,Indian Navy,Ranks,Medium,MCQ,Which Indian Navy rank is roughly equivalent to a Lieutenant Colonel in the Army?,Commander,Captain,Lieutenant Commander,Commodore,A,A Navy Commander holds seniority roughly parallel to an Army Lieutenant Colonel.,Commanders often serve as executive officers or commanding officers of smaller naval vessels.,15,45,"{""Indian Navy"",""Ranks""}",NDA/CDS/AFCAT/SSB,AI-generated for Forge platform,,,,,,,,,,,,
DEF-0181,Indian Navy,Ships,Medium,MCQ,INS Sahyadri belongs to which class of Indian Navy frigates?,Kolkata class,Shivalik class,Kamorta class,Talwar class,B,INS Sahyadri is one of three ships in the Shivalik-class stealth frigate series.,These frigates were among the first in the Navy to feature significant indigenous design content.,15,45,"{""Indian Navy"",""Ships""}",NDA/CDS/AFCAT/SSB,AI-generated for Forge platform,,,,,,,,,,,,
DEF-0182,Indian Navy,Ships,Medium,MCQ,The Kamorta-class ships of the Indian Navy are primarily designed for which role?,Ballistic missile submarines,Aircraft carriers,Anti-submarine warfare corvettes,Fleet tankers,C,"Kamorta-class corvettes are purpose-built for anti-submarine warfare, featuring advanced sonar and stealth features.",They are named after islands in the Andaman and Nicobar chain.,15,45,"{""Indian Navy"",""Ships""}",NDA/CDS/AFCAT/SSB,AI-generated for Forge platform,,,,,,,,,,,,
DEF-0183,Indian Navy,Fleet Tankers,Medium,MCQ,INS Deepak and INS Shakti are examples of which type of naval support vessel?,Minesweepers,Aircraft carriers,Submarines,Fleet replenishment tankers,D,"Fleet tankers allow naval vessels to refuel and resupply at sea, extending the Navy's operational range and endurance.",This capability is essential for sustaining long-duration deployments far from home ports.,15,45,"{""Indian Navy"",""Fleet Tankers""}",NDA/CDS/AFCAT/SSB,AI-generated for Forge platform,,,,,,,,,,,,
DEF-0184,Indian Navy,History,Medium,MCQ,"The Indian Navy's first submarine, INS Kalvari (the original, not the current class), was commissioned in which decade?",1960s,1980s,1990s,1950s,A,"The original INS Kalvari, a Foxtrot-class submarine from the Soviet Union, was commissioned in 1967.",The name Kalvari has since been reused for the Navy's newer French-collaboration Scorpene-class submarines.,15,45,"{""Indian Navy"",""History""}",NDA/CDS/AFCAT/SSB,AI-generated for Forge platform,,,,,,,,,,,,
DEF-0185,Indian Navy,Structure,Medium,MCQ,"The Naval War College, focused on strategic and operational studies for senior officers, is located in which state?",Kerala,Goa,Tamil Nadu,Karnataka,B,The Naval War College at Goa trains officers in strategic thinking and higher naval operational planning.,It plays a role similar to the Army's and Air Force's respective war colleges.,15,45,"{""Indian Navy"",""Structure""}",NDA/CDS/AFCAT/SSB,AI-generated for Forge platform,,,,,,,,,,,,
DEF-0186,Indian Navy,Academies,Medium,MCQ,"The Indian Naval Academy, which trains cadets for commissioning into the Navy, is located at which coastal site?",Visakhapatnam,Kochi city centre,"Ezhimala, Kerala",Goa,C,"INA Ezhimala is one of the largest naval academies in Asia, spread across a scenic coastal campus.","It trains cadets from various entry schemes, including those who first attend the NDA.",15,45,"{""Indian Navy"",""Academies""}",NDA/CDS/AFCAT/SSB,AI-generated for Forge platform,,,,,,,,,,,,
DEF-0187,Indian Navy,Weapons,Medium,MCQ,"BrahMos, the supersonic cruise missile widely used by the Indian Navy, was jointly developed by India and which country?",United States,France,Israel,Russia,D,BrahMos Aerospace is a joint venture between India's DRDO and Russia's NPO Mashinostroyeniya.,"The missile's name combines the Brahmaputra and Moskva rivers, symbolising the India-Russia partnership.",15,45,"{""Indian Navy"",""Weapons""}",NDA/CDS/AFCAT/SSB,AI-generated for Forge platform,,,,,,,,,,,,
DEF-0188,Indian Navy,Ranks,Medium,MCQ,What is the rank insignia commonly associated with a Sub-Lieutenant in the Indian Navy?,A single narrow gold stripe on the sleeve/shoulder,Three broad gold stripes,A star and crossed swords,Two broad gold stripes,A,"Naval rank insignia use gold stripes of varying width and number to denote seniority, with a Sub-Lieutenant typically wearing one stripe.",This system of stripes is common across many navies with historical ties to British naval traditions.,15,45,"{""Indian Navy"",""Ranks""}",NDA/CDS/AFCAT/SSB,AI-generated for Forge platform,,,,,,,,,,,,
DEF-0189,Indian Navy,History,Medium,MCQ,Which 1971 naval action is commemorated each year as Indian Navy Day?,The sinking of INS Khukri,Operation Trident's strike on Karachi,The commissioning of INS Vikrant,The Battle of Longewala,B,4 December marks the successful missile boat attack on Karachi harbour during the 1971 war.,The mission demonstrated the growing effectiveness of missile-based naval warfare for the Indian Navy.,15,45,"{""Indian Navy"",""History""}",NDA/CDS/AFCAT/SSB,AI-generated for Forge platform,,,,,,,,,,,,
DEF-0190,Indian Navy,Ships,Medium,MCQ,The Indian Navy's Rajput-class ships were originally built with assistance from which country?,France,United Kingdom,Soviet Union,United States,C,"Rajput-class destroyers were based on the Soviet Kashin class, forming a key part of the Navy's fleet for decades.",Many of these older ships have since been decommissioned as newer indigenous classes entered service.,15,45,"{""Indian Navy"",""Ships""}",NDA/CDS/AFCAT/SSB,AI-generated for Forge platform,,,,,,,,,,,,
DEF-0191,Indian Navy,Structure,Medium,MCQ,The Fleet Support Ship and replenishment vessels of the Indian Navy fall under which broader fleet category?,Aircraft carriers,Combat vessels,Submarines,Auxiliary and support vessels,D,Auxiliary vessels like tankers and repair ships support the Navy's combat fleet without engaging directly in combat themselves.,"Their role, though less visible, is essential to sustaining naval operations over long distances.",15,45,"{""Indian Navy"",""Structure""}",NDA/CDS/AFCAT/SSB,AI-generated for Forge platform,,,,,,,,,,,,
DEF-0192,Indian Navy,Weapons,Medium,MCQ,"The Barak missile system, used by Indian Navy ships for short-range air defence, was developed jointly with which country?",Israel,France,Russia,United Kingdom,A,Barak is a joint India-Israel development providing point defence against incoming missiles and aircraft.,It forms one layer of the multi-tiered air defence system used aboard major Indian warships.,15,45,"{""Indian Navy"",""Weapons""}",NDA/CDS/AFCAT/SSB,AI-generated for Forge platform,,,,,,,,,,,,
DEF-0193,Indian Navy,International,Medium,MCQ,The Indian Navy regularly participates in the multilateral Malabar exercise alongside which other countries?,"China, Russia, and Pakistan","United States, Japan, and Australia",Only the United States,Only Japan,B,"The Malabar exercise, which began as a bilateral India-US exercise, has expanded to include Japan and Australia as regular participants.",It has grown into one of the most significant naval exercises in the Indo-Pacific region.,15,45,"{""Indian Navy"",""International""}",NDA/CDS/AFCAT/SSB,AI-generated for Forge platform,,,,,,,,,,,,
DEF-0194,Indian Navy,History,Medium,MCQ,Which Indian Navy officer became the first Indian Chief of the Naval Staff after independence?,Admiral R.H. Tahiliani,Admiral S.M. Nanda,Vice Admiral R.D. Katari,Admiral Arun Prakash,C,"Vice Admiral R.D. Katari became the first Indian to head the Navy in 1958, succeeding a line of British officers.",His appointment marked a significant step in the full Indianisation of the armed forces' leadership.,15,45,"{""Indian Navy"",""History""}",NDA/CDS/AFCAT/SSB,AI-generated for Forge platform,,,,,,,,,,,,
DEF-0195,Indian Navy,Structure,Medium,MCQ,The Sagar Prahari Bal is a force raised by the Indian Navy for what specific purpose?,Long-range strategic deterrence,Deep-sea submarine warfare,Aircraft carrier operations,Coastal security patrol in close coordination with the Coast Guard and marine police,D,Sagar Prahari Bal was raised after the 2008 Mumbai attacks to strengthen near-shore and coastal security.,It works alongside the Coast Guard and state marine police to secure India's extensive coastline.,15,45,"{""Indian Navy"",""Structure""}",NDA/CDS/AFCAT/SSB,AI-generated for Forge platform,,,,,,,,,,,,
DEF-0196,Indian Navy,Ships,Medium,MCQ,"INS Vela, INS Khanderi, and INS Kalvari are all part of which class of Indian Navy submarines?",Kalvari class (Scorpene class),Kilo class,Sindhughosh class,Shishumar class,A,These are among the newer French-collaboration Scorpene-class (Kalvari-class) submarines inducted into the Navy in recent years.,Each submarine in this class is named after a historic vessel or marine predator from Indian naval history.,15,45,"{""Indian Navy"",""Ships""}",NDA/CDS/AFCAT/SSB,AI-generated for Forge platform,,,,,,,,,,,,
DEF-0197,Indian Navy,History,Medium,MCQ,Which Indian Navy operation involved sinking Pakistani vessels near Karachi using missile boats supplied by the Soviet Union?,Operation Cactus,Operation Trident,Operation Meghdoot,Operation Sukoon,B,"The Osa-class missile boats used in Operation Trident were of Soviet origin, equipped with Styx anti-ship missiles.",This operation is widely studied for its innovative and highly effective use of missile boats against a larger conventional navy.,15,45,"{""Indian Navy"",""History""}",NDA/CDS/AFCAT/SSB,AI-generated for Forge platform,,,,,,,,,,,,
DEF-0198,Indian Air Force,Ranks,Easy,MCQ,"What is the highest rank in the Indian Air Force, conferred only once in its history?",Air Marshal,Air Chief Marshal,Marshal of the Air Force,Air Vice Marshal,C,"This five-star rank was conferred on Arjan Singh, who led the IAF during the 1965 war.",He remains the only officer in Indian Air Force history to hold this rank.,10,45,"{""Indian Air Force"",""Ranks""}",NDA/CDS/AFCAT/SSB,AI-generated for Forge platform,,,,,,,,,,,,
DEF-0199,Indian Air Force,Ranks,Easy,MCQ,Which rank heads the Indian Air Force as its professional chief?,Vice Chief of the Air Staff,Marshal of the Air Force,Air Marshal,Air Chief Marshal,D,"The Chief of the Air Staff, holding the rank of Air Chief Marshal, is the senior-most serving IAF officer.","The position oversees all air operations, training, and administration for the force.",10,45,"{""Indian Air Force"",""Ranks""}",NDA/CDS/AFCAT/SSB,AI-generated for Forge platform,,,,,,,,,,,,
DEF-0200,Indian Air Force,Ranks,Medium,MCQ,Which IAF rank is roughly equivalent to a Colonel in the Army?,Group Captain,Wing Commander,Squadron Leader,Air Commodore,A,"A Group Captain often commands an air force station or base, similar in seniority to an Army Colonel.",Group Captains typically have extensive flying and command experience by this stage of their careers.,15,45,"{""Indian Air Force"",""Ranks""}",NDA/CDS/AFCAT/SSB,AI-generated for Forge platform,,,,,,,,,,,,
DEF-0201,Indian Air Force,Ranks,Medium,MCQ,Which IAF rank is roughly equivalent to a Lieutenant Colonel in the Army?,Group Captain,Wing Commander,Squadron Leader,Air Commodore,B,"Wing Commanders often command a squadron of aircraft, paralleling a Lieutenant Colonel's role commanding a battalion.",This is often considered a pivotal command appointment in an officer's career.,15,45,"{""Indian Air Force"",""Ranks""}",NDA/CDS/AFCAT/SSB,AI-generated for Forge platform,,,,,,,,,,,,
DEF-0202,Indian Air Force,Ranks,Medium,MCQ,Which IAF rank is the most junior commissioned officer rank?,Squadron Leader,Flight Lieutenant,Flying Officer,Pilot Officer (largely phased out as a distinct rank in modern IAF structure),C,Flying Officer is the entry rank for newly commissioned IAF officers after training.,Officers progress from here to Flight Lieutenant and beyond as they gain experience.,15,45,"{""Indian Air Force"",""Ranks""}",NDA/CDS/AFCAT/SSB,AI-generated for Forge platform,,,,,,,,,,,,
DEF-0203,Indian Air Force,Structure,Easy,MCQ,How many operational and functional commands does the Indian Air Force have in total?,Nine,Five,Three,Seven,D,"The IAF has five operational commands and two functional commands (Training and Maintenance), totalling seven.",Each command is headed by an Air Officer Commanding-in-Chief.,10,45,"{""Indian Air Force"",""Structure""}",NDA/CDS/AFCAT/SSB,AI-generated for Forge platform,,,,,,,,,,,,
DEF-0204,Indian Air Force,Structure,Medium,MCQ,The Western Air Command of the IAF is headquartered in which city?,New Delhi,Shillong,Allahabad,Gandhinagar,A,Western Air Command oversees a large and strategically important area including the northern and western borders.,It played a significant role during both the 1971 war and the Kargil conflict.,15,45,"{""Indian Air Force"",""Structure""}",NDA/CDS/AFCAT/SSB,AI-generated for Forge platform,,,,,,,,,,,,
DEF-0205,Indian Air Force,Structure,Medium,MCQ,The Eastern Air Command of the IAF is headquartered in which city?,New Delhi,Shillong,Thiruvananthapuram,Nagpur,B,"Eastern Air Command oversees India's North-Eastern airspace, an operationally important and challenging region.",Shillong's location gives the command proximity to the China border in this sector.,15,45,"{""Indian Air Force"",""Structure""}",NDA/CDS/AFCAT/SSB,AI-generated for Forge platform,,,,,,,,,,,,
DEF-0206,Indian Air Force,Structure,Medium,MCQ,The Central Air Command of the IAF is headquartered in which city?,Bengaluru,Gandhinagar,Allahabad (Prayagraj),Nagpur,C,"Central Air Command oversees a large swath of central and northern India, including parts of the border with China.",It played an important supporting role during operations in the eastern and northern theatres historically.,15,45,"{""Indian Air Force"",""Structure""}",NDA/CDS/AFCAT/SSB,AI-generated for Forge platform,,,,,,,,,,,,
DEF-0207,Indian Air Force,Structure,Medium,MCQ,"The Southern Air Command of the IAF, focused on southern India and coastal defence, is headquartered in which city?",Kochi,Bengaluru,Chennai,Thiruvananthapuram,D,Southern Air Command oversees operations across southern India and coordinates on maritime air defence matters.,It is one of the older established commands within the IAF structure.,15,45,"{""Indian Air Force"",""Structure""}",NDA/CDS/AFCAT/SSB,AI-generated for Forge platform,,,,,,,,,,,,
DEF-0208,Indian Air Force,Structure,Medium,MCQ,"Which IAF command, headquartered in Gandhinagar, focuses specifically on the desert and Gujarat sector?",South Western Air Command,Central Air Command,Western Air Command,Training Command,A,South Western Air Command was raised to give focused attention to operations in the Rajasthan and Gujarat desert regions.,This mirrors the Army's creation of a dedicated South Western Command for similar reasons.,15,45,"{""Indian Air Force"",""Structure""}",NDA/CDS/AFCAT/SSB,AI-generated for Forge platform,,,,,,,,,,,,
DEF-0209,Indian Air Force,Structure,Medium,MCQ,"Which functional IAF command, headquartered in Bengaluru, is responsible for training pilots and personnel?",Maintenance Command,Training Command,Central Air Command,Western Air Command,B,Training Command oversees flying training schools and academies that prepare IAF pilots and personnel.,Bengaluru has historically been a major hub for India's aviation and aerospace industry.,15,45,"{""Indian Air Force"",""Structure""}",NDA/CDS/AFCAT/SSB,AI-generated for Forge platform,,,,,,,,,,,,
DEF-0210,Indian Air Force,Structure,Medium,MCQ,"Which functional IAF command, headquartered in Nagpur, is responsible for aircraft maintenance and repair?",Eastern Air Command,Training Command,Maintenance Command,Central Air Command,C,Maintenance Command ensures IAF aircraft and equipment remain serviceable and combat-ready across the force.,Nagpur's central location makes it logistically convenient for coordinating maintenance depots nationwide.,15,45,"{""Indian Air Force"",""Structure""}",NDA/CDS/AFCAT/SSB,AI-generated for Forge platform,,,,,,,,,,,,
DEF-0211,Indian Air Force,Academies,Medium,MCQ,"After the NDA, Air Force cadets complete flying and academic training at which academy?",Officers Training Academy,Indian Military Academy,Indian Naval Academy,"Air Force Academy, Dundigal",D,The Air Force Academy near Hyderabad trains cadets for commissioning as pilots and ground duty officers.,It is where cadets earn their 'wings' upon successful completion of flying training.,15,45,"{""Indian Air Force"",""Academies""}",NDA/CDS/AFCAT/SSB,AI-generated for Forge platform,,,,,,,,,,,,
DEF-0212,Indian Air Force,Aircraft,Easy,MCQ,"Which indigenously developed fighter jet, developed by HAL, has entered service with the IAF in recent years?",Tejas,Su-30MKI,Mirage 2000,Jaguar,A,"The Tejas is a lightweight, single-engine multirole fighter developed by India's Hindustan Aeronautics Limited.","Its development spanned several decades, reflecting the complexity of indigenous fighter aircraft programmes.",10,45,"{""Indian Air Force"",""Aircraft""}",NDA/CDS/AFCAT/SSB,AI-generated for Forge platform,,,,,,,,,,,,
DEF-0213,Indian Air Force,Aircraft,Medium,MCQ,"The Su-30MKI, a mainstay of the IAF's fighter fleet, is primarily manufactured under licence from which country?",France,Russia,United States,United Kingdom,B,"The Su-30MKI is built under licence by HAL in India, based on the Russian Sukhoi Su-30 design.",It is considered one of the most capable and heavily customised variants of the Su-30 family in the world.,15,45,"{""Indian Air Force"",""Aircraft""}",NDA/CDS/AFCAT/SSB,AI-generated for Forge platform,,,,,,,,,,,,
DEF-0214,Indian Air Force,Aircraft,Medium,MCQ,"The Rafale fighter jet, inducted by the IAF in recent years, is manufactured by which country?",United States,Russia,France,Sweden,C,The Rafale is built by Dassault Aviation and was acquired by India through a government-to-government deal.,"The aircraft is known for its versatility across air superiority, strike, and reconnaissance roles.",15,45,"{""Indian Air Force"",""Aircraft""}",NDA/CDS/AFCAT/SSB,AI-generated for Forge platform,,,,,,,,,,,,
DEF-0215,Indian Air Force,Aircraft,Medium,MCQ,"The Mirage 2000, used effectively during the Kargil War for precision strikes, is manufactured by which country?",Israel,Russia,United Kingdom,France,D,Dassault's Mirage 2000 has been part of the IAF fleet for decades and was upgraded in later years for continued relevance.,Its precision strikes on entrenched positions during Kargil were considered a turning point in that conflict.,15,45,"{""Indian Air Force"",""Aircraft""}",NDA/CDS/AFCAT/SSB,AI-generated for Forge platform,,,,,,,,,,,,
DEF-0216,Indian Air Force,Aircraft,Medium,MCQ,"The MiG-21, one of the IAF's longest-serving fighters, originates from which country?",Soviet Union/Russia,China,France,United Kingdom,A,"The MiG-21 has served the IAF since the 1960s, though it has been progressively phased out in favour of newer aircraft.","Despite its age, it remained in frontline service far longer than most contemporaries worldwide.",15,45,"{""Indian Air Force"",""Aircraft""}",NDA/CDS/AFCAT/SSB,AI-generated for Forge platform,,,,,,,,,,,,
DEF-0217,Indian Air Force,Aircraft,Medium,MCQ,"The C-17 Globemaster III, used for heavy-lift transport by the IAF, is manufactured by which country?",Russia,United States,Ukraine,France,B,The C-17 gives the IAF the ability to airlift heavy equipment and large numbers of troops over long distances.,It has been used in humanitarian missions as well as military logistics operations.,15,45,"{""Indian Air Force"",""Aircraft""}",NDA/CDS/AFCAT/SSB,AI-generated for Forge platform,,,,,,,,,,,,
DEF-0218,Indian Air Force,Aircraft,Medium,MCQ,"The C-130J Super Hercules, used for special operations and tactical airlift by the IAF, is manufactured by which country?",Ukraine,Russia,United States,Italy,C,The C-130J's ability to operate from short and rough airstrips makes it ideal for special forces support missions.,It has been used in various evacuation operations involving Indian citizens abroad.,15,45,"{""Indian Air Force"",""Aircraft""}",NDA/CDS/AFCAT/SSB,AI-generated for Forge platform,,,,,,,,,,,,
DEF-0219,Indian Air Force,Aircraft,Medium,MCQ,"The An-32, a medium tactical transport aircraft long used by the IAF, originates from which country?",Israel,United States,France,Ukraine (Soviet-era design),D,"The An-32 has served the IAF for decades, particularly for supply missions to remote and high-altitude regions.",It remains a workhorse for logistics in difficult terrain like the North-East and Ladakh.,15,45,"{""Indian Air Force"",""Aircraft""}",NDA/CDS/AFCAT/SSB,AI-generated for Forge platform,,,,,,,,,,,,
DEF-0220,Indian Air Force,Helicopters,Medium,MCQ,"The Apache attack helicopter, inducted by the IAF, is manufactured by which country?",United States,Russia,France,Israel,A,The Boeing AH-64 Apache provides the IAF with advanced attack helicopter capability for close air support and anti-armour roles.,It is among the most advanced attack helicopters in service anywhere in the world.,15,45,"{""Indian Air Force"",""Helicopters""}",NDA/CDS/AFCAT/SSB,AI-generated for Forge platform,,,,,,,,,,,,
DEF-0221,Indian Air Force,Helicopters,Medium,MCQ,"The Chinook heavy-lift helicopter, inducted by the IAF, is used primarily for what role?",Air-to-air combat,"Heavy-lift transport of troops and equipment, including artillery",Long-range strategic bombing,Maritime patrol,B,"The Chinook can carry heavy loads, including artillery pieces, to remote and high-altitude areas.",It has proven especially valuable for operations in mountainous terrain like Ladakh.,15,45,"{""Indian Air Force"",""Helicopters""}",NDA/CDS/AFCAT/SSB,AI-generated for Forge platform,,,,,,,,,,,,
DEF-0222,Indian Air Force,Helicopters,Medium,MCQ,"The Dhruv Advanced Light Helicopter, used by the IAF and other services, is manufactured by which Indian company?",DRDO directly,Bharat Electronics Limited,Hindustan Aeronautics Limited (HAL),Bharat Dynamics Limited,C,"The Dhruv is an indigenously developed multi-role helicopter used across the Army, Navy, Air Force, and Coast Guard.","Its aerobatic display variant, used by the Sarang team, showcases its manoeuvrability.",15,45,"{""Indian Air Force"",""Helicopters""}",NDA/CDS/AFCAT/SSB,AI-generated for Forge platform,,,,,,,,,,,,
DEF-0223,Indian Air Force,Aerobatics,Easy,MCQ,"The Indian Air Force's aerobatic display team, flying Hawk aircraft, is called?",Golden Arrows,Sarang,Thunderbolts,Surya Kiran,D,The Surya Kiran Aerobatic Team performs precision formation flying displays at air shows across India and abroad.,"Surya Kiran' translates to 'Sun Rays', reflecting the team's dazzling aerial displays.",10,45,"{""Indian Air Force"",""Aerobatics""}",NDA/CDS/AFCAT/SSB,AI-generated for Forge platform,,,,,,,,,,,,
DEF-0224,Indian Air Force,Aerobatics,Medium,MCQ,"The IAF's helicopter aerobatic display team, flying the Dhruv, is called?",Sarang,Surya Kiran,Thunderbolts,Sarabhai,A,"The Sarang team performs helicopter aerobatic displays, showcasing the agility of the indigenous Dhruv helicopter.","Sarang' means peacock in Hindi, chosen for its association with grace and colour.",15,45,"{""Indian Air Force"",""Aerobatics""}",NDA/CDS/AFCAT/SSB,AI-generated for Forge platform,,,,,,,,,,,,
DEF-0225,Indian Air Force,History,Easy,MCQ,Indian Air Force Day is celebrated on which date each year?,4 December,8 October,15 January,26 July,B,8 October marks the founding of the Indian Air Force in 1932.,Major ceremonial flypasts and parades are held on this day at IAF bases across the country.,10,45,"{""Indian Air Force"",""History""}",NDA/CDS/AFCAT/SSB,AI-generated for Forge platform,,,,,,,,,,,,
DEF-0226,Indian Air Force,History,Medium,MCQ,"The Indian Air Force was officially established in which year, initially as the Royal Indian Air Force?",1950,1947,1932,1965,C,The force was established under British rule in 1932 and later dropped 'Royal' from its title after India became a republic in 1950.,Its first operational flight and squadron were formed shortly after its founding.,15,45,"{""Indian Air Force"",""History""}",NDA/CDS/AFCAT/SSB,AI-generated for Forge platform,,,,,,,,,,,,
DEF-0227,Indian Air Force,Air Defence,Medium,MCQ,"Which indigenous surface-to-air missile system provides medium-range air defence for the IAF, developed by DRDO?",BrahMos,Agni,Prithvi,Akash,D,"Akash provides area air defence against aircraft and other aerial threats, developed as part of India's indigenous missile programme.",It has been inducted by both the Army and the Air Force in different variants.,15,45,"{""Indian Air Force"",""Air Defence""}",NDA/CDS/AFCAT/SSB,AI-generated for Forge platform,,,,,,,,,,,,
DEF-0228,Indian Air Force,Air Defence,Medium,MCQ,"Which system, jointly developed with Israel, provides the IAF and Navy with medium-range air and missile defence?",Barak-8 / MR-SAM,Akash,Agni-V,Prithvi,A,The Barak-8 (Medium Range Surface to Air Missile) programme is a joint India-Israel development providing advanced air defence.,Both naval ships and land-based IAF units use variants of this system.,15,45,"{""Indian Air Force"",""Air Defence""}",NDA/CDS/AFCAT/SSB,AI-generated for Forge platform,,,,,,,,,,,,
DEF-0229,Indian Air Force,AWACS,Medium,MCQ,"The IAF's AWACS aircraft, providing airborne early warning, is based on which aircraft platform?",Only the C-130J platform,Embraer or Ilyushin platforms fitted with Indian-developed radar systems,Only the Su-30MKI platform,Only the Rafale platform,B,"India has developed AWACS and AEW&C systems mounted on Embraer and Ilyushin-76 aircraft, fitted with indigenous radar.",These aircraft provide critical situational awareness by detecting threats well before they reach Indian airspace.,15,45,"{""Indian Air Force"",""AWACS""}",NDA/CDS/AFCAT/SSB,AI-generated for Forge platform,,,,,,,,,,,,
DEF-0230,Indian Air Force,UAVs,Medium,MCQ,Which Israeli-origin UAVs have been extensively used by the IAF and Army for surveillance?,Rustom and Nishant only,Predator and Global Hawk,Heron and Searcher,Harop exclusively,C,IAI Heron and Searcher UAVs provide long-endurance reconnaissance and surveillance for Indian forces.,India has also been developing indigenous UAV programmes to reduce reliance on imports over time.,15,45,"{""Indian Air Force"",""UAVs""}",NDA/CDS/AFCAT/SSB,AI-generated for Forge platform,,,,,,,,,,,,
DEF-0231,Indian Air Force,History,Medium,MCQ,Which IAF officer became the Chief of the Air Staff and led the force during the 1971 war?,La Fontaine,Arjan Singh,S.K. Mehra,P.C. Lal,D,"Air Chief Marshal P.C. Lal led the IAF during the decisive 1971 war, overseeing extensive air operations on both fronts.","Arjan Singh had led the force earlier, notably during the 1965 war.",15,45,"{""Indian Air Force"",""History""}",NDA/CDS/AFCAT/SSB,AI-generated for Forge platform,,,,,,,,,,,,
DEF-0232,Indian Air Force,Bases,Medium,MCQ,Which forward IAF base in Ladakh has gained prominence due to its high-altitude operational significance?,Leh Air Force Station,Halwara Air Force Station,Ambala Air Force Station,Jodhpur Air Force Station,A,"Leh Air Force Station operates at extreme altitude, supporting operations in the strategically sensitive Ladakh region.",Its runway is among the highest in the world used for military aviation.,15,45,"{""Indian Air Force"",""Bases""}",NDA/CDS/AFCAT/SSB,AI-generated for Forge platform,,,,,,,,,,,,
DEF-0233,Indian Air Force,Bases,Medium,MCQ,"Ambala Air Force Station, which houses the IAF's Rafale squadron, is located in which state?",Punjab,Haryana,Rajasthan,Uttar Pradesh,B,Ambala was chosen as one of the key bases for the newly inducted Rafale fighters due to its strategic location.,It has a long history as one of the IAF's important frontline air bases.,15,45,"{""Indian Air Force"",""Bases""}",NDA/CDS/AFCAT/SSB,AI-generated for Forge platform,,,,,,,,,,,,
DEF-0234,Indian Air Force,Weapons,Medium,MCQ,"The Astra missile, developed indigenously for the IAF's fighter aircraft, is which type of weapon?",Anti-ship missile,Surface-to-air missile,Air-to-air missile,Air-to-ground bomb,C,Astra provides Indian fighter aircraft with an indigenous beyond-visual-range air-to-air missile option.,It has been tested and integrated with aircraft like the Su-30MKI and Tejas.,15,45,"{""Indian Air Force"",""Weapons""}",NDA/CDS/AFCAT/SSB,AI-generated for Forge platform,,,,,,,,,,,,
DEF-0235,Indian Air Force,Weapons,Medium,MCQ,"Which precision-guided bomb kit, used by the IAF, helps convert unguided bombs into precision weapons?",Astra,Prithvi,Agni,SAAW (Smart Anti-Airfield Weapon) and similar indigenous kits,D,Indigenous guidance kits like SAAW allow the IAF to strike targets with greater precision using existing bomb stocks.,This reduces dependence on costly imported precision munitions for many strike missions.,15,45,"{""Indian Air Force"",""Weapons""}",NDA/CDS/AFCAT/SSB,AI-generated for Forge platform,,,,,,,,,,,,
DEF-0236,Indian Air Force,Aircraft,Medium,MCQ,The Jaguar deep-penetration strike aircraft used by the IAF was jointly developed by which two countries originally?,France and the United Kingdom,France and Germany,United States and United Kingdom,Russia and India,A,"The SEPECAT Jaguar was a joint Anglo-French project, later license-built and extensively used by India.",It remains valued for its low-level strike capability despite its age.,15,45,"{""Indian Air Force"",""Aircraft""}",NDA/CDS/AFCAT/SSB,AI-generated for Forge platform,,,,,,,,,,,,
DEF-0237,Indian Air Force,Structure,Medium,MCQ,"Roughly how many fighter squadrons does the IAF's sanctioned strength call for, a figure often referenced in defence discussions?",20 squadrons,42 squadrons,60 squadrons,10 squadrons,B,"The IAF's sanctioned strength is 42 fighter squadrons, though actual numbers have often fallen below this target due to phased retirements and delayed inductions.",This gap has been a recurring topic in India's defence modernisation debates.,15,45,"{""Indian Air Force"",""Structure""}",NDA/CDS/AFCAT/SSB,AI-generated for Forge platform,,,,,,,,,,,,
DEF-0238,Indian Air Force,History,Medium,MCQ,Which conflict saw the IAF's first major independent air campaign since the 1971 war?,Operation Cactus,The 1962 war,Kargil War (Operation Safed Sagar),Operation Meghdoot,C,"Operation Safed Sagar marked a significant IAF combat role, including the first use of laser-guided bombs by the force in that conflict.",It highlighted both the effectiveness and the challenges of air operations in extreme mountainous terrain.,15,45,"{""Indian Air Force"",""History""}",NDA/CDS/AFCAT/SSB,AI-generated for Forge platform,,,,,,,,,,,,
DEF-0239,Indian Air Force,Aircraft,Medium,MCQ,"The Dornier 228, used by the IAF for light transport and communication duties, is manufactured under licence by which Indian company?",Bharat Dynamics Limited,Bharat Electronics Limited,National Aerospace Laboratories,Hindustan Aeronautics Limited,D,"HAL manufactures the Dornier 228 under licence, and the aircraft is used for utility and light transport roles.",Its short-field capability makes it useful for operations from smaller or remote airstrips.,15,45,"{""Indian Air Force"",""Aircraft""}",NDA/CDS/AFCAT/SSB,AI-generated for Forge platform,,,,,,,,,,,,
DEF-0240,Indian Air Force,Ranks,Medium,MCQ,Which IAF rank is equivalent to a Major General in the Army?,Air Vice Marshal,Air Commodore,Air Marshal,Group Captain,A,"An Air Vice Marshal typically commands significant IAF formations, paralleling the Army's Major General.",This rank often precedes further promotion to Air Marshal for senior leadership roles.,15,45,"{""Indian Air Force"",""Ranks""}",NDA/CDS/AFCAT/SSB,AI-generated for Forge platform,,,,,,,,,,,,
DEF-0241,Indian Air Force,Ranks,Medium,MCQ,Which IAF rank is equivalent to a Lieutenant General in the Army?,Air Vice Marshal,Air Marshal,Air Commodore,Air Chief Marshal,B,Air Marshals often command an operational command or hold senior staff appointments at Air Headquarters.,This is typically one of the final ranks before an officer might be considered for Air Chief Marshal.,15,45,"{""Indian Air Force"",""Ranks""}",NDA/CDS/AFCAT/SSB,AI-generated for Forge platform,,,,,,,,,,,,
DEF-0242,Indian Air Force,Exercises,Medium,MCQ,"Which large multinational air exercise has the IAF participated in alongside air forces like the US, UK, and France?",Exercise Yudh Abhyas (primarily an army exercise),Exercise Malabar (a primarily naval exercise),Exercise Red Flag / Garuda-type multinational exercises,Exercise Varuna (a primarily naval exercise),C,"The IAF has taken part in exercises like Red Flag in the United States, gaining exposure to advanced training environments with multiple air forces.",Such exercises help IAF pilots train against diverse threat simulations and improve interoperability.,15,45,"{""Indian Air Force"",""Exercises""}",NDA/CDS/AFCAT/SSB,AI-generated for Forge platform,,,,,,,,,,,,
DEF-0243,Indian Air Force,Weapons,Medium,MCQ,"The BrahMos-A, an air-launched variant of the BrahMos missile, has been integrated with which IAF aircraft?",Jaguar,Tejas,Rafale,Su-30MKI,D,"The Su-30MKI was modified to carry the heavier air-launched BrahMos missile, giving the IAF a potent long-range strike option.",India became one of the few countries capable of launching a supersonic cruise missile from a fighter aircraft.,15,45,"{""Indian Air Force"",""Weapons""}",NDA/CDS/AFCAT/SSB,AI-generated for Forge platform,,,,,,,,,,,,
DEF-0244,Gallantry Awards & Heroes,Gallantry Awards,Easy,MCQ,"Which is India's highest military gallantry award, given for the most conspicuous acts of bravery in the presence of the enemy?",Param Vir Chakra,Maha Vir Chakra,Vir Chakra,Ashok Chakra,A,"The Param Vir Chakra is India's highest wartime gallantry award, equivalent to awards like the Victoria Cross or Medal of Honor.","Most Param Vir Chakras have been awarded posthumously, reflecting the extreme risk associated with the acts of valour honoured.",10,45,"{""Gallantry Awards & Heroes"",""Gallantry Awards""}",NDA/CDS/SSB,AI-generated for Forge platform,,,,,,,,,,,,
DEF-0245,Gallantry Awards & Heroes,Gallantry Awards,Easy,MCQ,"Which gallantry award is India's highest peacetime honour for bravery, equivalent in stature to the Param Vir Chakra?",Kirti Chakra,Ashok Chakra,Shaurya Chakra,Vir Chakra,B,"The Ashok Chakra recognises the most conspicuous acts of bravery outside of direct combat with an enemy, such as counter-terrorism operations.",It is often awarded for actions during internal security operations rather than conventional warfare.,10,45,"{""Gallantry Awards & Heroes"",""Gallantry Awards""}",NDA/CDS/SSB,AI-generated for Forge platform,,,,,,,,,,,,
DEF-0246,Gallantry Awards & Heroes,Gallantry Awards,Medium,MCQ,Which gallantry award ranks below the Param Vir Chakra but above the Vir Chakra in wartime honours?,Shaurya Chakra,Ashok Chakra,Maha Vir Chakra,Sena Medal,C,"The Maha Vir Chakra is the second-highest wartime gallantry award, recognising acts of conspicuous gallantry in the presence of the enemy.",Several senior military commanders have received this award for their leadership during major wars.,15,45,"{""Gallantry Awards & Heroes"",""Gallantry Awards""}",NDA/CDS/SSB,AI-generated for Forge platform,,,,,,,,,,,,
DEF-0247,Gallantry Awards & Heroes,Gallantry Awards,Medium,MCQ,Which peacetime gallantry award ranks below the Ashok Chakra but above the Shaurya Chakra?,Maha Vir Chakra,Vir Chakra,Sena Medal,Kirti Chakra,D,The Kirti Chakra is the second-highest peacetime gallantry award for acts of bravery away from active combat with an enemy.,Both the Kirti Chakra and Shaurya Chakra are frequently awarded for counter-terrorism and counter-insurgency operations.,15,45,"{""Gallantry Awards & Heroes"",""Gallantry Awards""}",NDA/CDS/SSB,AI-generated for Forge platform,,,,,,,,,,,,
DEF-0248,Gallantry Awards & Heroes,Gallantry Awards,Medium,MCQ,"Which is the third-highest wartime gallantry award in India, often awarded for individual acts of bravery in battle?",Vir Chakra,Shaurya Chakra,Sena Medal,Ashok Chakra,A,"The Vir Chakra recognises gallantry in the presence of the enemy, ranking below the Param Vir Chakra and Maha Vir Chakra.",It has been awarded extensively across all of India's major conflicts since independence.,15,45,"{""Gallantry Awards & Heroes"",""Gallantry Awards""}",NDA/CDS/SSB,AI-generated for Forge platform,,,,,,,,,,,,
DEF-0249,Gallantry Awards & Heroes,Param Vir Chakra,Medium,MCQ,"Who was the first recipient of the Param Vir Chakra, honoured for his actions during the 1947-48 war?",Captain Vikram Batra,Major Somnath Sharma,Major Shaitan Singh,Naik Jadunath Singh,B,Major Somnath Sharma was posthumously awarded the PVC for his defence of Badgam during the 1947-48 Kashmir conflict.,"His citation describes his leadership even after being wounded, continuing to direct his men until his death.",15,45,"{""Gallantry Awards & Heroes"",""Param Vir Chakra""}",NDA/CDS/SSB,AI-generated for Forge platform,,,,,,,,,,,,
DEF-0250,Gallantry Awards & Heroes,Param Vir Chakra,Medium,MCQ,"Captain Vikram Batra, awarded the Param Vir Chakra posthumously, is associated with which conflict?",1965 War,1971 War,Kargil War,Siachen conflict,C,Captain Batra led the recapture of key peaks including Point 5140 during the 1999 Kargil War before being killed in action.,His radio call sign 'Sher Shah' and phrase 'Yeh Dil Maange More' became iconic symbols of the war.,15,45,"{""Gallantry Awards & Heroes"",""Param Vir Chakra""}",NDA/CDS/SSB,AI-generated for Forge platform,,,,,,,,,,,,
DEF-0251,Gallantry Awards & Heroes,Param Vir Chakra,Medium,MCQ,"Major Shaitan Singh, awarded the Param Vir Chakra, is remembered for his leadership at which 1962 battle?",Nathu La,Walong,Tawang,Rezang La,D,Major Shaitan Singh led his company in a heroic last stand against overwhelming Chinese forces at Rezang La.,The battle is commemorated annually and is considered one of the most valorous stands in Indian military history.,15,45,"{""Gallantry Awards & Heroes"",""Param Vir Chakra""}",NDA/CDS/SSB,AI-generated for Forge platform,,,,,,,,,,,,
DEF-0252,Gallantry Awards & Heroes,Param Vir Chakra,Medium,MCQ,Which Param Vir Chakra recipient is known for the phrase 'Yeh Dil Maange More' during the Kargil War?,Captain Vikram Batra,Grenadier Yogendra Singh Yadav,Major Shaitan Singh,Naik Jadunath Singh,A,Captain Vikram Batra's radio message after capturing Point 5140 became one of the most memorable quotes associated with the war.,"The phrase later inspired popular culture references, including its use in advertising campaigns.",15,45,"{""Gallantry Awards & Heroes"",""Param Vir Chakra""}",NDA/CDS/SSB,AI-generated for Forge platform,,,,,,,,,,,,
DEF-0253,Gallantry Awards & Heroes,Param Vir Chakra,Medium,MCQ,"Grenadier Yogendra Singh Yadav, one of the youngest Param Vir Chakra recipients, was honoured for actions during which battle?",Battle of Rezang La,Capture of Tiger Hill during the Kargil War,Battle of Longewala,1971 Battle of Basantar,B,"At just 19 years old, he scaled a cliff under heavy fire to neutralise enemy bunkers, enabling his company's advance.",He remains one of the youngest recipients of India's highest gallantry award.,15,45,"{""Gallantry Awards & Heroes"",""Param Vir Chakra""}",NDA/CDS/SSB,AI-generated for Forge platform,,,,,,,,,,,,
DEF-0254,Gallantry Awards & Heroes,Param Vir Chakra,Hard,MCQ,Which Param Vir Chakra recipient is associated with the Battle of Basantar during the 1971 war?,Naik Jadunath Singh,Major Shaitan Singh,Second Lieutenant Arun Khetarpal,Lance Naik Albert Ekka,C,"Second Lieutenant Arun Khetarpal, only 21, destroyed several enemy tanks before being killed in his own damaged tank during the battle.",He remains one of the youngest officers to receive the Param Vir Chakra.,20,45,"{""Gallantry Awards & Heroes"",""Param Vir Chakra""}",NDA/CDS/SSB,AI-generated for Forge platform,,,,,,,,,,,,
DEF-0255,Gallantry Awards & Heroes,Param Vir Chakra,Hard,MCQ,"Lance Naik Albert Ekka, a Param Vir Chakra recipient, earned the honour during which war?",Kargil War,1965 War,1962 War,1971 War,D,"Lance Naik Ekka led an assault on enemy positions in the eastern sector, continuing to fight despite being critically wounded.",He remains one of the few Param Vir Chakra recipients from the tribal community of Jharkhand.,20,45,"{""Gallantry Awards & Heroes"",""Param Vir Chakra""}",NDA/CDS/SSB,AI-generated for Forge platform,,,,,,,,,,,,
DEF-0256,Gallantry Awards & Heroes,Param Vir Chakra,Hard,MCQ,"Naik Jadunath Singh, one of the early Param Vir Chakra recipients, was honoured for actions during which conflict?",1947-48 War,1965 War,1971 War,Kargil War,A,"Naik Jadunath Singh held off a much larger attacking force in Kashmir, buying crucial time for reinforcements to arrive.",His actions in the 1947-48 war are remembered as an example of extraordinary individual valour under pressure.,20,45,"{""Gallantry Awards & Heroes"",""Param Vir Chakra""}",NDA/CDS/SSB,AI-generated for Forge platform,,,,,,,,,,,,
DEF-0257,Gallantry Awards & Heroes,Ashok Chakra,Medium,MCQ,"The Ashok Chakra recognises bravery displayed in situations other than direct war with an enemy nation, such as which type of operation?",Ceremonial guard duties,Counter-terrorism and internal security operations,Sporting competitions,Peacetime training exercises,B,Many Ashok Chakra recipients have been honoured for actions during counter-terrorism operations or hostage rescues.,"The award can also be given for extraordinary bravery in non-combat emergencies, such as disaster response.",15,45,"{""Gallantry Awards & Heroes"",""Ashok Chakra""}",NDA/CDS/SSB,AI-generated for Forge platform,,,,,,,,,,,,
DEF-0258,Gallantry Awards & Heroes,Military Heroes,Medium,MCQ,Field Marshal Sam Manekshaw is best remembered for leading the Indian Army during which war?,1962 War,1965 War,1971 War,Kargil War,C,Manekshaw's strategic leadership during the 1971 war is widely credited with the decisive victory that led to Bangladesh's creation.,"He became India's first Field Marshal, a rare five-star rank, in recognition of his service.",15,45,"{""Gallantry Awards & Heroes"",""Military Heroes""}",NDA/CDS/SSB,AI-generated for Forge platform,,,,,,,,,,,,
DEF-0259,Gallantry Awards & Heroes,Military Heroes,Medium,MCQ,Field Marshal K.M. Cariappa is remembered as the first Indian to hold which historic position?,Chief of Defence Staff,Chief of the Naval Staff,Chief of the Air Staff,Commander-in-Chief of the Indian Army,D,Cariappa took over as the first Indian Commander-in-Chief of the Army in January 1949.,"He was conferred the rank of Field Marshal decades later, in 1986, in recognition of his lifelong service.",15,45,"{""Gallantry Awards & Heroes"",""Military Heroes""}",NDA/CDS/SSB,AI-generated for Forge platform,,,,,,,,,,,,
DEF-0260,Gallantry Awards & Heroes,Military Heroes,Medium,MCQ,"Air Chief Marshal Arjan Singh, later conferred the rank of Marshal of the Air Force, led the IAF during which war?",1965 War,1971 War,1962 War,Kargil War,A,Arjan Singh's leadership during the 1965 war is credited with significantly boosting the IAF's operational effectiveness.,He remains the only officer to hold the five-star Marshal of the Air Force rank in Indian history.,15,45,"{""Gallantry Awards & Heroes"",""Military Heroes""}",NDA/CDS/SSB,AI-generated for Forge platform,,,,,,,,,,,,
DEF-0261,Gallantry Awards & Heroes,Military Heroes,Medium,MCQ,"General Bipin Rawat, who tragically passed away in a 2021 helicopter crash, held which historic first position?",India's first Field Marshal,India's first Chief of Defence Staff,India's first Param Vir Chakra recipient,India's first woman General,B,"General Rawat was appointed as India's first Chief of Defence Staff in December 2019, a post aimed at improving tri-service coordination.","The post was created following recommendations that traced back, in part, to lessons learned from the Kargil War.",15,45,"{""Gallantry Awards & Heroes"",""Military Heroes""}",NDA/CDS/SSB,AI-generated for Forge platform,,,,,,,,,,,,
DEF-0262,Gallantry Awards & Heroes,Gallantry Awards,Medium,MCQ,"Which gallantry award, ranking just below the Sena Medal in some classifications, or rather above it, recognises distinguished non-combat service?",Maha Vir Chakra,Param Vir Chakra,"Vishisht Seva Medal (a distinguished service award, distinct from gallantry awards)",Ashok Chakra,C,"The Vishisht Seva Medal recognises distinguished service of an exceptional order, separate from the gallantry award hierarchy.","It has different classes (Param Vishisht, Ati Vishisht, and Vishisht) reflecting different levels of distinguished service.",15,45,"{""Gallantry Awards & Heroes"",""Gallantry Awards""}",NDA/CDS/SSB,AI-generated for Forge platform,,,,,,,,,,,,
DEF-0263,Gallantry Awards & Heroes,Gallantry Awards,Medium,MCQ,"The 'Sena Medal', 'Nao Sena Medal', and 'Vayu Sena Medal' are service-specific versions of which type of award?",A retirement honour only,A civilian award,An award only for sporting achievement,"A gallantry/distinguished service award below the Chakra series, one for each service",D,"Each service has its own version of this medal, awarded for gallantry or distinguished service at a level below the Vir Chakra tier.",These medals are relatively more frequently awarded compared to the higher Chakra and Vir Chakra series.,15,45,"{""Gallantry Awards & Heroes"",""Gallantry Awards""}",NDA/CDS/SSB,AI-generated for Forge platform,,,,,,,,,,,,
DEF-0264,Gallantry Awards & Heroes,Military Heroes,Medium,MCQ,Which Indian Air Force pilot is remembered for shooting down a Pakistani F-16 during the 2019 Balakot-related aerial engagement?,Wing Commander Abhinandan Varthaman,Air Marshal Arjan Singh,Air Chief Marshal P.C. Lal,Group Captain Ajay Ahuja,A,Wing Commander Abhinandan Varthaman's MiG-21 Bison was involved in the aerial engagement before he was captured and later released by Pakistan.,His safe return became a significant diplomatic and public event at the time.,15,45,"{""Gallantry Awards & Heroes"",""Military Heroes""}",NDA/CDS/SSB,AI-generated for Forge platform,,,,,,,,,,,,
DEF-0265,Gallantry Awards & Heroes,Military Heroes,Medium,MCQ,"Group Captain Ajay Ahuja, killed during the Kargil War, was flying which type of IAF aircraft when his aircraft was shot down?",Mirage 2000,MiG-21,Su-30MKI,Jaguar,B,His aircraft was shot down while searching for a fellow pilot who had ejected earlier in the conflict.,He was posthumously awarded the Vir Chakra for his actions during the Kargil War.,15,45,"{""Gallantry Awards & Heroes"",""Military Heroes""}",NDA/CDS/SSB,AI-generated for Forge platform,,,,,,,,,,,,
DEF-0266,Gallantry Awards & Heroes,Gallantry Awards,Medium,MCQ,"Which of these gallantry awards can be awarded to civilians as well as armed forces personnel, unlike the strictly military-only awards?",Maha Vir Chakra only,Param Vir Chakra only,"Ashok Chakra, Kirti Chakra, and Shaurya Chakra can be awarded to civilians",Vir Chakra only,C,"The peacetime gallantry award series (Ashok Chakra, Kirti Chakra, Shaurya Chakra) can be awarded to civilians for extraordinary bravery.","The wartime Param Vir Chakra, Maha Vir Chakra, and Vir Chakra are reserved specifically for armed forces personnel.",15,45,"{""Gallantry Awards & Heroes"",""Gallantry Awards""}",NDA/CDS/SSB,AI-generated for Forge platform,,,,,,,,,,,,
DEF-0267,Gallantry Awards & Heroes,Military Heroes,Hard,MCQ,Which naval officer commanded the Eastern Fleet during the 1971 war's naval operations against East Pakistan?,Admiral R.H. Tahiliani,Admiral S.M. Nanda,Vice Admiral R.D. Katari,Vice Admiral N. Krishnan,D,"Vice Admiral N. Krishnan commanded the Eastern Fleet, which played a key role in the naval blockade of East Pakistan.",Admiral S.M. Nanda served as the overall Chief of the Naval Staff during the war.,20,45,"{""Gallantry Awards & Heroes"",""Military Heroes""}",NDA/CDS/SSB,AI-generated for Forge platform,,,,,,,,,,,,
DEF-0268,Gallantry Awards & Heroes,Military Heroes,Hard,MCQ,Which Army officer is credited with leading the daring capture of Sylhet during the 1971 war using a heliborne operation?,Lt Gen Sagat Singh,Lt Gen Jagjit Singh Aurora,Lt Gen J.F.R. Jacob,Field Marshal Sam Manekshaw,A,"Lt Gen Sagat Singh's IV Corps carried out a bold heliborne assault to capture Sylhet, showcasing innovative use of air mobility.",This operation is studied as an early example of successful heliborne assault tactics in Indian military history.,20,45,"{""Gallantry Awards & Heroes"",""Military Heroes""}",NDA/CDS/SSB,AI-generated for Forge platform,,,,,,,,,,,,
DEF-0269,Gallantry Awards & Heroes,Gallantry Awards,Medium,MCQ,"Approximately how many Param Vir Chakras have been awarded since India's independence, as of recent tallies?",Around 5,Around 21,Around 100,Around 500,B,"The Param Vir Chakra has been awarded around 21 times since 1947, reflecting the extremely high threshold for the honour.","Many of these have been awarded posthumously, underscoring the extraordinary sacrifice involved.",15,45,"{""Gallantry Awards & Heroes"",""Gallantry Awards""}",NDA/CDS/SSB,AI-generated for Forge platform,,,,,,,,,,,,
DEF-0270,Gallantry Awards & Heroes,Military Heroes,Medium,MCQ,"The Chhamb sector, the site of intense fighting in both the 1965 and 1971 wars, lies along the border of which Indian state/UT?",Rajasthan,Punjab,Jammu and Kashmir,Himachal Pradesh,C,"Chhamb, located in the Jammu region, has repeatedly been a flashpoint in India-Pakistan conflicts due to its strategic location.",Its proximity to the international border makes it one of the most militarily sensitive sectors in the region.,15,45,"{""Gallantry Awards & Heroes"",""Military Heroes""}",NDA/CDS/SSB,AI-generated for Forge platform,,,,,,,,,,,,
DEF-0271,Gallantry Awards & Heroes,Military Heroes,Medium,MCQ,"General K.S. Thimayya, a highly respected Indian Army Chief, served prominently in which historical period?",Only during the Kargil War,Only during British colonial rule,Only during the 1971 war,"1950s, including the early years post-independence",D,General Thimayya's leadership style and strategic thinking left a lasting impact on the Indian Army's institutional development.,He also commanded Indian troops in earlier conflicts before rising to become Army Chief.,15,45,"{""Gallantry Awards & Heroes"",""Military Heroes""}",NDA/CDS/SSB,AI-generated for Forge platform,,,,,,,,,,,,
DEF-0272,Gallantry Awards & Heroes,Gallantry Awards,Medium,MCQ,"Which gallantry award category is specifically reserved for the highest degree of valour in the face of the enemy, translating roughly to 'Wheel of the Ultimate Brave'?",Param Vir Chakra,Maha Vir Chakra,Vir Chakra,Ashok Chakra,A,"The name Param Vir Chakra translates approximately to 'Wheel of the Supreme Brave', reflecting its status as India's highest honour.","The medal itself features a design based on Indra's Vajra, symbolising power and courage.",15,45,"{""Gallantry Awards & Heroes"",""Gallantry Awards""}",NDA/CDS/SSB,AI-generated for Forge platform,,,,,,,,,,,,
DEF-0273,Gallantry Awards & Heroes,Military Heroes,Medium,MCQ,The 1971 war saw significant IAF air combat on which fronts?,Only the western front,Both the western and eastern fronts,Only the eastern front,No significant air combat occurred,B,"The IAF conducted extensive operations on both fronts, achieving air superiority that supported the rapid ground advance in the east.",Several IAF pilots achieved multiple aerial victories during the intense air battles of this war.,15,45,"{""Gallantry Awards & Heroes"",""Military Heroes""}",NDA/CDS/SSB,AI-generated for Forge platform,,,,,,,,,,,,
DEF-0274,Gallantry Awards & Heroes,Gallantry Awards,Medium,MCQ,"The Shaurya Chakra, India's third-highest peacetime gallantry award, is often awarded for actions in which context?",Ceremonial functions,International sporting events,Counter-insurgency and anti-terrorism operations,Scientific research expeditions,C,"The Shaurya Chakra recognises gallantry displayed away from direct combat with an external enemy, often during internal security duties.","It has been awarded to personnel across the Army, Navy, Air Force, and central paramilitary forces.",15,45,"{""Gallantry Awards & Heroes"",""Gallantry Awards""}",NDA/CDS/SSB,AI-generated for Forge platform,,,,,,,,,,,,
DEF-0275,Gallantry Awards & Heroes,Military Heroes,Medium,MCQ,Which woman officer became one of the first women fighter pilots inducted into the Indian Air Force in 2016?,"Harita Kaur Deol, India's first woman solo pilot but not a fighter pilot","Kalpana Chawla, an astronaut rather than a fighter pilot","Sunita Williams, an astronaut rather than a fighter pilot",This was a group of officers rather than a single named 'first'; the 2016 batch included Avani Chaturvedi among others,D,Avani Chaturvedi was among the first batch of women fighter pilots commissioned by the IAF in 2016.,This marked a historic step in opening up frontline combat aviation roles to women in the Indian armed forces.,15,45,"{""Gallantry Awards & Heroes"",""Military Heroes""}",NDA/CDS/SSB,AI-generated for Forge platform,,,,,,,,,,,,
DEF-0276,Gallantry Awards & Heroes,Military Heroes,Medium,MCQ,Flight Lieutenant Harita Kaur Deol made history in the IAF for which achievement?,Becoming the first Indian woman to fly a fighter aircraft solo,Becoming the first woman Army General,Becoming the first woman submarine commander,Becoming the first woman Param Vir Chakra recipient,A,"She achieved this milestone in 1994, flying an Avro aircraft solo, well before women were permitted into fighter cockpits.",Her achievement paved the way for later generations of women aviators in the IAF.,15,45,"{""Gallantry Awards & Heroes"",""Military Heroes""}",NDA/CDS/SSB,AI-generated for Forge platform,,,,,,,,,,,,
DEF-0277,Gallantry Awards & Heroes,Gallantry Awards,Medium,MCQ,Which of these best describes when a gallantry award can be given posthumously?,Gallantry awards are never given posthumously,When the recipient is honoured after having died performing the act of valour,Only civilian awards can be given posthumously,Only the Param Vir Chakra can be given posthumously,B,"Posthumous awards are common across all gallantry categories, recognising the ultimate sacrifice made by many recipients.",Family members typically receive the award on behalf of the fallen soldier during the ceremony.,15,45,"{""Gallantry Awards & Heroes"",""Gallantry Awards""}",NDA/CDS/SSB,AI-generated for Forge platform,,,,,,,,,,,,
DEF-0278,Gallantry Awards & Heroes,Military Heroes,Medium,MCQ,Which Indian Army General led the successful 1971 Eastern Command operations that led to the fall of Dhaka?,General K.M. Cariappa,"Lt Gen A.A.K. Niazi (Pakistani commander, not Indian)",Lt Gen Jagjit Singh Aurora,"Field Marshal Sam Manekshaw (overall Army Chief, not Eastern Command GOC)",C,"Lt Gen Aurora, as GOC-in-C Eastern Command, directed the rapid advance that led to the surrender of Pakistani forces in Dhaka.",He personally accepted the Instrument of Surrender from Lt Gen Niazi on 16 December 1971.,15,45,"{""Gallantry Awards & Heroes"",""Military Heroes""}",NDA/CDS/SSB,AI-generated for Forge platform,,,,,,,,,,,,
DEF-0279,Gallantry Awards & Heroes,Gallantry Awards,Medium,MCQ,"The 'Param Vishisht Seva Medal' recognises which type of contribution, distinct from combat gallantry?",Length of peacetime service alone,Combat gallantry in the presence of the enemy,Sporting excellence,Distinguished service of the most exceptional order,D,"This award recognises outstanding distinguished service, often awarded to senior officers for exceptional leadership and contribution.","It is one of three grades of the Vishisht Seva Medal series, reflecting differing levels of distinguished service.",15,45,"{""Gallantry Awards & Heroes"",""Gallantry Awards""}",NDA/CDS/SSB,AI-generated for Forge platform,,,,,,,,,,,,
DEF-0280,Gallantry Awards & Heroes,Military Heroes,Medium,MCQ,Which naval commanding officer went down with INS Khukri after it was torpedoed during the 1971 war?,Captain M.N. Mulla,Admiral S.M. Nanda,Vice Admiral N. Krishnan,Captain Ravindranath,A,"Captain M.N. Mulla chose to stay aboard INS Khukri as it sank after being torpedoed, helping his crew escape.",He was posthumously awarded the Maha Vir Chakra for his leadership and sacrifice.,15,45,"{""Gallantry Awards & Heroes"",""Military Heroes""}",NDA/CDS/SSB,AI-generated for Forge platform,,,,,,,,,,,,
DEF-0281,Gallantry Awards & Heroes,Gallantry Awards,Easy,MCQ,Gallantry awards in India are typically announced and conferred around which national occasion each year?,Independence Day,Republic Day,Army Day,Navy Day,B,Most gallantry and distinguished service awards are announced as part of the Republic Day honours list on 26 January.,"Some awards, particularly for very recent acts of valour, may also be announced separately during the year.",10,45,"{""Gallantry Awards & Heroes"",""Gallantry Awards""}",NDA/CDS/SSB,AI-generated for Forge platform,,,,,,,,,,,,
DEF-0282,Defence Equipment,Missiles,Easy,MCQ,"Agni-V, one of India's most advanced missiles, is which type of weapon?",Surface-to-air missile,Anti-ship cruise missile,Intercontinental ballistic missile,Anti-tank guided missile,C,"Agni-V has a range exceeding 5,000 km, giving India the ability to strike targets across a very wide radius.","It uses a canister launch system, allowing it to be fired from road-mobile launchers for greater survivability.",10,45,"{""Defence Equipment"",""Missiles""}",NDA/CDS/AFCAT,AI-generated for Forge platform,,,,,,,,,,,,
DEF-0283,Defence Equipment,Missiles,Medium,MCQ,"BrahMos is notable for being one of the fastest missiles of its type in the world, classified as which kind of weapon?",Surface-to-air missile,Ballistic missile,Anti-tank missile,Supersonic cruise missile,D,"BrahMos travels at nearly three times the speed of sound, making interception extremely difficult.","It can be launched from land, sea, air, and submarine platforms, a rare multi-platform capability.",15,45,"{""Defence Equipment"",""Missiles""}",NDA/CDS/AFCAT,AI-generated for Forge platform,,,,,,,,,,,,
DEF-0284,Defence Equipment,Missiles,Medium,MCQ,"Prithvi, one of India's earliest indigenously developed missiles, is which type of weapon?",Short-range ballistic missile,Intercontinental ballistic missile,Anti-ship cruise missile,Surface-to-air missile,A,Prithvi was among the first missiles developed under India's Integrated Guided Missile Development Programme.,"Its variants have been adapted for use by the Army, Navy, and Air Force.",15,45,"{""Defence Equipment"",""Missiles""}",NDA/CDS/AFCAT,AI-generated for Forge platform,,,,,,,,,,,,
DEF-0285,Defence Equipment,Missiles,Medium,MCQ,"Akash, an indigenously developed missile inducted by both the Army and Air Force, provides which capability?",Long-range strategic strike,Medium-range surface-to-air defence,Anti-submarine warfare,Anti-tank guided attack,B,"Akash can engage multiple aerial targets simultaneously, providing area air defence for critical assets.","It has been continuously upgraded, including versions with improved range and seeker technology.",15,45,"{""Defence Equipment"",""Missiles""}",NDA/CDS/AFCAT,AI-generated for Forge platform,,,,,,,,,,,,
DEF-0286,Defence Equipment,Missiles,Medium,MCQ,"Nag, an indigenously developed missile, is primarily designed for which role?",Ballistic missile defence,Air-to-air combat,Anti-tank guided missile,Anti-ship strike,C,"Nag uses a 'fire-and-forget' guidance system, allowing the launch platform to engage other targets immediately after firing.",It has been integrated with both land vehicles and helicopter-launched variants.,15,45,"{""Defence Equipment"",""Missiles""}",NDA/CDS/AFCAT,AI-generated for Forge platform,,,,,,,,,,,,
DEF-0287,Defence Equipment,Missiles,Medium,MCQ,"Astra, developed indigenously for IAF fighter jets, is which type of missile?",Surface-to-air missile,Anti-ship missile,Ballistic missile,Air-to-air missile,D,Astra gives Indian fighters an indigenous beyond-visual-range air combat capability.,It has been tested successfully on aircraft including the Su-30MKI and Tejas.,15,45,"{""Defence Equipment"",""Missiles""}",NDA/CDS/AFCAT,AI-generated for Forge platform,,,,,,,,,,,,
DEF-0288,Defence Equipment,Missiles,Medium,MCQ,"K-15 (Sagarika), a key missile in India's nuclear triad, is launched from which platform?",Submarines,Fighter aircraft,Land-based mobile launchers,Naval surface ships,A,Sagarika gives India's ballistic missile submarines like INS Arihant a credible underwater second-strike capability.,"This missile is central to completing India's nuclear triad across land, air, and sea platforms.",15,45,"{""Defence Equipment"",""Missiles""}",NDA/CDS/AFCAT,AI-generated for Forge platform,,,,,,,,,,,,
DEF-0289,Defence Equipment,Missiles,Medium,MCQ,"Agni-I, the shortest-range missile in the Agni series, has an approximate range of?","Around 5,000-8,000 km",Around 700-800 km,Around 50 km,"Around 15,000 km",B,Agni-I was designed to fill the gap between the shorter-range Prithvi and the longer-range Agni-II and beyond.,"The Agni series as a whole spans a wide range of capabilities, from short-range to intercontinental.",15,45,"{""Defence Equipment"",""Missiles""}",NDA/CDS/AFCAT,AI-generated for Forge platform,,,,,,,,,,,,
DEF-0290,Defence Equipment,Missiles,Medium,MCQ,Which Indian missile defence interceptor is designed to destroy incoming ballistic missiles outside the Earth's atmosphere?,Nag,Akash,PDV (Prithvi Defence Vehicle),Astra,C,"The PDV is part of India's Ballistic Missile Defence programme, designed for exo-atmospheric interception.","A complementary interceptor, the AAD, handles endo-atmospheric (within-atmosphere) interception.",15,45,"{""Defence Equipment"",""Missiles""}",NDA/CDS/AFCAT,AI-generated for Forge platform,,,,,,,,,,,,
DEF-0291,Defence Equipment,Missiles,Medium,MCQ,Which missile interceptor handles endo-atmospheric (within-atmosphere) interception in India's Ballistic Missile Defence system?,BrahMos,PDV,Agni-V,AAD (Advanced Air Defence),D,"AAD provides a lower-altitude layer of missile defence, complementing the higher-altitude PDV interceptor.","Together, these systems form a two-layered defence against incoming ballistic missile threats.",15,45,"{""Defence Equipment"",""Missiles""}",NDA/CDS/AFCAT,AI-generated for Forge platform,,,,,,,,,,,,
DEF-0292,Defence Equipment,Missiles,Medium,MCQ,"Pinaka, an indigenous system used by the Indian Army, is classified as which type of weapon?",Multi-barrel rocket launcher,Anti-tank guided missile,Surface-to-air missile,Torpedo,A,"Pinaka can fire a salvo of rockets in quick succession, providing devastating area saturation fire support.",It has been progressively upgraded with guided variants to improve accuracy at longer ranges.,15,45,"{""Defence Equipment"",""Missiles""}",NDA/CDS/AFCAT,AI-generated for Forge platform,,,,,,,,,,,,
DEF-0293,Defence Equipment,Tanks,Easy,MCQ,"T-90 Bhishma, a mainstay of the Indian Army's armoured forces, originates from which country?",United States,Russia,France,Germany,B,"The T-90 was inducted to modernise India's tank fleet, with many units license-built domestically.","Bhishma', the Indian designation, references a revered warrior figure from the Mahabharata.",10,45,"{""Defence Equipment"",""Tanks""}",NDA/CDS/AFCAT,AI-generated for Forge platform,,,,,,,,,,,,
DEF-0294,Defence Equipment,Tanks,Medium,MCQ,"Arjun, an indigenously developed main battle tank, is manufactured by which Indian organisation?",Bharat Electronics Limited,HAL,"DRDO, with production support from Heavy Vehicles Factory",Mazagon Dock Limited,C,The Arjun tank was developed over several decades as part of India's push for indigenous armoured vehicle capability.,"An upgraded variant, Arjun Mk-1A, has been developed with numerous improvements over the original design.",15,45,"{""Defence Equipment"",""Tanks""}",NDA/CDS/AFCAT,AI-generated for Forge platform,,,,,,,,,,,,
DEF-0295,Defence Equipment,Tanks,Medium,MCQ,"T-72, an older but still significant tank in Indian Army service, originates from which country of design?",Israel,United Kingdom,United States,Soviet Union/Russia,D,"The T-72 has served the Indian Army for decades, though it is gradually being supplemented by newer T-90 units.","It was also license-produced in India, similar to the later T-90 programme.",15,45,"{""Defence Equipment"",""Tanks""}",NDA/CDS/AFCAT,AI-generated for Forge platform,,,,,,,,,,,,
DEF-0296,Defence Equipment,Armoured Vehicles,Medium,MCQ,"BMP-2 Sarath, used extensively by India's Mechanised Infantry, is classified as which type of vehicle?",Infantry combat vehicle,Main battle tank,Self-propelled howitzer,Armoured recovery vehicle,A,The BMP-2 provides mobility and protected firepower for mechanised infantry units operating alongside tanks.,"It is license-produced in India, reflecting decades-long collaboration on armoured vehicle technology.",15,45,"{""Defence Equipment"",""Armoured Vehicles""}",NDA/CDS/AFCAT,AI-generated for Forge platform,,,,,,,,,,,,
DEF-0297,Defence Equipment,Tanks,Medium,MCQ,The Arjun Mk-1A variant includes improvements primarily aimed at what?,Conversion into a submarine-launched platform,"Enhanced protection, firepower, and mobility over the original Arjun",Making the tank amphibious for river crossings only,Removal of its main gun for a purely support role,B,The Mk-1A incorporates numerous upgrades based on user feedback and evolving battlefield requirements.,It represents years of iterative indigenous development in India's tank technology programme.,15,45,"{""Defence Equipment"",""Tanks""}",NDA/CDS/AFCAT,AI-generated for Forge platform,,,,,,,,,,,,
DEF-0298,Defence Equipment,Artillery,Medium,MCQ,"K9 Vajra, a self-propelled howitzer used by the Indian Army, is built with technology from which country?",United States,Russia,South Korea,Israel,C,"K9 Vajra is manufactured in India under licence from South Korea's Hanwha Defense, with significant local content.","It provides the Army with mobile, rapid-fire artillery support, especially suited to desert terrain.",15,45,"{""Defence Equipment"",""Artillery""}",NDA/CDS/AFCAT,AI-generated for Forge platform,,,,,,,,,,,,
DEF-0299,Defence Equipment,Artillery,Medium,MCQ,"M777, an ultra-light howitzer inducted by the Indian Army, is particularly valued for its use in which type of terrain?",Urban terrain only,Flat desert terrain only,Riverine/marshy terrain only,High-altitude mountainous terrain,D,"The M777's light weight allows it to be transported by helicopter to remote and high-altitude positions, such as along the China border.",It was acquired from the United States through a government-to-government deal.,15,45,"{""Defence Equipment"",""Artillery""}",NDA/CDS/AFCAT,AI-generated for Forge platform,,,,,,,,,,,,
DEF-0300,Defence Equipment,Artillery,Medium,MCQ,"Dhanush, an indigenously developed howitzer, is often described as an upgraded version of which older gun system?",The Bofors FH-77B howitzer,The Pinaka rocket system,The Arjun tank's main gun,The BMP-2's cannon,A,"Dhanush builds on the design of the Bofors gun that gained prominence during the Kargil War, with significant indigenous upgrades.",It represents a step towards indigenising India's towed artillery capability.,15,45,"{""Defence Equipment"",""Artillery""}",NDA/CDS/AFCAT,AI-generated for Forge platform,,,,,,,,,,,,
DEF-0301,Defence Equipment,Ships,Medium,MCQ,"INS Kolkata, the lead ship of its class, is classified as which type of vessel?",Frigate,Guided-missile destroyer,Corvette,Fleet tanker,B,"Kolkata-class destroyers are among the most advanced warships built by India, featuring stealth design and modern sensors.",They carry a combination of surface-to-air and anti-ship missile systems for layered defence and offence.,15,45,"{""Defence Equipment"",""Ships""}",NDA/CDS/AFCAT,AI-generated for Forge platform,,,,,,,,,,,,
DEF-0302,Defence Equipment,Ships,Medium,MCQ,"The Visakhapatnam-class destroyers represent which generation of Indian Navy shipbuilding, following the Kolkata class?",A purely foreign-built class with no Indian content,"An older, retired class from the 1970s",A more advanced successor project (Project 15B),"A submarine class, not surface ships",C,"Project 15B builds on the Kolkata-class design with further improvements in stealth, weapons, and sensors.",These destroyers are built at Mazagon Dock Limited in Mumbai.,15,45,"{""Defence Equipment"",""Ships""}",NDA/CDS/AFCAT,AI-generated for Forge platform,,,,,,,,,,,,
DEF-0303,Defence Equipment,Submarines,Medium,MCQ,"Kalvari-class submarines, built with French collaboration, are also known by which alternate name reflecting their design origin?",Type 209 class,Akula class,Kilo class,Scorpene class,D,"The Scorpene design forms the basis for the Kalvari-class submarines built at Mazagon Dock under technology transfer from Naval Group, France.",Multiple submarines in this class have been progressively commissioned into Indian Navy service.,15,45,"{""Defence Equipment"",""Submarines""}",NDA/CDS/AFCAT,AI-generated for Forge platform,,,,,,,,,,,,
DEF-0304,Defence Equipment,Aircraft,Medium,MCQ,"Tejas, India's indigenous light combat aircraft, is developed and manufactured by which organisation?",Hindustan Aeronautics Limited (HAL),"DRDO exclusively, with no HAL involvement",Bharat Electronics Limited,Bharat Dynamics Limited,A,"HAL manufactures the Tejas, though DRDO and other agencies were deeply involved in its design and development.",Tejas has been inducted into IAF squadrons and is also being marketed for export to other countries.,15,45,"{""Defence Equipment"",""Aircraft""}",NDA/CDS/AFCAT,AI-generated for Forge platform,,,,,,,,,,,,
DEF-0305,Defence Equipment,Aircraft,Medium,MCQ,"Su-30MKI, one of the IAF's most capable fighters, is often noted for having which distinctive design feature compared to standard Su-30 variants?",A fully stealth airframe,Thrust-vectoring engines for extreme manoeuvrability,"No radar system, relying only on visual detection",An entirely wooden airframe,B,"The Su-30MKI's thrust-vectoring engines allow for exceptional agility, a feature showcased in international air shows.",It was extensively customised for Indian requirements compared to the baseline Russian Su-30 design.,15,45,"{""Defence Equipment"",""Aircraft""}",NDA/CDS/AFCAT,AI-generated for Forge platform,,,,,,,,,,,,
DEF-0306,Defence Equipment,Helicopters,Medium,MCQ,"LCH Prachand, an indigenously developed helicopter, is primarily designed for which combat role?",VIP transport,Heavy-lift cargo transport,Light combat/attack helicopter,Maritime patrol,C,"LCH Prachand was developed with high-altitude operations in mind, particularly for regions like Siachen and Ladakh.","Prachand' means 'fierce' in Hindi, reflecting its combat role.",15,45,"{""Defence Equipment"",""Helicopters""}",NDA/CDS/AFCAT,AI-generated for Forge platform,,,,,,,,,,,,
DEF-0307,Defence Equipment,UAVs,Medium,MCQ,"Rustom-II (also called TAPAS-BH-201), an indigenous UAV programme, is designed for which primary role?",VIP transport,Air-to-air combat,Heavy cargo transport,Medium-altitude long-endurance surveillance,D,Rustom-II aims to give India an indigenous alternative to imported surveillance drones like the Heron.,The programme has undergone extensive testing and development over several years.,15,45,"{""Defence Equipment"",""UAVs""}",NDA/CDS/AFCAT,AI-generated for Forge platform,,,,,,,,,,,,
DEF-0308,Defence Equipment,UAVs,Medium,MCQ,Which armed combat drone has India acquired from the United States in recent years for the Navy?,MQ-9B Predator/Sea Guardian variants,Rustom-I,Nishant,Lakshya,A,India has moved to acquire armed and unarmed variants of the MQ-9B for surveillance and strike roles across services.,This acquisition significantly expands India's long-endurance drone surveillance capability.,15,45,"{""Defence Equipment"",""UAVs""}",NDA/CDS/AFCAT,AI-generated for Forge platform,,,,,,,,,,,,
DEF-0309,Defence Equipment,Ships,Medium,MCQ,"INS Vikrant (the current carrier), commissioned in 2022, has an approximate displacement placing it in which category of aircraft carrier?",A small patrol boat class (under 500 tonnes),"A medium-sized fleet carrier (around 45,000 tonnes)","A supercarrier exceeding 100,000 tonnes","A submarine, not a surface carrier",B,"At around 45,000 tonnes displacement, INS Vikrant is considered a medium-sized fleet carrier by global standards.",Its construction marked India as one of the few nations capable of designing and building a carrier of this size domestically.,15,45,"{""Defence Equipment"",""Ships""}",NDA/CDS/AFCAT,AI-generated for Forge platform,,,,,,,,,,,,
DEF-0310,Defence Equipment,Missiles,Medium,MCQ,"Which Indian missile is specifically designed for submarine-launched intercontinental-range nuclear deterrence, longer-ranged than K-15?",Prithvi,Agni-I,K-4,Akash,C,K-4 significantly extends the range of India's submarine-launched missile capability compared to the shorter-range K-15.,It is intended for use aboard India's Arihant-class ballistic missile submarines.,15,45,"{""Defence Equipment"",""Missiles""}",NDA/CDS/AFCAT,AI-generated for Forge platform,,,,,,,,,,,,
DEF-0311,Defence Equipment,Small Arms,Medium,MCQ,"INSAS, an older standard-issue rifle of the Indian Army, has been progressively replaced in frontline units by which imported rifle?",FN FAL,AK-47 (original Soviet version),M16,SIG Sauer SIG716,D,The Indian Army has procured SIG Sauer rifles from the United States to address gaps while indigenous alternatives are developed.,India has also been developing its own next-generation assault rifle programmes domestically.,15,45,"{""Defence Equipment"",""Small Arms""}",NDA/CDS/AFCAT,AI-generated for Forge platform,,,,,,,,,,,,
DEF-0312,Defence Equipment,Small Arms,Medium,MCQ,"AK-203, being manufactured in India under a joint venture, is based on which weapon family?",The AK-47/Kalashnikov family,The FN FAL family,The M16/AR-15 family,The INSAS family,A,"AK-203 rifles are being manufactured at a facility in Amethi, Uttar Pradesh, under an India-Russia joint venture.",This programme aims to modernise infantry small arms while boosting domestic manufacturing capability.,15,45,"{""Defence Equipment"",""Small Arms""}",NDA/CDS/AFCAT,AI-generated for Forge platform,,,,,,,,,,,,
DEF-0313,Defence Equipment,Aircraft Carriers,Medium,MCQ,Which shipyard built India's indigenous aircraft carrier INS Vikrant?,Mazagon Dock Limited,Cochin Shipyard Limited,Garden Reach Shipbuilders,Goa Shipyard Limited,B,"Cochin Shipyard in Kerala built INS Vikrant, marking a major milestone for India's shipbuilding industry.",The project involved coordination among numerous domestic industries supplying components and systems.,15,45,"{""Defence Equipment"",""Aircraft Carriers""}",NDA/CDS/AFCAT,AI-generated for Forge platform,,,,,,,,,,,,
DEF-0314,Defence Equipment,Radar & Sensors,Medium,MCQ,"Swordfish, an indigenous long-range tracking radar, is primarily used as part of which system?",A naval sonar system,The Tejas fighter's onboard radar,India's Ballistic Missile Defence programme,A submarine periscope system,C,"Swordfish provides early detection and tracking of incoming ballistic missile threats, feeding data to interceptor systems.","It was developed with technical assistance related to Israeli radar technology, later indigenised further.",15,45,"{""Defence Equipment"",""Radar & Sensors""}",NDA/CDS/AFCAT,AI-generated for Forge platform,,,,,,,,,,,,
DEF-0315,Defence Equipment,Torpedoes,Medium,MCQ,"Varunastra, an indigenously developed heavyweight torpedo, is primarily used by the Indian Navy for which role?",Mine clearance,Anti-aircraft defence,Coastal artillery support,Anti-submarine warfare,D,Varunastra can be launched from surface ships to engage and destroy enemy submarines.,Its development reduced the Navy's reliance on imported heavyweight torpedoes for this critical role.,15,45,"{""Defence Equipment"",""Torpedoes""}",NDA/CDS/AFCAT,AI-generated for Forge platform,,,,,,,,,,,,
DEF-0316,Defence Equipment,Missiles,Medium,MCQ,Which Indian missile system provides quick-reaction short-range air defence for forward Army units?,QRSAM (Quick Reaction Surface to Air Missile),Agni-V,BrahMos,K-4,A,QRSAM is designed to protect mobile army formations from aerial threats while on the move.,It complements longer-range systems like Akash in providing layered air defence for ground forces.,15,45,"{""Defence Equipment"",""Missiles""}",NDA/CDS/AFCAT,AI-generated for Forge platform,,,,,,,,,,,,
DEF-0317,Defence Equipment,Tanks,Medium,MCQ,Which Indian Army tank destroyer/anti-tank platform uses the indigenous Nag missile in a dedicated vehicle-mounted form?,BMP-2 Sarath,NAMICA (Nag Missile Carrier),T-90 Bhishma,Arjun MBT,B,NAMICA is a specialised tracked vehicle designed to carry and launch Nag anti-tank guided missiles.,It gives infantry formations organic anti-armour capability independent of dedicated tank units.,15,45,"{""Defence Equipment"",""Tanks""}",NDA/CDS/AFCAT,AI-generated for Forge platform,,,,,,,,,,,,
DEF-0318,Defence Equipment,Ships,Medium,MCQ,Which class of Indian Navy stealth frigates is currently among the most advanced indigenously designed warships in service?,"Leander class, an older British-derived design","Godavari class, an older 1980s design","Nilgiri class (Project 17A), building on the earlier Shivalik class","Rajput class, focused on destroyers not frigates",C,Project 17A frigates incorporate further stealth and design improvements over the earlier Shivalik-class ships.,These frigates continue India's trend of increasing indigenous content in major warship construction.,15,45,"{""Defence Equipment"",""Ships""}",NDA/CDS/AFCAT,AI-generated for Forge platform,,,,,,,,,,,,
DEF-0319,Defence Equipment,Aircraft,Medium,MCQ,"Which Indian Air Force trainer aircraft, used for advanced jet training, is manufactured under licence from BAE Systems?",Tejas,Pilatus PC-7,Kiran,Hawk Mk 132,D,The Hawk trainer bridges the gap between basic training aircraft and frontline fighters for IAF pilots.,It is also used by the Surya Kiran aerobatic display team for its performances.,15,45,"{""Defence Equipment"",""Aircraft""}",NDA/CDS/AFCAT,AI-generated for Forge platform,,,,,,,,,,,,
DEF-0320,Defence Equipment,Missiles,Medium,MCQ,"Agni-Prime, a newer addition to the Agni missile family, is notable for being what kind of upgrade?","A more compact, canisterised, and accurate variant compared to earlier Agni missiles",A purely defensive interceptor missile,An unguided artillery rocket,A very short-range trench mortar system,A,"Agni-Prime incorporates modern technologies to improve accuracy, mobility, and survivability compared to older-generation Agni missiles.","Its canisterised design allows for easier storage, transport, and rapid launch readiness.",15,45,"{""Defence Equipment"",""Missiles""}",NDA/CDS/AFCAT,AI-generated for Forge platform,,,,,,,,,,,,
DEF-0321,Defence Equipment,Ships,Medium,MCQ,Which vessel type does the Indian Coast Guard primarily operate for offshore patrol and surveillance duties?,Aircraft carriers,Offshore Patrol Vessels (OPVs),Ballistic missile submarines,Fleet replenishment tankers,B,"The Coast Guard's OPVs conduct patrols to protect India's Exclusive Economic Zone and combat smuggling, piracy, and illegal fishing.",The Coast Guard operates a mix of ships and aircraft distinct from the Navy's primarily combat-focused fleet.,15,45,"{""Defence Equipment"",""Ships""}",NDA/CDS/AFCAT,AI-generated for Forge platform,,,,,,,,,,,,
DEF-0322,Defence Equipment,Weapons,Medium,MCQ,"Which anti-tank guided missile, developed with Israeli collaboration, provides man-portable anti-armour capability to Indian infantry?",Akash,BrahMos,Spike (acquired/being considered alongside indigenous Nag variants),Agni-I,C,India has explored the Israeli Spike missile system to provide infantry units with man-portable anti-tank capability.,Indigenous alternatives like a man-portable Nag variant have also been developed in parallel.,15,45,"{""Defence Equipment"",""Weapons""}",NDA/CDS/AFCAT,AI-generated for Forge platform,,,,,,,,,,,,
DEF-0323,Defence Equipment,Ships,Medium,MCQ,INS Vikramaditya's air wing primarily operates which fighter aircraft from its deck?,Rafale,Su-30MKI,Tejas,MiG-29K,D,"MiG-29K fighters, along with helicopters, form the core of INS Vikramaditya's carrier air wing.",The Navy has also examined newer options as it plans for the future composition of its carrier air wings.,15,45,"{""Defence Equipment"",""Ships""}",NDA/CDS/AFCAT,AI-generated for Forge platform,,,,,,,,,,,,
DEF-0324,Defence Equipment,Aircraft,Medium,MCQ,"Which twin-engine, all-weather fighter jet has served as a key element of the IAF's deep strike capability for decades, alongside the Jaguar?",Mirage 2000,Tejas,MiG-21,"Alouette III (a helicopter, not a fighter jet)",A,The Mirage 2000 has remained a highly capable multirole fighter for the IAF since its induction in the 1980s.,It has undergone several rounds of upgrades to keep pace with evolving threats and technology.,15,45,"{""Defence Equipment"",""Aircraft""}",NDA/CDS/AFCAT,AI-generated for Forge platform,,,,,,,,,,,,
DEF-0325,Defence Equipment,Submarines,Medium,MCQ,"INS Arihant, India's first indigenous nuclear-powered submarine, primarily carries which type of missile?",Only anti-ship cruise missiles,Submarine-launched ballistic missiles (like K-15),"Only torpedoes, with no missile armament",Only surface-to-air missiles,B,"Arihant's primary role is nuclear deterrence, carrying ballistic missiles for a credible second-strike capability.",It represents the culmination of decades of work under India's classified Advanced Technology Vessel programme.,15,45,"{""Defence Equipment"",""Submarines""}",NDA/CDS/AFCAT,AI-generated for Forge platform,,,,,,,,,,,,
DEF-0326,Defence Equipment,Radar & Sensors,Medium,MCQ,AWACS and AEW&C aircraft primarily provide which capability to the Indian Air Force?,Heavy troop transport,Ground-attack strike capability,Airborne early warning and battle management,Aerial refuelling,C,"These aircraft use powerful radar systems to detect and track threats at long range, feeding data to other assets in real time.",They significantly extend the IAF's situational awareness beyond what ground-based radar alone can achieve.,15,45,"{""Defence Equipment"",""Radar & Sensors""}",NDA/CDS/AFCAT,AI-generated for Forge platform,,,,,,,,,,,,
DEF-0327,Defence Equipment,Missiles,Medium,MCQ,Which is the longest-range missile currently in India's operational Agni series?,Agni-III,Agni-I,Agni-II,Agni-V,D,"Agni-V, with a range exceeding 5,000 km, is the most advanced and longest-ranged missile in the currently fielded Agni series.",Its development has been a key milestone in establishing India's long-range strategic deterrence capability.,15,45,"{""Defence Equipment"",""Missiles""}",NDA/CDS/AFCAT,AI-generated for Forge platform,,,,,,,,,,,,
DEF-0328,Defence Equipment,Aerial Refuelling,Medium,MCQ,The IAF's IL-78 aircraft primarily perform which support function for fighter jets?,Aerial refuelling,Airborne early warning,Heavy troop transport,Electronic warfare jamming,A,IL-78 tankers extend the operational range of IAF fighters by refuelling them mid-flight.,This capability is critical for extending strike range and enabling longer patrol missions.,15,45,"{""Defence Equipment"",""Aerial Refuelling""}",NDA/CDS/AFCAT,AI-generated for Forge platform,,,,,,,,,,,,
DEF-0329,Defence Equipment,Ships,Medium,MCQ,Which Indian Navy vessel type is specifically designed to locate and destroy naval mines?,Aircraft carriers,Minesweeper/minehunter vessels,Ballistic missile submarines,Fleet tankers,B,Minesweepers and minehunters help keep sea lanes and harbours safe from naval mine threats.,India has sought to modernise this capability as part of broader naval fleet expansion plans.,15,45,"{""Defence Equipment"",""Ships""}",NDA/CDS/AFCAT,AI-generated for Forge platform,,,,,,,,,,,,
DEF-0330,Defence Equipment,Weapons,Medium,MCQ,Which indigenous close-quarter carbine has been developed to replace older weapons like the 9mm carbine in Indian forces?,Akash,BrahMos,"Modern Sub Machine Carbine (MSMC), part of ongoing indigenous small arms efforts",Astra,C,India has pursued multiple indigenous small arms programmes to modernise its infantry weapons inventory.,These efforts aim to reduce reliance on imported small arms over the long term.,15,45,"{""Defence Equipment"",""Weapons""}",NDA/CDS/AFCAT,AI-generated for Forge platform,,,,,,,,,,,,
DEF-0331,Defence Equipment,Aircraft,Medium,MCQ,"Which UAV, developed indigenously by DRDO, is primarily used as a target drone for training anti-aircraft gunners and missile crews?",Tapas,Nishant,Rustom,Lakshya,D,Lakshya serves as an aerial target for live-fire training exercises rather than for surveillance or combat.,This helps forces practice engaging aerial threats in realistic training conditions.,15,45,"{""Defence Equipment"",""Aircraft""}",NDA/CDS/AFCAT,AI-generated for Forge platform,,,,,,,,,,,,
DEF-0332,Defence Equipment,Ships,Medium,MCQ,Which class of Indian Navy landing platform dock (LPD) vessels supports amphibious operations and disaster relief?,INS Jalashwa is a key example of this vessel type,"INS Vikrant, an aircraft carrier not an LPD","INS Arihant, a submarine not an LPD","INS Kolkata, a destroyer not an LPD",A,"Landing platform dock vessels like INS Jalashwa can transport troops, vehicles, and helicopters for amphibious and humanitarian missions.","Such vessels have been used in disaster relief operations, including responses to cyclones and other emergencies.",15,45,"{""Defence Equipment"",""Ships""}",NDA/CDS/AFCAT,AI-generated for Forge platform,,,,,,,,,,,,
DEF-0333,Defence Equipment,Missiles,Medium,MCQ,"Which surface-to-air missile system, developed jointly with Israel, provides long-range air defence for the Indian Navy's larger warships?",Akash,Barak-8 (LR-SAM),Nag,Prithvi,B,The Barak-8 Long Range Surface to Air Missile gives major warships extended air defence range against aerial threats.,It complements shorter-range point-defence systems for layered ship protection.,15,45,"{""Defence Equipment"",""Missiles""}",NDA/CDS/AFCAT,AI-generated for Forge platform,,,,,,,,,,,,
DEF-0334,Defence Equipment,Aircraft,Medium,MCQ,"Which Indian Air Force aircraft type is specifically used for VVIP transport, including for the President and Prime Minister?",Tejas,Su-30MKI,Boeing 777 (Air India One),An-32,C,"Specially configured Boeing 777 aircraft, often referred to as 'Air India One' when carrying top leaders, provide VVIP transport with advanced security features.",These aircraft include defensive countermeasure systems not found on standard commercial variants.,15,45,"{""Defence Equipment"",""Aircraft""}",NDA/CDS/AFCAT,AI-generated for Forge platform,,,,,,,,,,,,
DEF-0335,Defence Equipment,Tanks,Medium,MCQ,"Which lightweight tank has been developed by India for high-altitude deployment in areas like Ladakh, where heavier tanks struggle?",T-72,Arjun,T-90 Bhishma,Zorawar,D,Zorawar was developed specifically to give the Army an agile armoured option suited to extreme high-altitude terrain.,Its lighter weight allows for easier transport and deployment compared to India's heavier main battle tanks.,15,45,"{""Defence Equipment"",""Tanks""}",NDA/CDS/AFCAT,AI-generated for Forge platform,,,,,,,,,,,,
DEF-0336,Defence Equipment,Missiles,Medium,MCQ,"Which very short-range air defence missile, man-portable and shoulder-fired, has India inducted or developed for point protection against low-flying aircraft?","VSHORADS (Very Short Range Air Defence System), an indigenous programme",Agni-V,BrahMos,K-4,A,"VSHORADS provides infantry units with a portable means of engaging low-flying aircraft, helicopters, and drones.","Such systems are especially valuable for protecting forward troops without relying on larger, less mobile air defence systems.",15,45,"{""Defence Equipment"",""Missiles""}",NDA/CDS/AFCAT,AI-generated for Forge platform,,,,,,,,,,,,
DEF-0337,Defence Equipment,Ships,Medium,MCQ,Which Indian Navy vessel class is specifically designed for anti-submarine warfare in shallow coastal waters?,Kolkata class (destroyers),Kamorta class (ASW corvettes),"Shivalik class (frigates, though also multi-role)",Vikrant class (aircraft carriers),B,Kamorta-class corvettes are optimised for detecting and engaging submarines in the challenging acoustic conditions of shallow coastal waters.,Each ship in this class is named after an island in the Andaman and Nicobar archipelago.,15,45,"{""Defence Equipment"",""Ships""}",NDA/CDS/AFCAT,AI-generated for Forge platform,,,,,,,,,,,,
DEF-0338,Defence Equipment,Weapons,Medium,MCQ,Which type of ammunition or weapon system is specifically associated with 'anti-materiel rifles' used by Indian special forces and snipers?,Hand grenades,Standard-issue assault rifles,"High-calibre precision rifles designed to destroy equipment and light armour, like the .50 calibre class",Man-portable air-defence missiles,C,"Anti-materiel rifles are designed to disable equipment, vehicles, and fortified positions from extreme range, distinct from standard sniper rifles used against personnel.",India has both imported and pursued indigenous options in this weapon category for specialised units.,15,45,"{""Defence Equipment"",""Weapons""}",NDA/CDS/AFCAT,AI-generated for Forge platform,,,,,,,,,,,,
DEF-0339,Defence Equipment,Aircraft,Medium,MCQ,"Which older but still notable Indian Air Force fighter, the MiG-27, was primarily used in which combat role before retirement?",Maritime patrol,Air superiority dogfighting,Airborne early warning,Ground attack/strike,D,"The MiG-27 was optimised for ground-attack missions, providing close air support and strike capability for many years.","It was retired from IAF service as newer, more capable aircraft took over its role.",15,45,"{""Defence Equipment"",""Aircraft""}",NDA/CDS/AFCAT,AI-generated for Forge platform,,,,,,,,,,,,
DEF-0340,Defence Equipment,Missiles,Medium,MCQ,"Which Indian cruise missile programme, distinct from BrahMos, focuses on a subsonic long-range strike capability?",Nirbhay,Agni-V,Akash,QRSAM,A,"Nirbhay is designed as a long-range subsonic cruise missile, complementing the supersonic BrahMos in India's strike arsenal.",Its longer range and different flight profile provide additional strategic and tactical options.,15,45,"{""Defence Equipment"",""Missiles""}",NDA/CDS/AFCAT,AI-generated for Forge platform,,,,,,,,,,,,
DEF-0341,DRDO & Defence Technology,DRDO,Easy,MCQ,"DRDO, the primary body behind India's indigenous defence technology, stands for?",Directorate of Research and Defence Operations,Defence Research and Development Organisation,Defence Research and Deployment Organisation,Department of Research and Defence Ordnance,B,"DRDO develops technology across missiles, aircraft, armoured vehicles, and electronic warfare systems for India's armed forces.","It operates dozens of laboratories across the country, each specialising in different technology domains.",10,45,"{""DRDO & Defence Technology"",""DRDO""}",NDA/CDS/AFCAT,AI-generated for Forge platform,,,,,,,,,,,,
DEF-0342,DRDO & Defence Technology,DRDO,Medium,MCQ,DRDO was formed in 1958 through the merger of which two earlier organisations?,Only the Indian Institute of Science's defence wing,Only the Ordnance Factories Board,The Defence Science Organisation and the Technical Development Establishments,Two private defence contractors,C,This merger consolidated India's fragmented defence research efforts under a single coordinating body.,DRDO has since grown to become one of the largest defence research networks in the world.,15,45,"{""DRDO & Defence Technology"",""DRDO""}",NDA/CDS/AFCAT,AI-generated for Forge platform,,,,,,,,,,,,
DEF-0343,DRDO & Defence Technology,DRDO,Medium,MCQ,Which DRDO programme led to the development of the Agni missile series?,Strategic Rocket Development Initiative,Integrated Space Research Programme,National Missile Shield Programme,Integrated Guided Missile Development Programme (IGMDP),D,"IGMDP, launched in the 1980s, aimed to make India self-reliant in missile technology across multiple categories.","The programme produced not just Agni but also Prithvi, Akash, Trishul, and Nag missiles.",15,45,"{""DRDO & Defence Technology"",""DRDO""}",NDA/CDS/AFCAT,AI-generated for Forge platform,,,,,,,,,,,,
DEF-0344,DRDO & Defence Technology,DRDO,Medium,MCQ,"Dr. APJ Abdul Kalam, later President of India, played a key leadership role in which DRDO-related programme?",India's missile development programme,India's naval shipbuilding programme,India's submarine reactor programme,India's fighter jet engine programme,A,Kalam's work on missile technology earned him the nickname 'Missile Man of India'.,"He later became India's 11th President, serving from 2002 to 2007.",15,45,"{""DRDO & Defence Technology"",""DRDO""}",NDA/CDS/AFCAT,AI-generated for Forge platform,,,,,,,,,,,,
DEF-0345,DRDO & Defence Technology,Defence PSUs,Medium,MCQ,Hindustan Aeronautics Limited (HAL) primarily specialises in manufacturing which type of equipment?,Warships and submarines,Aircraft and helicopters,Small arms and ammunition,Tanks and armoured vehicles,B,"HAL manufactures and maintains a wide range of military aircraft and helicopters, including licence-built and indigenous designs.",It is one of Asia's oldest and largest aerospace companies.,15,45,"{""DRDO & Defence Technology"",""Defence PSUs""}",NDA/CDS/AFCAT,AI-generated for Forge platform,,,,,,,,,,,,
DEF-0346,DRDO & Defence Technology,Defence PSUs,Medium,MCQ,Bharat Electronics Limited (BEL) primarily specialises in producing which type of defence equipment?,Aircraft engines,Warships,"Electronics, radar, and communication systems",Tanks,C,"BEL supplies critical radar, sonar, and communication systems used across the Army, Navy, and Air Force.",It plays a key role in India's efforts to indigenise defence electronics.,15,45,"{""DRDO & Defence Technology"",""Defence PSUs""}",NDA/CDS/AFCAT,AI-generated for Forge platform,,,,,,,,,,,,
DEF-0347,DRDO & Defence Technology,Defence PSUs,Medium,MCQ,Bharat Dynamics Limited (BDL) primarily manufactures which type of defence products?,Small arms,Fighter aircraft,Warships,Guided missiles,D,BDL produces missiles like Akash and anti-tank guided missiles for India's armed forces.,It plays a central role in translating DRDO's missile designs into mass-produced operational weapons.,15,45,"{""DRDO & Defence Technology"",""Defence PSUs""}",NDA/CDS/AFCAT,AI-generated for Forge platform,,,,,,,,,,,,
DEF-0348,DRDO & Defence Technology,Defence PSUs,Medium,MCQ,"Mazagon Dock Shipbuilders Limited, based in Mumbai, primarily builds which type of vessels?",Warships and submarines,Fighter aircraft,Tanks,Missiles,A,"Mazagon Dock has built several major classes of Indian Navy destroyers, frigates, and submarines.",It has played a key role in constructing the Kalvari-class (Scorpene) submarines under French collaboration.,15,45,"{""DRDO & Defence Technology"",""Defence PSUs""}",NDA/CDS/AFCAT,AI-generated for Forge platform,,,,,,,,,,,,
DEF-0349,DRDO & Defence Technology,Defence PSUs,Medium,MCQ,"Which defence public sector shipyard, based in Kolkata, is a major builder of Indian Navy frigates and corvettes?",Cochin Shipyard Limited,Garden Reach Shipbuilders and Engineers (GRSE),Goa Shipyard Limited,Mazagon Dock Limited,B,"GRSE has built numerous frigates, corvettes, and support vessels for the Indian Navy over the decades.","It is one of India's oldest defence shipyards, with a history stretching back over a century.",15,45,"{""DRDO & Defence Technology"",""Defence PSUs""}",NDA/CDS/AFCAT,AI-generated for Forge platform,,,,,,,,,,,,
DEF-0350,DRDO & Defence Technology,Policy,Medium,MCQ,Atmanirbhar Bharat' in the defence sector primarily refers to which government push?,Privatising all defence PSUs immediately,Increasing defence imports from allied nations,Self-reliance in defence manufacturing and reduced import dependence,Reducing the size of the armed forces,C,"The initiative encourages domestic design, development, and manufacturing of defence equipment to reduce reliance on imports.",It includes measures like 'positive indigenisation lists' specifying items that can no longer be imported.,15,45,"{""DRDO & Defence Technology"",""Policy""}",NDA/CDS/AFCAT,AI-generated for Forge platform,,,,,,,,,,,,
DEF-0351,DRDO & Defence Technology,Policy,Medium,MCQ,The Defence Acquisition Procedure (DAP) primarily governs which aspect of India's defence sector?,Pension calculations for veterans,Recruitment of soldiers,Officer promotion criteria,Procurement processes for defence equipment,D,"DAP lays down the rules and categories (like 'Buy Indian', 'Buy and Make') for how the armed forces acquire equipment.","It is periodically revised to reflect evolving priorities, including a greater push for indigenisation.",15,45,"{""DRDO & Defence Technology"",""Policy""}",NDA/CDS/AFCAT,AI-generated for Forge platform,,,,,,,,,,,,
DEF-0352,DRDO & Defence Technology,Policy,Medium,MCQ,Make in India' initiatives in the defence sector aim to encourage what specifically?,"Domestic manufacturing of defence equipment, including by private industry",Only government-run defence PSU production,Complete elimination of all defence imports immediately,Exporting India's entire existing defence stockpile,A,The initiative opened up defence manufacturing to greater private sector participation alongside traditional public sector production.,It aims to build a robust domestic defence industrial base over the long term.,15,45,"{""DRDO & Defence Technology"",""Policy""}",NDA/CDS/AFCAT,AI-generated for Forge platform,,,,,,,,,,,,
DEF-0353,DRDO & Defence Technology,Space & Defence,Medium,MCQ,Mission Shakti (2019) demonstrated India's capability in which technological domain?,Submarine-launched missile technology,Anti-satellite (ASAT) missile technology,Stealth aircraft technology,Cyber warfare technology,B,"Mission Shakti saw India successfully destroy one of its own satellites in orbit, demonstrating ASAT capability.","This made India the fourth country in the world to demonstrate this capability, after the US, Russia, and China.",15,45,"{""DRDO & Defence Technology"",""Space & Defence""}",NDA/CDS/AFCAT,AI-generated for Forge platform,,,,,,,,,,,,
DEF-0354,DRDO & Defence Technology,Space & Defence,Medium,MCQ,"The Defence Space Agency, established to coordinate India's military space capabilities, works closely with which other agency?",Only the Ministry of External Affairs,"Only DRDO, with no ISRO involvement",ISRO (Indian Space Research Organisation),Only private telecom companies,C,"The Defence Space Agency coordinates military applications of space technology, often in coordination with ISRO's launch and satellite capabilities.",This reflects the increasing overlap between civilian space technology and military applications worldwide.,15,45,"{""DRDO & Defence Technology"",""Space & Defence""}",NDA/CDS/AFCAT,AI-generated for Forge platform,,,,,,,,,,,,
DEF-0355,DRDO & Defence Technology,Cyber & Electronic Warfare,Medium,MCQ,"The Defence Cyber Agency, one of India's tri-service agencies, is primarily responsible for what?",Running defence public relations campaigns,Building physical border fences,Managing veteran pensions,Coordinating cyber security and cyber warfare capabilities across the armed forces,D,This agency was established to address the growing importance of cyber capabilities in modern conflict.,It works alongside the Defence Space Agency and Special Operations Division as part of India's push toward integrated theatre commands.,15,45,"{""DRDO & Defence Technology"",""Cyber & Electronic Warfare""}",NDA/CDS/AFCAT,AI-generated for Forge platform,,,,,,,,,,,,
DEF-0356,DRDO & Defence Technology,Nuclear Policy,Medium,MCQ,India's declared nuclear doctrine is generally described using which key principle?,No First Use (NFU),First strike priority,Total nuclear disarmament with no deterrent,Automatic retaliation without political authorisation,A,"India's doctrine states it will not be the first to use nuclear weapons, but will respond with massive retaliation if attacked with them.",This doctrine has been a subject of ongoing policy discussion regarding its scope and application.,15,45,"{""DRDO & Defence Technology"",""Nuclear Policy""}",NDA/CDS/AFCAT,AI-generated for Forge platform,,,,,,,,,,,,
DEF-0357,DRDO & Defence Technology,Nuclear Policy,Medium,MCQ,"The Nuclear Command Authority, responsible for India's nuclear weapons decisions, is headed politically by whom?",The Chief of Defence Staff,The Prime Minister,The President,The Defence Minister,B,"The Nuclear Command Authority ensures civilian political control over India's nuclear arsenal, with the Prime Minister as the final decision-making authority.",This structure reflects India's emphasis on strict civilian oversight of nuclear weapons.,15,45,"{""DRDO & Defence Technology"",""Nuclear Policy""}",NDA/CDS/AFCAT,AI-generated for Forge platform,,,,,,,,,,,,
DEF-0358,DRDO & Defence Technology,Testing,Medium,MCQ,"Pokhran, the site of India's nuclear tests in 1974 and 1998, is located in which state?",Madhya Pradesh,Gujarat,Rajasthan,Punjab,C,Pokhran's remote desert location made it suitable for underground nuclear testing.,"The 1998 tests, known as Pokhran-II, confirmed India's status as a nuclear weapons state.",15,45,"{""DRDO & Defence Technology"",""Testing""}",NDA/CDS/AFCAT,AI-generated for Forge platform,,,,,,,,,,,,
DEF-0359,DRDO & Defence Technology,Testing,Medium,MCQ,India's first nuclear test in 1974 was code-named?,Agni Pariksha,Shakti,"Pokhran-I officially, though also known by another codename referenced here",Smiling Buddha,D,Smiling Buddha was described by India at the time as a 'peaceful nuclear explosion'.,This test made India the sixth country in the world to conduct a nuclear test.,15,45,"{""DRDO & Defence Technology"",""Testing""}",NDA/CDS/AFCAT,AI-generated for Forge platform,,,,,,,,,,,,
DEF-0360,DRDO & Defence Technology,Testing,Medium,MCQ,India's 1998 nuclear tests were code-named?,Operation Shakti,Smiling Buddha,Operation Trident,Operation Agni,A,Operation Shakti comprised a series of five nuclear tests conducted at Pokhran in May 1998.,These tests led to international sanctions but also cemented India's status as a nuclear weapons power.,15,45,"{""DRDO & Defence Technology"",""Testing""}",NDA/CDS/AFCAT,AI-generated for Forge platform,,,,,,,,,,,,
DEF-0361,DRDO & Defence Technology,Missile Defence,Medium,MCQ,India's Ballistic Missile Defence (BMD) programme is designed to intercept threats at which stages?,Only after impact on the ground,Both exo-atmospheric and endo-atmospheric stages,Only during the missile's initial launch phase,"Only in outer space, far beyond Earth's atmosphere",B,The two-tier system uses different interceptors (PDV and AAD) for engagement at different altitudes.,This layered approach increases the probability of successfully intercepting an incoming missile.,15,45,"{""DRDO & Defence Technology"",""Missile Defence""}",NDA/CDS/AFCAT,AI-generated for Forge platform,,,,,,,,,,,,
DEF-0362,DRDO & Defence Technology,DRDO Labs,Medium,MCQ,Which DRDO laboratory is primarily responsible for developing torpedoes and underwater weapons?,Vehicles Research and Development Establishment,Aeronautical Development Establishment,Naval Science and Technological Laboratory (NSTL),Solid State Physics Laboratory,C,"NSTL, based in Visakhapatnam, focuses on underwater weapon systems including torpedoes like Varunastra.",Different DRDO labs specialise in distinct technology domains across the services.,15,45,"{""DRDO & Defence Technology"",""DRDO Labs""}",NDA/CDS/AFCAT,AI-generated for Forge platform,,,,,,,,,,,,
DEF-0363,DRDO & Defence Technology,DRDO Labs,Medium,MCQ,Which DRDO establishment is primarily responsible for developing military aircraft designs like Tejas?,Solid State Physics Laboratory,Naval Science and Technological Laboratory,Vehicles Research and Development Establishment,Aeronautical Development Agency (ADA),D,ADA coordinates the design and development of India's indigenous fighter aircraft programmes.,"It works closely with HAL, which handles manufacturing once designs are finalised.",15,45,"{""DRDO & Defence Technology"",""DRDO Labs""}",NDA/CDS/AFCAT,AI-generated for Forge platform,,,,,,,,,,,,
DEF-0364,DRDO & Defence Technology,DRDO Labs,Medium,MCQ,Which DRDO establishment focuses on research related to armoured vehicles like the Arjun tank?,Combat Vehicles Research and Development Establishment (CVRDE),Naval Science and Technological Laboratory,Aeronautical Development Establishment,Terminal Ballistics Research Laboratory,A,"CVRDE, based in Chennai, has been central to developing India's indigenous tank and armoured vehicle programmes.",It has worked on successive generations of the Arjun tank and related technology.,15,45,"{""DRDO & Defence Technology"",""DRDO Labs""}",NDA/CDS/AFCAT,AI-generated for Forge platform,,,,,,,,,,,,
DEF-0365,DRDO & Defence Technology,Space & Defence,Medium,MCQ,"GSAT satellites, some of which serve military communication needs, are launched by which Indian agency?",DRDO exclusively,ISRO,The Indian Air Force independently,A private company with no government involvement,B,"ISRO develops and launches communication satellites, some of which are used for secure defence communication.",Dedicated military satellites have also been launched to support specific armed forces communication needs.,15,45,"{""DRDO & Defence Technology"",""Space & Defence""}",NDA/CDS/AFCAT,AI-generated for Forge platform,,,,,,,,,,,,
DEF-0366,DRDO & Defence Technology,History,Medium,MCQ,"The DRDO's precursor bodies were formed shortly after India's independence, primarily to address which need?",Running civilian scientific research unrelated to defence,Managing colonial-era pensions,Reducing dependence on imported defence technology,"Managing India's space programme, which was unrelated at the time",C,Early defence science efforts sought to build indigenous capability rather than relying entirely on foreign suppliers.,"This early focus eventually grew into the large, multi-laboratory DRDO structure that exists today.",15,45,"{""DRDO & Defence Technology"",""History""}",NDA/CDS/AFCAT,AI-generated for Forge platform,,,,,,,,,,,,
DEF-0367,DRDO & Defence Technology,Weapons Testing,Medium,MCQ,"Interim Test Range and Integrated Test Range facilities, used for missile testing, are notably located in which state?",Uttar Pradesh,Rajasthan,Kerala,Odisha (Chandipur/Wheeler Island area),D,India's coastal missile testing ranges in Odisha allow for tracking missiles over the Bay of Bengal.,"Many of India's key missile tests, including Agni series launches, have taken place from this region.",15,45,"{""DRDO & Defence Technology"",""Weapons Testing""}",NDA/CDS/AFCAT,AI-generated for Forge platform,,,,,,,,,,,,
DEF-0368,DRDO & Defence Technology,Aerospace,Medium,MCQ,"The National Aerospace Laboratories (NAL), distinct from DRDO, primarily focuses on which area?","Civil aeronautical research, though with some overlap with defence needs",Submarine reactor design,Small arms development,Naval shipbuilding,A,"NAL, under the Council of Scientific and Industrial Research, conducts aeronautical research with applications across both civil and defence aviation.",It has contributed to projects like the Saras light transport aircraft.,15,45,"{""DRDO & Defence Technology"",""Aerospace""}",NDA/CDS/AFCAT,AI-generated for Forge platform,,,,,,,,,,,,
DEF-0369,DRDO & Defence Technology,Policy,Medium,MCQ,"Which body oversees the overall coordination of India's defence research, production, and procurement policy at the ministerial level?",Ministry of Home Affairs,Ministry of Defence (Department of Defence Production and Department of Defence R&D),Ministry of External Affairs,NITI Aayog exclusively,B,"The Ministry of Defence houses distinct departments handling production, research, and procurement functions.",This structure aims to balance operational needs from the services with long-term indigenous capability development.,15,45,"{""DRDO & Defence Technology"",""Policy""}",NDA/CDS/AFCAT,AI-generated for Forge platform,,,,,,,,,,,,
DEF-0370,DRDO & Defence Technology,Innovation,Medium,MCQ,iDEX (Innovations for Defence Excellence) is a government initiative primarily aimed at supporting whom?,Retired military officers seeking pensions,Only large multinational defence contractors,Startups and MSMEs working on defence and aerospace innovation,Foreign governments seeking to sell equipment to India,C,iDEX provides funding and support to smaller Indian companies and innovators developing defence-relevant technology.,It reflects a broader push to diversify India's defence innovation ecosystem beyond traditional DRDO and PSU channels.,15,45,"{""DRDO & Defence Technology"",""Innovation""}",NDA/CDS/AFCAT,AI-generated for Forge platform,,,,,,,,,,,,
DEF-0371,DRDO & Defence Technology,DRDO,Medium,MCQ,Which DRDO-developed system provides early warning against incoming artillery and rocket fire by tracking its trajectory?,Astra missile system,Akash missile system,BrahMos missile system,Weapon Locating Radar (like Swathi),D,"Weapon locating radars like Swathi can detect the origin of enemy artillery fire, enabling rapid counter-battery response.",This technology significantly enhances the effectiveness and survivability of artillery units.,15,45,"{""DRDO & Defence Technology"",""DRDO""}",NDA/CDS/AFCAT,AI-generated for Forge platform,,,,,,,,,,,,
DEF-0372,DRDO & Defence Technology,DRDO,Medium,MCQ,"Which indigenous sonar system, developed by DRDO, is used aboard Indian Navy submarines and ships for underwater detection?",USHUS and related indigenous sonar systems,Akash,Astra,BrahMos,A,Indigenous sonar systems reduce dependence on imported underwater detection technology for the Navy's submarines and surface ships.,Continuous upgrades to these systems aim to keep pace with evolving underwater threats.,15,45,"{""DRDO & Defence Technology"",""DRDO""}",NDA/CDS/AFCAT,AI-generated for Forge platform,,,,,,,,,,,,
DEF-0373,DRDO & Defence Technology,Space & Defence,Medium,MCQ,Which Indian initiative aims to develop a dedicated satellite-based surveillance network to monitor the Indian Ocean Region?,A programme focused solely on lunar exploration,A dedicated maritime domain awareness satellite constellation effort,A programme focused solely on Mars exploration,A purely commercial telecom satellite initiative with no defence role,B,Maritime domain awareness satellites help track shipping and potential threats across the vast Indian Ocean Region.,This capability supports both naval operations and broader regional security cooperation efforts.,15,45,"{""DRDO & Defence Technology"",""Space & Defence""}",NDA/CDS/AFCAT,AI-generated for Forge platform,,,,,,,,,,,,
DEF-0374,International Relations & Exercises,Exercises,Easy,MCQ,"Malabar, a major multilateral naval exercise India participates in, originally began as a bilateral exercise with which country?",Australia,Japan,United States,Russia,C,Malabar started as a bilateral India-US naval exercise before later expanding to include Japan and Australia.,It is now considered one of the most significant naval exercises in the Indo-Pacific region.,10,45,"{""International Relations & Exercises"",""Exercises""}",CDS/AFCAT/SSB,AI-generated for Forge platform,,,,,,,,,,,,
DEF-0375,International Relations & Exercises,Exercises,Medium,MCQ,Yudh Abhyas is a joint military exercise conducted annually between India and which country?,France,Russia,China,United States,D,Yudh Abhyas focuses on joint Army training and interoperability between Indian and US forces.,The exercise venue alternates between locations in India and the United States.,15,45,"{""International Relations & Exercises"",""Exercises""}",CDS/AFCAT/SSB,AI-generated for Forge platform,,,,,,,,,,,,
DEF-0376,International Relations & Exercises,Exercises,Medium,MCQ,"Indra, a joint military exercise involving multiple branches of the armed forces, is conducted between India and which country?",Russia,United States,Japan,France,A,"Exercise Indra covers joint Army, Navy, and Air Force components, reflecting the long-standing India-Russia defence relationship.",It is one of the few exercises India conducts with a foreign partner across all three services jointly.,15,45,"{""International Relations & Exercises"",""Exercises""}",CDS/AFCAT/SSB,AI-generated for Forge platform,,,,,,,,,,,,
DEF-0377,International Relations & Exercises,Exercises,Medium,MCQ,Garuda Shakti is a joint military exercise conducted between India and which South-East Asian country?,Vietnam,Indonesia,Thailand,Philippines,B,Garuda Shakti focuses on joint special forces and counter-terrorism training between the two nations.,India has expanded defence cooperation with several South-East Asian nations in recent years.,15,45,"{""International Relations & Exercises"",""Exercises""}",CDS/AFCAT/SSB,AI-generated for Forge platform,,,,,,,,,,,,
DEF-0378,International Relations & Exercises,Exercises,Medium,MCQ,Varuna is a bilateral naval exercise conducted between India and which country?,Australia,Japan,France,United Kingdom,C,"Exercise Varuna reflects the long-standing defence partnership between India and France, particularly in naval and submarine technology.",France has also been a key partner in India's Scorpene-class submarine programme.,15,45,"{""International Relations & Exercises"",""Exercises""}",CDS/AFCAT/SSB,AI-generated for Forge platform,,,,,,,,,,,,
DEF-0379,International Relations & Exercises,Exercises,Medium,MCQ,Konkan is a bilateral naval exercise conducted between India and which country?,Spain,Germany,Italy,United Kingdom,D,Exercise Konkan focuses on enhancing interoperability between the Indian and Royal Navies.,It reflects the historical defence ties between the two countries dating back to the colonial era.,15,45,"{""International Relations & Exercises"",""Exercises""}",CDS/AFCAT/SSB,AI-generated for Forge platform,,,,,,,,,,,,
DEF-0380,International Relations & Exercises,Exercises,Medium,MCQ,Vibrant/Cope India-style joint air exercises are conducted between the IAF and which country's air force?,United States,Russia,France,United Kingdom,A,"Exercises like Cope India involve joint training between the IAF and the US Air Force, improving interoperability.",Such exercises have grown in scale and complexity as India-US defence ties have deepened.,15,45,"{""International Relations & Exercises"",""Exercises""}",CDS/AFCAT/SSB,AI-generated for Forge platform,,,,,,,,,,,,
DEF-0381,International Relations & Exercises,Exercises,Medium,MCQ,"Surya Kiran, a joint military exercise, is conducted between India and which neighbouring country?",Bhutan,Nepal,Bangladesh,Sri Lanka,B,Exercise Surya Kiran focuses on joint counter-terrorism and disaster response training between the two armies.,Note this shares its name with the IAF's aerobatic team but refers to a distinct bilateral Army exercise.,15,45,"{""International Relations & Exercises"",""Exercises""}",CDS/AFCAT/SSB,AI-generated for Forge platform,,,,,,,,,,,,
DEF-0382,International Relations & Exercises,Exercises,Medium,MCQ,Mitra Shakti is a joint military exercise conducted between India and which country?,Bangladesh,Nepal,Sri Lanka,Maldives,C,Mitra Shakti focuses on joint counter-terrorism and counter-insurgency training between the Indian and Sri Lankan armies.,Such bilateral exercises help build closer defence ties within the South Asian region.,15,45,"{""International Relations & Exercises"",""Exercises""}",CDS/AFCAT/SSB,AI-generated for Forge platform,,,,,,,,,,,,
DEF-0383,International Relations & Exercises,Exercises,Medium,MCQ,Sampriti is a joint military exercise conducted between India and which neighbouring country?,Myanmar,Nepal,Bhutan,Bangladesh,D,Exercise Sampriti focuses on joint counter-terrorism training between the Indian and Bangladeshi armies.,"Sampriti' means 'friendship' in Bengali, reflecting the exercise's cooperative spirit.",15,45,"{""International Relations & Exercises"",""Exercises""}",CDS/AFCAT/SSB,AI-generated for Forge platform,,,,,,,,,,,,
DEF-0384,International Relations & Exercises,Alliances,Medium,MCQ,"The Quad, a strategic grouping India is part of, includes which other three countries?","United States, Japan, and Australia","Russia, China, and Brazil","United Kingdom, France, and Germany","Nepal, Bhutan, and Bangladesh",A,"The Quadrilateral Security Dialogue focuses on cooperation in the Indo-Pacific region, including maritime security.",It is not a formal military alliance but a strategic dialogue and cooperation framework.,15,45,"{""International Relations & Exercises"",""Alliances""}",CDS/AFCAT/SSB,AI-generated for Forge platform,,,,,,,,,,,,
DEF-0385,International Relations & Exercises,Agreements,Medium,MCQ,"LEMOA, an agreement India signed with the United States, primarily facilitates what?",Nuclear weapons sharing,Reciprocal logistics support between the two militaries,Automatic mutual defence commitments,Joint currency arrangements for defence trade,B,The Logistics Exchange Memorandum of Agreement allows both countries' militaries to use each other's bases for supplies and repair.,It is one of several foundational agreements deepening India-US defence cooperation.,15,45,"{""International Relations & Exercises"",""Agreements""}",CDS/AFCAT/SSB,AI-generated for Forge platform,,,,,,,,,,,,
DEF-0386,International Relations & Exercises,Agreements,Medium,MCQ,"COMCASA, another India-US foundational defence agreement, primarily facilitates what?",Sharing of nuclear submarine technology,Territorial defence guarantees,Secure communications compatibility between the two militaries' equipment,Free trade in agricultural goods,C,COMCASA enables the transfer of high-end communication security equipment for compatible use on shared platforms.,It complements other foundational agreements like LEMOA and BECA in deepening interoperability.,15,45,"{""International Relations & Exercises"",""Agreements""}",CDS/AFCAT/SSB,AI-generated for Forge platform,,,,,,,,,,,,
DEF-0387,International Relations & Exercises,Agreements,Medium,MCQ,"BECA, the third of the major India-US foundational defence agreements, focuses on which area?",Educational exchange programmes for cadets,Nuclear energy cooperation,Currency exchange for defence purchases,Sharing of geospatial intelligence data,D,The Basic Exchange and Cooperation Agreement facilitates the sharing of geospatial maps and data for military purposes.,"Together, LEMOA, COMCASA, and BECA form the backbone of deepened India-US military-to-military cooperation.",15,45,"{""International Relations & Exercises"",""Agreements""}",CDS/AFCAT/SSB,AI-generated for Forge platform,,,,,,,,,,,,
DEF-0388,International Relations & Exercises,Organisations,Medium,MCQ,"SCO, a regional organisation India is a member of alongside China, Russia, and Central Asian states, stands for?",Shanghai Cooperation Organisation,South China Ocean Alliance,South Central Organisation,Strategic Cooperation Order,A,"SCO addresses regional security, counter-terrorism, and economic cooperation among its member states.","India became a full member of the SCO in 2017, expanding its role in regional diplomacy.",15,45,"{""International Relations & Exercises"",""Organisations""}",CDS/AFCAT/SSB,AI-generated for Forge platform,,,,,,,,,,,,
DEF-0389,International Relations & Exercises,Organisations,Medium,MCQ,India is a founding member of BRICS alongside which other countries (as originally constituted)?,Only Russia and China,"Brazil, Russia, China, and South Africa",Only Brazil and South Africa,"Bangladesh, Russia, Indonesia, China, and Sri Lanka",B,BRICS represents a grouping of major emerging economies that has expanded to include additional members in recent years.,It focuses on economic cooperation as well as broader strategic dialogue among members.,15,45,"{""International Relations & Exercises"",""Organisations""}",CDS/AFCAT/SSB,AI-generated for Forge platform,,,,,,,,,,,,
DEF-0390,International Relations & Exercises,International Relations,Medium,MCQ,The 'Rafale deal' refers to India's agreement to purchase 36 fighter jets from which country?,United States,Russia,France,Sweden,C,"The government-to-government deal for 36 Rafale jets was signed in 2016, with deliveries completed in subsequent years.",The deal attracted significant political debate in India regarding pricing and offset arrangements.,15,45,"{""International Relations & Exercises"",""International Relations""}",CDS/AFCAT/SSB,AI-generated for Forge platform,,,,,,,,,,,,
DEF-0391,International Relations & Exercises,International Relations,Medium,MCQ,India's 'Act East Policy' primarily aims to strengthen ties with which broad region?,Only Latin America,Only Western Europe,Only Sub-Saharan Africa,South-East Asia and the wider Asia-Pacific region,D,"This policy builds on the earlier 'Look East Policy', expanding economic and strategic engagement eastward.","Defence cooperation, including exercises and arms sales, forms an important component of this policy.",15,45,"{""International Relations & Exercises"",""International Relations""}",CDS/AFCAT/SSB,AI-generated for Forge platform,,,,,,,,,,,,
DEF-0392,International Relations & Exercises,International Relations,Medium,MCQ,"AUKUS, a trilateral security partnership relevant to Indo-Pacific dynamics, involves which three countries?","Australia, United Kingdom, and United States","India, United Kingdom, and United States","Australia, India, and Japan","United States, Japan, and South Korea",A,"While India is not a member of AUKUS, the partnership is often discussed alongside the Quad in analyses of Indo-Pacific security architecture.",AUKUS notably includes provisions for Australia to acquire nuclear-powered submarine technology.,15,45,"{""International Relations & Exercises"",""International Relations""}",CDS/AFCAT/SSB,AI-generated for Forge platform,,,,,,,,,,,,
DEF-0393,International Relations & Exercises,International Relations,Medium,MCQ,"The Non-Aligned Movement, which India helped found, primarily emerged during which historical period?",The Second World War,The Cold War era,The post-9/11 era,The colonial era prior to independence,B,"India, along with countries like Yugoslavia, Egypt, and Indonesia, was among the founding members of the Non-Aligned Movement.",The movement sought to avoid formal alignment with either the US-led or Soviet-led blocs during the Cold War.,15,45,"{""International Relations & Exercises"",""International Relations""}",CDS/AFCAT/SSB,AI-generated for Forge platform,,,,,,,,,,,,
DEF-0394,International Relations & Exercises,Peacekeeping,Medium,MCQ,India has historically been one of the largest contributors of troops to which international body's peacekeeping missions?,The Commonwealth of Nations,NATO,The United Nations,SAARC,C,"Indian armed forces personnel have served in numerous UN peacekeeping missions across Africa, Asia, and elsewhere.",India's long history of UN peacekeeping contributions reflects its broader commitment to international stability efforts.,15,45,"{""International Relations & Exercises"",""Peacekeeping""}",CDS/AFCAT/SSB,AI-generated for Forge platform,,,,,,,,,,,,
DEF-0395,International Relations & Exercises,Diplomacy,Medium,MCQ,The 'Two Plus Two' dialogue India holds with countries like the US and Japan typically involves which pair of ministries from each side?,Commerce and Agriculture Ministries,Finance and Home Ministries,Health and Education Ministries,Foreign and Defence Ministries,D,These dialogues bring together foreign and defence ministers to discuss strategic and security cooperation.,"India conducts such dialogues with several key strategic partners, reflecting deepening ties across both diplomatic and defence domains.",15,45,"{""International Relations & Exercises"",""Diplomacy""}",CDS/AFCAT/SSB,AI-generated for Forge platform,,,,,,,,,,,,
DEF-0396,International Relations & Exercises,Arms Control,Medium,MCQ,"The Missile Technology Control Regime (MTCR), which India joined in 2016, primarily aims to do what?",Limit the proliferation of missile and related technology,Ban all military aircraft production,Regulate international arms sales prices,Standardise global small arms ammunition,A,MTCR membership reflects international recognition of India's responsible missile technology practices.,Membership also facilitates certain technology transfers with fellow member states.,15,45,"{""International Relations & Exercises"",""Arms Control""}",CDS/AFCAT/SSB,AI-generated for Forge platform,,,,,,,,,,,,
DEF-0397,International Relations & Exercises,Arms Control,Medium,MCQ,"The Nuclear Suppliers Group (NSG), which India has sought membership in, primarily regulates what?",Conventional arms trade,International trade in nuclear materials and technology,Cyber warfare norms,Space debris management,B,NSG membership would further ease India's access to nuclear technology and materials for civilian and strategic purposes.,India's application for full membership has faced procedural challenges related to its non-signatory status on the NPT.,15,45,"{""International Relations & Exercises"",""Arms Control""}",CDS/AFCAT/SSB,AI-generated for Forge platform,,,,,,,,,,,,
DEF-0398,International Relations & Exercises,Exercises,Medium,MCQ,"Prabal Dostyk, a joint exercise focused on counter-terrorism and high-altitude operations, is conducted between India and which Central Asian country?",Kyrgyzstan,Uzbekistan,Kazakhstan,Tajikistan,C,This exercise reflects growing defence engagement between India and Central Asian nations.,Such partnerships also support broader regional connectivity and counter-terrorism cooperation goals.,15,45,"{""International Relations & Exercises"",""Exercises""}",CDS/AFCAT/SSB,AI-generated for Forge platform,,,,,,,,,,,,
DEF-0399,International Relations & Exercises,Exercises,Medium,MCQ,"Al Najah, a joint military exercise focused on counter-terrorism, is conducted between India and which Gulf country?",Qatar,Saudi Arabia,United Arab Emirates,Oman,D,Exercise Al Najah reflects deepening defence ties between India and Gulf nations in recent years.,India has significantly expanded military exercises and cooperation with Gulf countries as part of its broader West Asia outreach.,15,45,"{""International Relations & Exercises"",""Exercises""}",CDS/AFCAT/SSB,AI-generated for Forge platform,,,,,,,,,,,,
DEF-0400,International Relations & Exercises,Exercises,Medium,MCQ,"Desert Flag, a large multinational air exercise India's air force has participated in, is hosted by which country?",United Arab Emirates,Saudi Arabia,Qatar,Bahrain,A,Desert Flag brings together air forces from multiple countries for advanced combat training in a multinational setting.,IAF participation in such exercises helps pilots gain exposure to diverse tactics and aircraft types.,15,45,"{""International Relations & Exercises"",""Exercises""}",CDS/AFCAT/SSB,AI-generated for Forge platform,,,,,,,,,,,,
DEF-0401,International Relations & Exercises,Diplomacy,Medium,MCQ,India's defence export ambitions have included supplying which type of equipment to countries like the Philippines in recent years?,Aircraft carriers,BrahMos missile systems,Nuclear submarines,Main battle tanks,B,India's sale of BrahMos missiles to the Philippines marked a significant milestone in its growing defence export sector.,This deal reflects India's broader strategy of increasing defence exports as part of its 'Make in India' push.,15,45,"{""International Relations & Exercises"",""Diplomacy""}",CDS/AFCAT/SSB,AI-generated for Forge platform,,,,,,,,,,,,
DEF-0402,International Relations & Exercises,International Relations,Medium,MCQ,"India's defence relationship with Israel has grown significantly, particularly in which technology areas?",Aircraft carrier construction,Nuclear submarine technology,"Missile systems, UAVs, and radar/sensor technology",Space launch vehicles exclusively,C,Israel has become a key partner for India in areas like the Barak missile systems and various UAV programmes.,This partnership reflects a broader diversification of India's traditional defence supplier base.,15,45,"{""International Relations & Exercises"",""International Relations""}",CDS/AFCAT/SSB,AI-generated for Forge platform,,,,,,,,,,,,
DEF-0403,International Relations & Exercises,International Relations,Medium,MCQ,Russia has historically been India's largest source of which category of defence equipment?,Only training aircraft,Only small arms,Only naval mines,"A broad range including fighter jets, tanks, and submarines",D,Russia (and earlier the Soviet Union) has supplied a significant share of India's major weapons platforms since the Cold War era.,India has increasingly diversified its suppliers in recent decades while maintaining this long-standing relationship.,15,45,"{""International Relations & Exercises"",""International Relations""}",CDS/AFCAT/SSB,AI-generated for Forge platform,,,,,,,,,,,,
DEF-0404,International Relations & Exercises,Peacekeeping,Medium,MCQ,India deployed one of the first all-women peacekeeping units to which country under a UN mission?,Liberia,South Sudan,Democratic Republic of Congo,Mali,A,India's all-women Formed Police Unit deployed to Liberia was a landmark moment in UN peacekeeping history.,It demonstrated India's commitment to increasing women's participation in international peacekeeping efforts.,15,45,"{""International Relations & Exercises"",""Peacekeeping""}",CDS/AFCAT/SSB,AI-generated for Forge platform,,,,,,,,,,,,
DEF-0405,International Relations & Exercises,Exercises,Medium,MCQ,"Shakti, a joint military exercise focused on counter-terrorism in mountainous terrain, is conducted between India and which country?",Germany,France,Italy,Spain,B,Exercise Shakti focuses on joint special forces training in challenging terrain conditions.,"It reflects the deepening India-France defence relationship across multiple domains, including army-to-army cooperation.",15,45,"{""International Relations & Exercises"",""Exercises""}",CDS/AFCAT/SSB,AI-generated for Forge platform,,,,,,,,,,,,
DEF-0406,International Relations & Exercises,Organisations,Medium,MCQ,"IONS, a forum for naval cooperation among Indian Ocean littoral states, stands for?",Indian Ocean National Security forum,International Ocean Naval Society,Indian Ocean Naval Symposium,Integrated Ocean Naval Strategy group,C,IONS brings together navies from countries bordering the Indian Ocean to discuss maritime security cooperation.,India has played a leading role in establishing and hosting this forum since its inception.,15,45,"{""International Relations & Exercises"",""Organisations""}",CDS/AFCAT/SSB,AI-generated for Forge platform,,,,,,,,,,,,
DEF-0407,International Relations & Exercises,Diplomacy,Medium,MCQ,"SAGAR', a maritime doctrine articulated by India, stands for?",Strategic Agreement for Global Aquatic Resources,Strategic Alliance for Global Asian Relations,South Asian Governance and Regional cooperation,Security and Growth for All in the Region,D,SAGAR outlines India's vision for cooperative maritime security and development across the Indian Ocean Region.,It reflects India's broader ambition to be a net security provider in its maritime neighbourhood.,15,45,"{""International Relations & Exercises"",""Diplomacy""}",CDS/AFCAT/SSB,AI-generated for Forge platform,,,,,,,,,,,,
DEF-0408,General Awareness & Defence Organisations,Organisations,Easy,MCQ,"The National Cadet Corps (NCC), which many defence aspirants join, operates under which ministry?",Ministry of Defence,Ministry of Home Affairs,Ministry of Education,Ministry of Youth Affairs and Sports,A,NCC provides basic military training and instils discipline among school and college students across India.,NCC 'C' certificate holders often receive certain benefits during defence recruitment processes.,10,45,"{""General Awareness & Defence Organisations"",""Organisations""}",NDA/CDS/AFCAT/SSB,AI-generated for Forge platform,,,,,,,,,,,,
DEF-0409,General Awareness & Defence Organisations,Organisations,Easy,MCQ,What does 'SSB' stand for in the context of officer selection for the Indian armed forces?,Special Services Bureau,Services Selection Board,Staff Selection Board,Standard Selection Bureau,B,"The SSB conducts the multi-day assessment process, including psychological tests and interviews, to select officer candidates.","There are multiple SSB centres located across India, each conducting selection boards for various entry schemes.",10,45,"{""General Awareness & Defence Organisations"",""Organisations""}",NDA/CDS/AFCAT/SSB,AI-generated for Forge platform,,,,,,,,,,,,
DEF-0410,General Awareness & Defence Organisations,Organisations,Medium,MCQ,"OLQs, a term frequently used in SSB assessments, stands for?",Organisational Learning Quality,Operational Leadership Quotient,Officer Like Qualities,Objective Level Qualification,C,"OLQs are a set of traits like leadership, determination, and social adaptability that SSB assessors look for in candidates.",Understanding and genuinely developing these qualities is considered more valuable than merely trying to display them during assessment.,15,45,"{""General Awareness & Defence Organisations"",""Organisations""}",NDA/CDS/AFCAT/SSB,AI-generated for Forge platform,,,,,,,,,,,,
DEF-0411,General Awareness & Defence Organisations,Organisations,Medium,MCQ,"NDA, the tri-service academy for officer cadets, is located near which city?",Hyderabad,Dehradun,Chennai,Pune (Khadakwasla),D,"NDA trains cadets from the Army, Navy, and Air Force together during their initial years of officer training.",Successful cadets later move to their respective service academies for further specialised training.,15,45,"{""General Awareness & Defence Organisations"",""Organisations""}",NDA/CDS/AFCAT/SSB,AI-generated for Forge platform,,,,,,,,,,,,
DEF-0412,General Awareness & Defence Organisations,Organisations,Medium,MCQ,"CDS, the written exam that (along with NDA) is a common entry route into the armed forces for graduates, stands for?",Combined Defence Services (Examination),Chief of Defence Staff,Central Defence Selection,Combined Defence Selection,A,"The CDS exam, conducted by UPSC, is a pathway for graduates to join the IMA, INA, AFA, and OTA.",Shortlisted candidates from the written exam undergo the SSB interview process before final selection.,15,45,"{""General Awareness & Defence Organisations"",""Organisations""}",NDA/CDS/AFCAT/SSB,AI-generated for Forge platform,,,,,,,,,,,,
DEF-0413,General Awareness & Defence Organisations,Organisations,Medium,MCQ,"AFCAT, an entry exam specifically for the Indian Air Force, stands for?",Air Force Cadet Aptitude Test,Air Force Common Admission Test,Aviation Fitness and Career Aptitude Test,Air Force Combined Assessment Test,B,AFCAT allows graduates and engineering students to apply for flying and ground duty branches of the IAF.,It is conducted twice a year and is followed by the SSB interview process for shortlisted candidates.,15,45,"{""General Awareness & Defence Organisations"",""Organisations""}",NDA/CDS/AFCAT/SSB,AI-generated for Forge platform,,,,,,,,,,,,
DEF-0414,General Awareness & Defence Organisations,Organisations,Medium,MCQ,"The UPSC, which conducts exams like NDA and CDS, stands for?",Union Personnel Selection Council,United Public Selection Committee,Union Public Service Commission,University Public Service Corporation,C,UPSC is India's central agency responsible for conducting exams for various government and defence recruitment processes.,"It conducts NDA, CDS, and civil services exams among many others.",15,45,"{""General Awareness & Defence Organisations"",""Organisations""}",NDA/CDS/AFCAT/SSB,AI-generated for Forge platform,,,,,,,,,,,,
DEF-0415,General Awareness & Defence Organisations,Organisations,Medium,MCQ,"Which body is responsible for conducting India's Republic Day parade, showcasing the armed forces each year?",State governments individually,The Election Commission of India,The Ministry of Culture alone,"The Ministry of Defence, in coordination with the armed forces",D,"The Republic Day parade showcases military hardware, marching contingents, and cultural tableaux from across India.",It is held annually on 26 January at Kartavya Path in New Delhi.,15,45,"{""General Awareness & Defence Organisations"",""Organisations""}",NDA/CDS/AFCAT/SSB,AI-generated for Forge platform,,,,,,,,,,,,
DEF-0416,General Awareness & Defence Organisations,General Knowledge,Easy,MCQ,"Republic Day, commemorating the adoption of India's Constitution, is celebrated on which date?",26 January,15 August,2 October,26 November,A,"India's Constitution came into effect on 26 January 1950, and the day is celebrated with major national ceremonies.",This date was chosen partly to commemorate the 1930 declaration of 'Purna Swaraj' (complete independence).,10,45,"{""General Awareness & Defence Organisations"",""General Knowledge""}",NDA/CDS/AFCAT/SSB,AI-generated for Forge platform,,,,,,,,,,,,
DEF-0417,General Awareness & Defence Organisations,General Knowledge,Easy,MCQ,"Independence Day, marking India's freedom from British rule, is celebrated on which date?",26 January,15 August,2 October,26 November,B,India gained independence from British rule on 15 August 1947.,The Prime Minister traditionally addresses the nation from the Red Fort in Delhi on this day.,10,45,"{""General Awareness & Defence Organisations"",""General Knowledge""}",NDA/CDS/AFCAT/SSB,AI-generated for Forge platform,,,,,,,,,,,,
DEF-0418,General Awareness & Defence Organisations,General Knowledge,Medium,MCQ,"Constitution Day, commemorating the adoption of India's Constitution by the Constituent Assembly, is observed on which date?",15 August,26 January,26 November,2 October,C,"The Constituent Assembly formally adopted the Constitution on 26 November 1949, though it came into effect later, on 26 January 1950.",This day is also referred to as 'Samvidhan Divas'.,15,45,"{""General Awareness & Defence Organisations"",""General Knowledge""}",NDA/CDS/AFCAT/SSB,AI-generated for Forge platform,,,,,,,,,,,,
DEF-0419,General Awareness & Defence Organisations,Defence Organisations,Medium,MCQ,The Border Security Force (BSF) primarily guards which type of border?,Only state-to-state internal borders,Only the Line of Actual Control with China,Only coastal maritime boundaries,"India's international borders, particularly with Pakistan and Bangladesh",D,"BSF is one of India's largest paramilitary forces, tasked with guarding international borders during peacetime.","During war, BSF units may also support the Army in various operational roles.",15,45,"{""General Awareness & Defence Organisations"",""Defence Organisations""}",NDA/CDS/AFCAT/SSB,AI-generated for Forge platform,,,,,,,,,,,,
DEF-0420,General Awareness & Defence Organisations,Defence Organisations,Medium,MCQ,The Indo-Tibetan Border Police (ITBP) primarily guards which sector of India's border?,The Himalayan border with China (Line of Actual Control),The Pakistan border in Punjab,The Bangladesh border,The Myanmar border,A,ITBP personnel are specially trained for high-altitude and mountainous terrain operations along the northern border.,They also play a role in disaster response operations in the Himalayan region.,15,45,"{""General Awareness & Defence Organisations"",""Defence Organisations""}",NDA/CDS/AFCAT/SSB,AI-generated for Forge platform,,,,,,,,,,,,
DEF-0421,General Awareness & Defence Organisations,Defence Organisations,Medium,MCQ,"The Sashastra Seema Bal (SSB force, distinct from the Services Selection Board) primarily guards which borders?",The Pakistan border,The Nepal and Bhutan borders,The China border,The maritime borders,B,"This paramilitary force secures India's open borders with Nepal and Bhutan, which differ in nature from heavily fenced borders elsewhere.",It also plays a role in community engagement and development in border areas.,15,45,"{""General Awareness & Defence Organisations"",""Defence Organisations""}",NDA/CDS/AFCAT/SSB,AI-generated for Forge platform,,,,,,,,,,,,
DEF-0422,General Awareness & Defence Organisations,Defence Organisations,Medium,MCQ,"The Central Reserve Police Force (CRPF), India's largest central paramilitary force, primarily handles which duties?",Air traffic control,Guarding international maritime borders exclusively,Internal security and counter-insurgency operations,Space launch security,C,"CRPF is deployed extensively for internal security duties, including counter-insurgency and law and order support to states.",It is one of the largest paramilitary organisations in the world by personnel strength.,15,45,"{""General Awareness & Defence Organisations"",""Defence Organisations""}",NDA/CDS/AFCAT/SSB,AI-generated for Forge platform,,,,,,,,,,,,
DEF-0423,General Awareness & Defence Organisations,Defence Organisations,Medium,MCQ,"The National Security Guard (NSG), known as the 'Black Cats', specialises in which type of operations?",Traffic management,Routine border patrol,Coastal fishing regulation,Counter-terrorism and hostage rescue,D,"NSG commandos are trained for high-risk counter-terrorism operations, including hostage rescue scenarios.",They gained significant public attention for their role in responding to the 2008 Mumbai terror attacks.,15,45,"{""General Awareness & Defence Organisations"",""Defence Organisations""}",NDA/CDS/AFCAT/SSB,AI-generated for Forge platform,,,,,,,,,,,,
DEF-0424,General Awareness & Defence Organisations,Defence Organisations,Medium,MCQ,"The Assam Rifles, one of India's oldest paramilitary forces, operates primarily in which region?",The North-Eastern states,Rajasthan,Jammu and Kashmir,The southern coastal states,A,"Assam Rifles has a dual role of counter-insurgency and, in peacetime, border guarding duties in the North-East.","It has a history dating back to the 19th century, making it one of India's oldest security forces.",15,45,"{""General Awareness & Defence Organisations"",""Defence Organisations""}",NDA/CDS/AFCAT/SSB,AI-generated for Forge platform,,,,,,,,,,,,
DEF-0425,General Awareness & Defence Organisations,Ministries,Medium,MCQ,"The Ministry of Defence in India is typically organised into several departments, including which of these?",Only a single unified Department of War,"Department of Defence, Department of Defence Production, and Department of Defence R&D",Department of Foreign Trade exclusively,Department of Civil Aviation exclusively,B,"This departmental structure allows for specialised focus on policy, production, and research aspects of defence.",A separate Department of Ex-Servicemen Welfare also addresses veteran affairs.,15,45,"{""General Awareness & Defence Organisations"",""Ministries""}",NDA/CDS/AFCAT/SSB,AI-generated for Forge platform,,,,,,,,,,,,
DEF-0426,General Awareness & Defence Organisations,Historical Context,Medium,MCQ,"The Kargil Review Committee, along with subsequent Group of Ministers reports, led to reforms addressing which broad area?",Only agricultural subsidy policy,Only civil aviation safety,"National security structures, including intelligence and defence coordination",Only urban infrastructure planning,C,"These reforms shaped several institutional changes over the following two decades, including eventually the creation of the CDS post.",The reports also emphasised the importance of coordinated intelligence gathering and analysis.,15,45,"{""General Awareness & Defence Organisations"",""Historical Context""}",NDA/CDS/AFCAT/SSB,AI-generated for Forge platform,,,,,,,,,,,,
DEF-0427,General Awareness & Defence Organisations,Historical Context,Medium,MCQ,"The post of Chief of Defence Staff (CDS), created in 2019, is intended to provide what kind of coordination?",Command exclusively over paramilitary forces,Direct command over all civilian ministries,Command exclusively over the Air Force,Single-point military advice to the government and better tri-service coordination,D,"The CDS also heads the Department of Military Affairs, aimed at improving jointness among the three services.",General Bipin Rawat was the first officer to hold this position.,15,45,"{""General Awareness & Defence Organisations"",""Historical Context""}",NDA/CDS/AFCAT/SSB,AI-generated for Forge platform,,,,,,,,,,,,
DEF-0428,General Awareness & Defence Organisations,Selection Process,Medium,MCQ,Which of these is generally NOT a stage of the standard SSB selection process?,A written multiple-choice-only final round with no interview or group tasks,"Screening test (verbal and non-verbal reasoning, picture perception)",Psychological tests,Group testing tasks and personal interview,A,"The SSB process combines psychological assessment, group tasks, and interviews rather than relying on written tests alone at this stage.",Candidates who clear the initial screening proceed through several days of holistic assessment.,15,45,"{""General Awareness & Defence Organisations"",""Selection Process""}",NDA/CDS/AFCAT/SSB,AI-generated for Forge platform,,,,,,,,,,,,
DEF-0429,General Awareness & Defence Organisations,Selection Process,Medium,MCQ,"The Thematic Apperception Test (TAT), part of SSB psychological testing, primarily assesses what?",Physical fitness levels,How a candidate perceives and responds to ambiguous picture-based scenarios,Mathematical aptitude,Memory recall of factual information,B,"In TAT, candidates write stories based on pictures shown briefly, revealing aspects of their personality and thought processes.",This is one of several psychological tests used alongside the Word Association Test and Situation Reaction Test.,15,45,"{""General Awareness & Defence Organisations"",""Selection Process""}",NDA/CDS/AFCAT/SSB,AI-generated for Forge platform,,,,,,,,,,,,
DEF-0430,General Awareness & Defence Organisations,Selection Process,Medium,MCQ,"The Word Association Test (WAT), part of SSB assessment, requires candidates to do what?",Memorise a list of vocabulary words,Solve mathematical word problems,Write the first thought that comes to mind for a series of words shown briefly,Debate a topic with fellow candidates,C,WAT is designed to reveal spontaneous reactions and underlying personality traits through quick word associations.,Candidates typically have only a few seconds to respond to each word before moving to the next.,15,45,"{""General Awareness & Defence Organisations"",""Selection Process""}",NDA/CDS/AFCAT/SSB,AI-generated for Forge platform,,,,,,,,,,,,
DEF-0431,General Awareness & Defence Organisations,Selection Process,Medium,MCQ,"The Situation Reaction Test (SRT), part of SSB assessment, presents candidates with what kind of material?",Mathematical puzzles,Physical obstacle courses,Group debate topics,A series of everyday situations requiring a written response on how they would react,D,"SRT reveals how a candidate might practically respond to common life situations, reflecting their decision-making tendencies.","Responses are assessed for qualities like initiative, responsibility, and social adaptability.",15,45,"{""General Awareness & Defence Organisations"",""Selection Process""}",NDA/CDS/AFCAT/SSB,AI-generated for Forge platform,,,,,,,,,,,,
DEF-0432,General Awareness & Defence Organisations,Selection Process,Medium,MCQ,Group Discussion and Group Planning Exercises during SSB primarily assess which qualities?,"Leadership, communication, and teamwork abilities",Only physical strength,Only academic knowledge of current affairs,Only artistic skill,A,"These group-based tasks reveal how candidates interact, lead, and cooperate with peers under semi-structured conditions.","Genuine, natural participation is generally valued more than trying to dominate or stay silent throughout.",15,45,"{""General Awareness & Defence Organisations"",""Selection Process""}",NDA/CDS/AFCAT/SSB,AI-generated for Forge platform,,,,,,,,,,,,
DEF-0433,General Awareness & Defence Organisations,Selection Process,Medium,MCQ,The Personal Interview during SSB is generally intended to assess a candidate's what?,Only their physical fitness test scores,"Overall personality, background, and suitability as viewed holistically",Only their exam marks in school,Only their family's financial background,B,"Interviewers explore a candidate's background, interests, and thought processes to assess their overall suitability.","Honesty and consistency across all testing stages, including the interview, are generally considered important.",15,45,"{""General Awareness & Defence Organisations"",""Selection Process""}",NDA/CDS/AFCAT/SSB,AI-generated for Forge platform,,,,,,,,,,,,
DEF-0434,General Awareness & Defence Organisations,General Knowledge,Medium,MCQ,"The Territorial Army motto, reflecting its citizen-soldier ethos, is often summarised by which idea?",Foreign mercenary service,Full-time exclusive military service only,Balancing civilian careers with voluntary military service,Purely ceremonial functions with no operational role,C,"The Territorial Army allows citizens to serve part-time, providing a flexible reserve force for the regular Army.",Members undergo periodic training while continuing their primary civilian occupations.,15,45,"{""General Awareness & Defence Organisations"",""General Knowledge""}",NDA/CDS/AFCAT/SSB,AI-generated for Forge platform,,,,,,,,,,,,
DEF-0435,General Awareness & Defence Organisations,General Knowledge,Medium,MCQ,"Sainik Schools, which prepare students for potential careers in the armed forces, are primarily aimed at?",Only training students in vocational trades unrelated to defence,Only training students already commissioned as officers,Only preparing students for civil services exams,Providing quality education with a focus on developing qualities useful for future defence careers,D,Sainik Schools offer a structured curriculum that helps students prepare for exams like NDA in later years.,They were established with the aim of increasing the pool of candidates prepared for a defence career from diverse backgrounds.,15,45,"{""General Awareness & Defence Organisations"",""General Knowledge""}",NDA/CDS/AFCAT/SSB,AI-generated for Forge platform,,,,,,,,,,,,
DEF-0436,General Awareness & Defence Organisations,General Knowledge,Medium,MCQ,"Rashtriya Military Schools, similar in spirit to Sainik Schools, primarily aim to do what?",Prepare students for entry into the NDA and other defence academies,Focus purely on vocational agricultural training,Serve only as finishing schools with no defence focus,"Train only serving soldiers' children exclusively, with no other eligibility",A,These schools provide a structured environment to help nurture qualities and academic preparation relevant to a defence career.,"They are distinct from, but share similar goals with, the Sainik Schools network.",15,45,"{""General Awareness & Defence Organisations"",""General Knowledge""}",NDA/CDS/AFCAT/SSB,AI-generated for Forge platform,,,,,,,,,,,,
DEF-0437,General Awareness & Defence Organisations,General Knowledge,Medium,MCQ,War memorials like the National War Memorial in Delhi primarily serve what purpose?,Serving as active military command centres,Honouring and commemorating fallen soldiers,Functioning as recruitment offices,Serving as weapons storage facilities,B,The National War Memorial lists the names of soldiers who made the ultimate sacrifice in various conflicts since independence.,"It complements the older India Gate, which specifically commemorates soldiers from the World Wars and earlier conflicts.",15,45,"{""General Awareness & Defence Organisations"",""General Knowledge""}",NDA/CDS/AFCAT/SSB,AI-generated for Forge platform,,,,,,,,,,,,
DEF-0438,General Awareness & Defence Organisations,General Knowledge,Medium,MCQ,India Gate in New Delhi was originally built to commemorate Indian soldiers who died in which conflicts?,Only the Kargil War,Only the 1971 war,World War I and the Third Anglo-Afghan War,Only the 1962 war,C,India Gate was built by the British to honour Indian soldiers who died fighting in World War I and later conflicts.,It has since become a broader symbol of national remembrance and a popular public landmark in Delhi.,15,45,"{""General Awareness & Defence Organisations"",""General Knowledge""}",NDA/CDS/AFCAT/SSB,AI-generated for Forge platform,,,,,,,,,,,,
DEF-0439,General Awareness & Defence Organisations,General Knowledge,Medium,MCQ,Which day is observed annually to honour the contribution and sacrifices of India's veterans?,Constitution Day,Republic Day,Independence Day,Armed Forces Flag Day (7 December),D,Armed Forces Flag Day involves fundraising and awareness efforts to support the welfare of veterans and their families.,Funds collected are used to support the rehabilitation of disabled soldiers and welfare of war widows.,15,45,"{""General Awareness & Defence Organisations"",""General Knowledge""}",NDA/CDS/AFCAT/SSB,AI-generated for Forge platform,,,,,,,,,,,,
DEF-0440,General Awareness & Defence Organisations,Selection Process,Medium,MCQ,Medical examinations for defence services candidates are typically conducted at which type of facility?,Military hospitals or designated medical boards,Any private clinic of the candidate's choice,Only civilian government hospitals with no specific defence protocol,Only online self-assessment forms,A,Medical Boards assess candidates against specific medical standards required for military service.,Candidates found unfit for certain reasons can sometimes appeal for a review or re-examination in specific cases.,15,45,"{""General Awareness & Defence Organisations"",""Selection Process""}",NDA/CDS/AFCAT/SSB,AI-generated for Forge platform,,,,,,,,,,,,
DEF-0441,General Awareness & Defence Organisations,General Knowledge,Medium,MCQ,"Which term describes the sense of camaraderie, pride, and loyalty soldiers feel toward their unit or regiment?",Officer Like Qualities,Esprit de corps,Chain of command,Order of precedence,B,"Esprit de corps fosters unity, morale, and a shared sense of purpose within military units.","Regimental history, traditions, and shared hardships all contribute to building this sense of belonging.",15,45,"{""General Awareness & Defence Organisations"",""General Knowledge""}",NDA/CDS/AFCAT/SSB,AI-generated for Forge platform,,,,,,,,,,,,
DEF-0442,General Awareness & Defence Organisations,General Knowledge,Medium,MCQ,The 'chain of command' in military organisations refers to what concept?,A ceremonial decoration worn by senior officers,A physical chain used to secure military equipment,The hierarchical structure through which orders and authority flow,A type of communication cable used in field operations,C,A clear chain of command ensures orders are transmitted efficiently and accountability is maintained at every level.,Understanding and respecting this structure is considered a foundational aspect of military discipline.,15,45,"{""General Awareness & Defence Organisations"",""General Knowledge""}",NDA/CDS/AFCAT/SSB,AI-generated for Forge platform,,,,,,,,,,,,
DEF-0443,General Awareness & Defence Organisations,General Knowledge,Medium,MCQ,Which of these best describes the concept of 'jointmanship' as discussed in recent Indian defence reforms?,A method of physical training exercises,A legal term for property ownership disputes,A term describing joint civilian-military businesses,"Increased coordination and integration among the Army, Navy, and Air Force",D,Jointmanship aims to improve coordination between the services for more efficient and effective military operations.,The creation of the CDS post and plans for integrated theatre commands both reflect this broader push.,15,45,"{""General Awareness & Defence Organisations"",""General Knowledge""}",NDA/CDS/AFCAT/SSB,AI-generated for Forge platform,,,,,,,,,,,,
DEF-0444,General Awareness & Defence Organisations,General Knowledge,Medium,MCQ,"Theatre Commands', a structural reform being implemented in India's armed forces, primarily aim to do what?","Integrate Army, Navy, and Air Force assets under unified regional commanders",Separate the three services into fully independent command structures with no coordination,Eliminate the need for any regional commands altogether,Focus exclusively on naval operations,A,Theatre commands are intended to ensure all three services can operate seamlessly together in a specific geographic theatre.,"Several countries, including the United States, have used similar integrated command models for years.",15,45,"{""General Awareness & Defence Organisations"",""General Knowledge""}",NDA/CDS/AFCAT/SSB,AI-generated for Forge platform,,,,,,,,,,,,
DEF-0445,General Awareness & Defence Organisations,General Knowledge,Medium,MCQ,"The 'Agnipath' scheme, introduced in 2022, primarily reformed which aspect of India's armed forces?",Officer promotion criteria only,Recruitment of soldiers (Agniveers) for a shorter initial tenure,Pension calculations for veterans only,Procurement of fighter aircraft only,B,"Agnipath introduced a new recruitment model with a shorter initial service period, followed by options for a smaller percentage to continue in regular service.",The scheme generated significant public debate regarding its implications for long-term military career structures.,15,45,"{""General Awareness & Defence Organisations"",""General Knowledge""}",NDA/CDS/AFCAT/SSB,AI-generated for Forge platform,,,,,,,,,,,,
DEF-0446,General Awareness & Defence Organisations,General Knowledge,Medium,MCQ,Which government body is responsible for awarding pensions and welfare benefits to India's ex-servicemen?,Ministry of Labour and Employment exclusively,Ministry of Home Affairs,"Department of Ex-Servicemen Welfare, under the Ministry of Defence","State governments exclusively, with no central role",C,"This department handles matters like pensions, resettlement, and welfare schemes specifically for military veterans and their families.",It works alongside organisations like the Kendriya Sainik Board at both central and state levels.,15,45,"{""General Awareness & Defence Organisations"",""General Knowledge""}",NDA/CDS/AFCAT/SSB,AI-generated for Forge platform,,,,,,,,,,,,
DEF-0447,General Awareness & Defence Organisations,General Knowledge,Easy,MCQ,Vande Mataram' and the national anthem 'Jana Gana Mana' are both prominently featured during which type of national event?,Only academic examinations,Only private family functions,Only sporting events unrelated to national days,Major national ceremonies including Republic Day and Independence Day,D,"Both songs hold significant national importance, with 'Jana Gana Mana' serving as India's official national anthem.",Understanding their historical context is often considered valuable general knowledge for defence aspirants.,10,45,"{""General Awareness & Defence Organisations"",""General Knowledge""}",NDA/CDS/AFCAT/SSB,AI-generated for Forge platform,,,,,,,,,,,,
DEF-0448,World Military History,World Wars,Easy,MCQ,World War I began in which year?,1914,1917,1939,1918,A,The war began in 1914 following the assassination of Archduke Franz Ferdinand and lasted until 1918.,"Over a million Indian soldiers served during World War I, fighting in various theatres including Europe and the Middle East.",10,45,"{""World Military History"",""World Wars""}",NDA/CDS,AI-generated for Forge platform,,,,,,,,,,,,
DEF-0449,World Military History,World Wars,Easy,MCQ,"World War II began in which year, with Germany's invasion of Poland?",1914,1939,1945,1929,B,The war lasted from 1939 to 1945 and involved the vast majority of the world's nations in some capacity.,"India contributed the largest volunteer army in history during WWII, with over 2.5 million personnel serving.",10,45,"{""World Military History"",""World Wars""}",NDA/CDS,AI-generated for Forge platform,,,,,,,,,,,,
DEF-0450,World Military History,World Wars,Medium,MCQ,Which event is widely considered to have triggered the start of World War I?,The invasion of Poland,The bombing of Pearl Harbor,The assassination of Archduke Franz Ferdinand,The signing of the Treaty of Versailles,C,The assassination in Sarajevo set off a chain of alliances and declarations of war that rapidly escalated into a global conflict.,This event is often cited as a classic example of how localised incidents can trigger wider conflicts through alliance systems.,15,45,"{""World Military History"",""World Wars""}",NDA/CDS,AI-generated for Forge platform,,,,,,,,,,,,
DEF-0451,World Military History,World Wars,Medium,MCQ,"The bombing of Pearl Harbor, which drew the United States into World War II, was conducted by which country?",Soviet Union,Germany,Italy,Japan,D,Japan's surprise attack on the US naval base in Hawaii in December 1941 led to America's formal entry into the war.,This event significantly shifted the balance and scale of the global conflict.,15,45,"{""World Military History"",""World Wars""}",NDA/CDS,AI-generated for Forge platform,,,,,,,,,,,,
DEF-0452,World Military History,World Wars,Medium,MCQ,Which treaty formally ended World War I and imposed significant terms on Germany?,Treaty of Versailles,Treaty of Tashkent,Treaty of Shimla,Treaty of Vienna,A,"The 1919 Treaty of Versailles imposed reparations and territorial losses on Germany, contributing to future tensions.",Many historians view the harsh terms of this treaty as a contributing factor to the rise of tensions leading to World War II.,15,45,"{""World Military History"",""World Wars""}",NDA/CDS,AI-generated for Forge platform,,,,,,,,,,,,
DEF-0453,World Military History,World Wars,Medium,MCQ,"D-Day, a major Allied invasion during World War II, refers to the landings at which location?","Okinawa, Japan","Normandy, France","Stalingrad, Soviet Union","Berlin, Germany",B,The Normandy landings in June 1944 marked a major turning point in the campaign to liberate Western Europe.,It remains one of the largest amphibious military operations in history.,15,45,"{""World Military History"",""World Wars""}",NDA/CDS,AI-generated for Forge platform,,,,,,,,,,,,
DEF-0454,World Military History,World Wars,Medium,MCQ,"Which two cities in Japan were struck by atomic bombs in August 1945, leading to Japan's surrender?",Kyoto and Nagoya,Tokyo and Osaka,Hiroshima and Nagasaki,Yokohama and Kobe,C,"The atomic bombings remain the only use of nuclear weapons in warfare in history, prompting Japan's surrender shortly after.",These events also profoundly shaped subsequent global nuclear weapons policy and disarmament discussions.,15,45,"{""World Military History"",""World Wars""}",NDA/CDS,AI-generated for Forge platform,,,,,,,,,,,,
DEF-0455,World Military History,World Wars,Medium,MCQ,"The Indian National Army (INA), formed to fight for India's independence during WWII, was led by which prominent leader?",Bhagat Singh,Mahatma Gandhi,Jawaharlal Nehru,Subhas Chandra Bose,D,"Bose led the INA with support from Japan, aiming to liberate India from British rule through armed struggle.",The INA's trials after the war became a significant rallying point for the Indian independence movement.,15,45,"{""World Military History"",""World Wars""}",NDA/CDS,AI-generated for Forge platform,,,,,,,,,,,,
DEF-0456,World Military History,Cold War,Medium,MCQ,The Cold War primarily refers to the geopolitical tension between which two superpowers?,The United States and the Soviet Union,China and Japan,India and Pakistan,United Kingdom and France,A,"The Cold War, spanning roughly from the late 1940s to the early 1990s, involved ideological, military, and economic rivalry.","It shaped much of the 20th century's global military alliances, arms races, and regional conflicts.",15,45,"{""World Military History"",""Cold War""}",NDA/CDS,AI-generated for Forge platform,,,,,,,,,,,,
DEF-0457,World Military History,Cold War,Medium,MCQ,The Cuban Missile Crisis of 1962 involved a standoff between the United States and which country?,China,Soviet Union,"Cuba acting entirely independently, with no Soviet involvement",United Kingdom,B,"The crisis arose after the Soviet Union placed nuclear missiles in Cuba, prompting a tense standoff with the United States.",It is widely regarded as one of the closest moments the world came to nuclear war during the Cold War.,15,45,"{""World Military History"",""Cold War""}",NDA/CDS,AI-generated for Forge platform,,,,,,,,,,,,
DEF-0458,World Military History,Cold War,Medium,MCQ,The fall of the Berlin Wall in 1989 symbolised the beginning of the end of which broader political division?,The partition of India,The division between North and South Korea,"The division between East and West Germany, and broadly the Cold War order",The division of Vietnam,C,The wall's fall paved the way for German reunification and symbolised the broader collapse of Soviet-aligned governments in Eastern Europe.,It remains one of the most iconic images marking the end of the Cold War era.,15,45,"{""World Military History"",""Cold War""}",NDA/CDS,AI-generated for Forge platform,,,,,,,,,,,,
DEF-0459,World Military History,Modern Conflicts,Medium,MCQ,The Gulf War of 1990-91 was primarily triggered by Iraq's invasion of which country?,Israel,Saudi Arabia,Iran,Kuwait,D,A US-led international coalition intervened to expel Iraqi forces from Kuwait following the invasion.,The conflict showcased significant advances in precision-guided weaponry and modern combined-arms warfare.,15,45,"{""World Military History"",""Modern Conflicts""}",NDA/CDS,AI-generated for Forge platform,,,,,,,,,,,,
DEF-0460,World Military History,Modern Conflicts,Medium,MCQ,"The September 11, 2001 attacks in the United States led directly to military action in which country shortly after?",Afghanistan,Iraq,Iran,Syria,A,The US launched military operations in Afghanistan targeting al-Qaeda and the Taliban government that had sheltered them.,This marked the beginning of a prolonged conflict that lasted roughly two decades.,15,45,"{""World Military History"",""Modern Conflicts""}",NDA/CDS,AI-generated for Forge platform,,,,,,,,,,,,
DEF-0461,World Military History,International Organisations,Medium,MCQ,"NATO, a major military alliance, was originally formed primarily to counter which perceived threat?",China's rise in the 21st century,The Soviet Union during the Cold War,Piracy in the Indian Ocean,Terrorism in the Middle East,B,NATO was established in 1949 as a collective defence alliance among Western nations against Soviet expansion.,It has since evolved and expanded its membership and mission scope significantly since the Cold War's end.,15,45,"{""World Military History"",""International Organisations""}",NDA/CDS,AI-generated for Forge platform,,,,,,,,,,,,
DEF-0462,World Military History,International Organisations,Medium,MCQ,"The United Nations, established after World War II, has its headquarters in which city?",The Hague,Geneva,New York City,Brussels,C,"The UN was founded in 1945 to promote international peace, security, and cooperation among member states.","Several UN agencies and bodies, however, are headquartered in other cities like Geneva and Vienna.",15,45,"{""World Military History"",""International Organisations""}",NDA/CDS,AI-generated for Forge platform,,,,,,,,,,,,
DEF-0463,World Military History,International Organisations,Medium,MCQ,The UN Security Council has how many permanent members with veto power?,Three,Ten,Fifteen,Five,D,"The five permanent members are the United States, United Kingdom, France, Russia, and China.",India has long advocated for permanent Security Council membership as part of broader UN reform efforts.,15,45,"{""World Military History"",""International Organisations""}",NDA/CDS,AI-generated for Forge platform,,,,,,,,,,,,
DEF-0464,World Military History,Modern Conflicts,Medium,MCQ,The Vietnam War primarily involved conflict between North Vietnam (backed by communist allies) and which other side?,"South Vietnam, backed by the United States and allies",Only internal Vietnamese factions with no foreign involvement,China against Japan,The Soviet Union against the United States directly,A,The prolonged conflict became one of the defining and most controversial military engagements of the Cold War era.,It significantly shaped US military and foreign policy thinking for decades afterward.,15,45,"{""World Military History"",""Modern Conflicts""}",NDA/CDS,AI-generated for Forge platform,,,,,,,,,,,,
DEF-0465,World Military History,Ancient/Medieval History,Medium,MCQ,"The Mauryan Empire, one of ancient India's largest empires, reached its peak under which ruler, known for embracing Buddhism after a bloody war?",Chandragupta Maurya,Ashoka the Great,Akbar,Samudragupta,B,Ashoka's transformation following the bloody Kalinga War is a significant event studied in Indian history and ethics.,"The Ashoka Chakra, India's highest peacetime gallantry award, draws its name from this historical figure.",15,45,"{""World Military History"",""Ancient/Medieval History""}",NDA/CDS,AI-generated for Forge platform,,,,,,,,,,,,
DEF-0466,World Military History,Ancient/Medieval History,Medium,MCQ,"The Battle of Panipat, fought multiple times through Indian history, is significant as a site of which type of decisive battles?",Battles fought entirely at sea,Naval battles controlling Indian Ocean trade,Major battles determining control over northern India,Minor border skirmishes with limited historical impact,C,"Three major battles were fought at Panipat in 1526, 1556, and 1761, each significantly shaping the course of Indian history.",The first Battle of Panipat established Mughal rule in India under Babur.,15,45,"{""World Military History"",""Ancient/Medieval History""}",NDA/CDS,AI-generated for Forge platform,,,,,,,,,,,,
DEF-0467,World Military History,Ancient/Medieval History,Medium,MCQ,The Chola dynasty of southern India was particularly notable for its strength in which military domain?,Guerrilla warfare in mountainous terrain,Exclusively land-based cavalry warfare,Fortification techniques with no naval activity,Naval power and maritime expansion,D,The Cholas built a powerful navy that extended their influence across South-East Asia and the Indian Ocean.,Their maritime achievements are considered a high point of ancient Indian naval history.,15,45,"{""World Military History"",""Ancient/Medieval History""}",NDA/CDS,AI-generated for Forge platform,,,,,,,,,,,,
DEF-0468,World Military History,Ancient/Medieval History,Medium,MCQ,"The Maratha Empire, which challenged Mughal dominance, was founded by which prominent leader?",Chhatrapati Shivaji Maharaj,Chandragupta Maurya,Akbar,Prithviraj Chauhan,A,Shivaji's guerrilla tactics and administrative innovations laid the foundation for the powerful Maratha Empire.,His military strategies are still studied for their innovative use of terrain and mobility.,15,45,"{""World Military History"",""Ancient/Medieval History""}",NDA/CDS,AI-generated for Forge platform,,,,,,,,,,,,
DEF-0469,World Military History,Colonial History,Medium,MCQ,"The 1857 uprising against British rule, sometimes called India's First War of Independence, began primarily in which region?","Southern India, notably Madras","Northern India, notably around Meerut and Delhi",Only in Bengal,Only in Punjab,B,The uprising involved widespread participation from soldiers (sepoys) and civilians across parts of northern and central India.,"It marked a significant turning point, eventually leading to the transfer of control from the East India Company to the British Crown.",15,45,"{""World Military History"",""Colonial History""}",NDA/CDS,AI-generated for Forge platform,,,,,,,,,,,,
DEF-0470,World Military History,Colonial History,Medium,MCQ,The Jallianwala Bagh massacre of 1919 took place in which city?,Lahore,Delhi,Amritsar,Lucknow,C,"British troops fired on a peaceful gathering, killing hundreds of unarmed civilians, an event that galvanised the independence movement.",The site is now preserved as a memorial to those who lost their lives.,15,45,"{""World Military History"",""Colonial History""}",NDA/CDS,AI-generated for Forge platform,,,,,,,,,,,,
DEF-0471,World Military History,World History,Medium,MCQ,"The concept of 'total war', where entire national resources and populations are mobilised for conflict, is most closely associated with which era?",19th century colonial skirmishes exclusively,Ancient Roman conquests exclusively,Medieval European jousting tournaments,The World Wars of the 20th century,D,"Total war mobilises a nation's entire economy, industry, and population toward the war effort, a defining feature of the World Wars.",This concept significantly shaped how nations organised their societies and economies during major 20th-century conflicts.,15,45,"{""World Military History"",""World History""}",NDA/CDS,AI-generated for Forge platform,,,,,,,,,,,,
DEF-0472,World Military History,World History,Medium,MCQ,"The term 'Blitzkrieg', associated with rapid, coordinated military offensives, was prominently used by which country during WWII?",Germany,United Kingdom,Soviet Union,United States,A,"Blitzkrieg tactics combined fast-moving armoured units, air support, and infantry to achieve rapid breakthroughs.",The approach proved highly effective in the early years of WWII before Allied forces adapted their strategies.,15,45,"{""World Military History"",""World History""}",NDA/CDS,AI-generated for Forge platform,,,,,,,,,,,,
DEF-0473,World Military History,International Relations,Medium,MCQ,The Treaty of Tordesillas historically divided colonial claims between which two European powers?,Britain and France,Spain and Portugal,Netherlands and Britain,Germany and Italy,B,This 15th-century treaty aimed to resolve competing claims to newly explored territories between the two Iberian powers.,It reflects an early example of formal international agreements shaping colonial expansion.,15,45,"{""World Military History"",""International Relations""}",NDA/CDS,AI-generated for Forge platform,,,,,,,,,,,,
DEF-0474,World Military History,General Awareness,Medium,MCQ,The term 'Pax Romana' historically refers to which period of relative peace and stability?,A ceasefire period during the Cold War,A brief truce during World War I,A lengthy period of stability across the Roman Empire,A peace treaty ending the Napoleonic Wars,C,Pax Romana describes roughly two centuries of relative peace and stability under Roman imperial rule.,The concept has since been used more broadly to describe similar periods of stability under dominant powers.,15,45,"{""World Military History"",""General Awareness""}",NDA/CDS,AI-generated for Forge platform,,,,,,,,,,,,
DEF-0475,World Military History,General Awareness,Medium,MCQ,"Alexander the Great's military campaigns extended his empire from Greece to which region, including parts of ancient India?","Only into North Africa, with no eastern campaigns",Only as far as Persia,Only within Greece and nearby islands,The Indus Valley region,D,"Alexander's campaigns reached the Indus region before his troops, exhausted from years of campaigning, compelled him to turn back.",His military tactics and campaigns remain widely studied in military history and strategy courses.,15,45,"{""World Military History"",""General Awareness""}",NDA/CDS,AI-generated for Forge platform,,,,,,,,,,,,
DEF-0476,World Military History,General Awareness,Medium,MCQ,"The term 'Pyrrhic victory', describing a victory that comes at a devastating cost, originates from which historical figure?",King Pyrrhus of Epirus,Alexander the Great,Julius Caesar,Napoleon Bonaparte,A,"Pyrrhus reportedly remarked that another such victory against the Romans would ruin his forces entirely, giving rise to the term.",The phrase is commonly used today to describe any success that comes at too great a cost to be considered a true win.,15,45,"{""World Military History"",""General Awareness""}",NDA/CDS,AI-generated for Forge platform,,,,,,,,,,,,
DEF-0477,World Military History,General Awareness,Medium,MCQ,"The 'Great Game', a term describing 19th-century geopolitical rivalry over Central Asia, was primarily played out between which two empires?",The French Empire and the German Empire,The British Empire and the Russian Empire,The Ottoman Empire and Austria-Hungary,The Chinese Empire and the Japanese Empire,B,This rivalry centred on strategic influence over Central Asia and the approaches to British India.,Elements of this historical strategic competition are sometimes referenced in modern discussions of regional geopolitics.,15,45,"{""World Military History"",""General Awareness""}",NDA/CDS,AI-generated for Forge platform,,,,,,,,,,,,
DEF-0478,"Coast Guard, Veterans & Miscellaneous",Coast Guard,Easy,MCQ,The Indian Coast Guard was established in which year?,1962,1950,1978,1990,C,The Coast Guard was set up to address gaps in maritime law enforcement and coastal security not covered by the Navy's primary combat role.,It has since grown into a significant force with a wide range of vessels and aircraft.,10,45,"{""Coast Guard, Veterans & Miscellaneous"",""Coast Guard""}",NDA/CDS/AFCAT/SSB,AI-generated for Forge platform,,,,,,,,,,,,
DEF-0479,"Coast Guard, Veterans & Miscellaneous",Coast Guard,Medium,MCQ,The motto of the Indian Coast Guard reflects which core duty?,Exclusively international diplomacy,Exclusively deep-sea combat operations,Exclusively space-based surveillance,"Protection of life and property at sea, and safeguarding maritime interests",D,"The Coast Guard focuses on search and rescue, anti-smuggling, fisheries protection, and marine pollution control, among other duties.","It works closely with the Navy, especially during heightened security situations.",15,45,"{""Coast Guard, Veterans & Miscellaneous"",""Coast Guard""}",NDA/CDS/AFCAT/SSB,AI-generated for Forge platform,,,,,,,,,,,,
DEF-0480,"Coast Guard, Veterans & Miscellaneous",Disaster Response,Medium,MCQ,"The National Disaster Response Force (NDRF), which often works alongside the armed forces, operates under which ministry?",Ministry of Home Affairs,Ministry of Defence,Ministry of Environment,Ministry of Health,A,"NDRF specialises in responding to natural and man-made disasters, complementing the armed forces' disaster relief capabilities.",The armed forces are frequently called upon for large-scale disaster relief operations due to their logistics and manpower capabilities.,15,45,"{""Coast Guard, Veterans & Miscellaneous"",""Disaster Response""}",NDA/CDS/AFCAT/SSB,AI-generated for Forge platform,,,,,,,,,,,,
DEF-0481,"Coast Guard, Veterans & Miscellaneous",Adventure & Sports,Medium,MCQ,"Which branch of the Indian Army is particularly associated with promoting mountaineering expeditions, including Everest summits?",The Corps of Signals exclusively,The Indian Mountaineering Foundation works closely with armed forces personnel on many expeditions,The Army Postal Service exclusively,The Judge Advocate General's Department exclusively,B,"Armed forces personnel have been part of numerous historic mountaineering expeditions, including early Indian Everest summits.","Such expeditions are seen as building endurance, teamwork, and the adventurous spirit valued in military training.",15,45,"{""Coast Guard, Veterans & Miscellaneous"",""Adventure & Sports""}",NDA/CDS/AFCAT/SSB,AI-generated for Forge platform,,,,,,,,,,,,
DEF-0482,"Coast Guard, Veterans & Miscellaneous",Adventure & Sports,Medium,MCQ,The Services Sports Control Board oversees which aspect of the armed forces?,Officer pension calculations,Court martial proceedings,Promotion of sports and physical fitness activities across the services,Weapons procurement decisions,C,"This body promotes competitive sports within the armed forces, contributing to fitness and esprit de corps.",Many of India's Olympic and international athletes have emerged from armed forces sporting programmes.,15,45,"{""Coast Guard, Veterans & Miscellaneous"",""Adventure & Sports""}",NDA/CDS/AFCAT/SSB,AI-generated for Forge platform,,,,,,,,,,,,
DEF-0483,"Coast Guard, Veterans & Miscellaneous",Women in Forces,Medium,MCQ,"Which of these roles became open to women in the Indian Navy relatively recently, marking a significant policy shift?",No roles have changed for women in the Navy,Serving in any Navy job since the Navy's founding,"Only administrative roles, unchanged for decades",Serving aboard warships in seagoing roles,D,"Women officers have increasingly been inducted into seagoing branches, reflecting a broader expansion of roles across the armed forces.",This mirrors similar expansions of opportunities for women across the Army and Air Force in recent years.,15,45,"{""Coast Guard, Veterans & Miscellaneous"",""Women in Forces""}",NDA/CDS/AFCAT/SSB,AI-generated for Forge platform,,,,,,,,,,,,
DEF-0484,"Coast Guard, Veterans & Miscellaneous",Women in Forces,Medium,MCQ,"Which Indian Air Force role did women become eligible for starting in 2016, marking a historic first?",Fighter pilot,Ground duty officer (already long open to women),Administrative officer (already long open to women),Air traffic controller (already long open to women),A,"Prior to 2016, women could serve as pilots in transport and helicopter roles but not as fighter pilots.",This policy change opened up frontline combat aviation careers to women for the first time.,15,45,"{""Coast Guard, Veterans & Miscellaneous"",""Women in Forces""}",NDA/CDS/AFCAT/SSB,AI-generated for Forge platform,,,,,,,,,,,,
DEF-0485,"Coast Guard, Veterans & Miscellaneous",Veterans,Medium,MCQ,Ex-servicemen' typically refers to individuals who have done which of the following?,Only officers who reached the rank of General,Completed a term of service in the armed forces and been honourably discharged or retired,Only personnel dishonourably discharged,Civilians who once worked for a defence contractor,B,Various welfare schemes and reservation benefits are specifically designed to support ex-servicemen and their families.,Understanding this distinction is often useful general knowledge for those interested in defence-related careers and policies.,15,45,"{""Coast Guard, Veterans & Miscellaneous"",""Veterans""}",NDA/CDS/AFCAT/SSB,AI-generated for Forge platform,,,,,,,,,,,,
DEF-0486,"Coast Guard, Veterans & Miscellaneous",Veterans,Medium,MCQ,"The 'One Rank One Pension' (OROP) scheme, a significant policy affecting veterans, primarily addresses what issue?",Guaranteeing government jobs to all veterans' children,Providing free housing to all veterans,"Ensuring uniform pension for personnel of the same rank and service length, regardless of retirement date",Waiving all taxes for veterans,C,"OROP was a long-standing demand from veterans' associations, implemented after years of policy discussion and debate.",It remains a significant and sometimes debated topic in discussions of military welfare policy.,15,45,"{""Coast Guard, Veterans & Miscellaneous"",""Veterans""}",NDA/CDS/AFCAT/SSB,AI-generated for Forge platform,,,,,,,,,,,,
DEF-0487,"Coast Guard, Veterans & Miscellaneous",Uniforms & Symbols,Medium,MCQ,"The Ashoka Emblem, India's national emblem, is derived from which historical monument?",The Konark Sun Temple,The Red Fort in Delhi,The Qutub Minar,The Lion Capital of Ashoka at Sarnath,D,"The emblem, adopted in 1950, is based on a sculpture erected by Emperor Ashoka in the 3rd century BCE.","It appears on official government documents, currency, and various military insignia.",15,45,"{""Coast Guard, Veterans & Miscellaneous"",""Uniforms & Symbols""}",NDA/CDS/AFCAT/SSB,AI-generated for Forge platform,,,,,,,,,,,,
DEF-0488,"Coast Guard, Veterans & Miscellaneous",Uniforms & Symbols,Medium,MCQ,"The Indian national flag's tricolour consists of which three colours, from top to bottom?","Saffron, white, and green","Green, white, and saffron","Blue, white, and red","Red, white, and green",A,"The flag also features the Ashoka Chakra, a 24-spoke wheel, in navy blue at its centre.","Strict protocols govern the flag's display, folding, and disposal, which are also relevant to military ceremonial practice.",15,45,"{""Coast Guard, Veterans & Miscellaneous"",""Uniforms & Symbols""}",NDA/CDS/AFCAT/SSB,AI-generated for Forge platform,,,,,,,,,,,,
DEF-0489,"Coast Guard, Veterans & Miscellaneous",General Knowledge,Medium,MCQ,"The 'Kartavya Path' in New Delhi, the venue for the Republic Day parade, was formerly known by which name?",Janpath,Rajpath,Sansad Marg,Vijay Chowk,B,The avenue was renamed as part of a broader initiative to move away from certain colonial-era names and associations.,It remains one of the most significant ceremonial locations in the national capital.,15,45,"{""Coast Guard, Veterans & Miscellaneous"",""General Knowledge""}",NDA/CDS/AFCAT/SSB,AI-generated for Forge platform,,,,,,,,,,,,
DEF-0490,"Coast Guard, Veterans & Miscellaneous",Space & Science,Medium,MCQ,"Rakesh Sharma, India's first astronaut, flew to space in 1984 as part of a joint mission with which country?",France,United States,Soviet Union,China,C,"Sharma flew aboard a Soviet Soyuz mission, becoming the first Indian citizen to travel to space.","He was an Indian Air Force pilot before his selection for the space mission, connecting the achievement to India's defence aviation talent pool.",15,45,"{""Coast Guard, Veterans & Miscellaneous"",""Space & Science""}",NDA/CDS/AFCAT/SSB,AI-generated for Forge platform,,,,,,,,,,,,
DEF-0491,"Coast Guard, Veterans & Miscellaneous",Adventure & Sports,Medium,MCQ,"INS Tarangini and INS Sudarshini, sail training ships of the Indian Navy, are primarily used for what purpose?",Missile testing,Anti-submarine warfare,Aircraft carrier operations,Training naval cadets in traditional sailing and seamanship skills,D,"These sailing vessels have also undertaken long-distance training voyages, including circumnavigations, to build seamanship and endurance.",Such voyages are considered valuable for building character and leadership qualities among young naval officers.,15,45,"{""Coast Guard, Veterans & Miscellaneous"",""Adventure & Sports""}",NDA/CDS/AFCAT/SSB,AI-generated for Forge platform,,,,,,,,,,,,
DEF-0492,"Coast Guard, Veterans & Miscellaneous",General Knowledge,Medium,MCQ,The 'Har Ghar Tiranga' campaign encouraged citizens to do what as part of India's 75th independence anniversary celebrations?,Display the national flag at their homes,Enlist in the armed forces,Donate to veteran welfare funds exclusively,Plant trees exclusively,A,The campaign aimed to foster a personal connection to the national flag among citizens during the 'Azadi Ka Amrit Mahotsav' celebrations.,It reflected broader efforts to engage the public more directly in national commemorative events.,15,45,"{""Coast Guard, Veterans & Miscellaneous"",""General Knowledge""}",NDA/CDS/AFCAT/SSB,AI-generated for Forge platform,,,,,,,,,,,,
DEF-0493,"Coast Guard, Veterans & Miscellaneous",General Knowledge,Medium,MCQ,Azadi Ka Amrit Mahotsav' was a series of events commemorating which milestone in India's history?,50 years of the Kargil War,75 years of independence,100 years of the Indian Air Force,150 years of the Indian Army,B,The commemorations ran over an extended period leading up to and beyond the 75th anniversary of independence in 2022.,Various defence-related exhibitions and events were part of the broader commemorative programme.,15,45,"{""Coast Guard, Veterans & Miscellaneous"",""General Knowledge""}",NDA/CDS/AFCAT/SSB,AI-generated for Forge platform,,,,,,,,,,,,
DEF-0494,"Coast Guard, Veterans & Miscellaneous",General Knowledge,Medium,MCQ,"The 'Statue of Unity', the world's tallest statue, depicts which Indian historical figure closely associated with national integration?",Jawaharlal Nehru,Mahatma Gandhi,Sardar Vallabhbhai Patel,Subhas Chandra Bose,C,"Patel played a crucial role in integrating over 500 princely states into the Indian union after independence, a process with significant strategic and security implications.","The statue is located in Gujarat, overlooking the Narmada river.",15,45,"{""Coast Guard, Veterans & Miscellaneous"",""General Knowledge""}",NDA/CDS/AFCAT/SSB,AI-generated for Forge platform,,,,,,,,,,,,
DEF-0495,"Coast Guard, Veterans & Miscellaneous",General Knowledge,Medium,MCQ,Which of these best describes the role of the President of India in relation to the armed forces?,Direct commander of only the Air Force,Day-to-day operational commander of all military units,Head of the Ministry of Defence's bureaucratic staff,"Supreme Commander of the Indian Armed Forces, a largely ceremonial constitutional role",D,"While the President holds the ceremonial title of Supreme Commander, operational command runs through the respective service chiefs and the government.",This structure reflects India's broader system of civilian oversight of the armed forces.,15,45,"{""Coast Guard, Veterans & Miscellaneous"",""General Knowledge""}",NDA/CDS/AFCAT/SSB,AI-generated for Forge platform,,,,,,,,,,,,
DEF-0496,"Coast Guard, Veterans & Miscellaneous",General Knowledge,Medium,MCQ,The 'Cash-for-votes' and similar scandals are examples of what broader category of governance issue sometimes studied alongside defence ethics topics?,Political corruption and governance integrity issues,Military tactics,Naval navigation techniques,Aircraft maintenance procedures,A,"Understanding governance and ethics issues broadly is often considered useful general awareness for competitive exam preparation, including for defence aspirants.",Such topics may appear in general knowledge sections of exams like CDS and AFCAT.,15,45,"{""Coast Guard, Veterans & Miscellaneous"",""General Knowledge""}",NDA/CDS/AFCAT/SSB,AI-generated for Forge platform,,,,,,,,,,,,
DEF-0497,"Coast Guard, Veterans & Miscellaneous",General Knowledge,Medium,MCQ,"Which Indian Space Research Organisation (ISRO) mission successfully placed a spacecraft in Mars orbit in 2014, a notable achievement relevant to India's broader strategic technology base?",Chandrayaan-1,Mangalyaan (Mars Orbiter Mission),Aditya-L1,Gaganyaan,B,India became the first country to successfully reach Mars orbit on its first attempt with this mission.,"While a civilian space mission, such achievements are often referenced alongside defence technology accomplishments in general awareness contexts.",15,45,"{""Coast Guard, Veterans & Miscellaneous"",""General Knowledge""}",NDA/CDS/AFCAT/SSB,AI-generated for Forge platform,,,,,,,,,,,,
DEF-0498,"Coast Guard, Veterans & Miscellaneous",General Knowledge,Medium,MCQ,"Gaganyaan, India's upcoming human spaceflight programme, involves close coordination between ISRO and which other body, given the role of test pilots?",The Ministry of Railways,The Indian Coast Guard,"The Indian Air Force, for astronaut training and selection",The Central Reserve Police Force,C,IAF test pilots have been selected and trained as part of preparations for India's first indigenous human spaceflight mission.,This reflects the close historical relationship between military aviation expertise and space exploration efforts.,15,45,"{""Coast Guard, Veterans & Miscellaneous"",""General Knowledge""}",NDA/CDS/AFCAT/SSB,AI-generated for Forge platform,,,,,,,,,,,,
DEF-0499,"Coast Guard, Veterans & Miscellaneous",General Knowledge,Medium,MCQ,The 'Made in India' defence export target set by the government in recent years primarily aims to boost which economic activity?,Agricultural exports,Imports of foreign weapons systems,Foreign tourism to India,Exports of indigenously manufactured defence equipment,D,Boosting defence exports is seen as a way to strengthen India's domestic defence industrial base and reduce costs through economies of scale.,Products like the Akash missile system and various naval vessels have featured in India's growing defence export efforts.,15,45,"{""Coast Guard, Veterans & Miscellaneous"",""General Knowledge""}",NDA/CDS/AFCAT/SSB,AI-generated for Forge platform,,,,,,,,,,,,
DEF-0500,"Coast Guard, Veterans & Miscellaneous",General Knowledge,Medium,MCQ,"Which of these is generally considered a core value emphasised in Indian military training and ethos, alongside courage and discipline?",Integrity and selfless service,Personal financial gain above unit cohesion,Avoiding responsibility during difficult decisions,Prioritising individual recognition over team success,A,"Military training across the Indian armed forces places strong emphasis on values like integrity, discipline, and service before self.",These values are considered central to effective leadership and unit cohesion in high-stress environments.,15,45,"{""Coast Guard, Veterans & Miscellaneous"",""General Knowledge""}",NDA/CDS/AFCAT/SSB,AI-generated for Forge platform,,,,,,,,,,,,
S2-SW-001,Indian Armed Forces,Ranks,Easy,SingleWord,"The Indian Army's highest active field rank, held by a General, is simply called ________.",,,,,General,"The senior-most active operational rank; Field Marshal is a rare, largely ceremonial five-star rank.",,,,,,,Forge_Session2_Generated.csv,,,,,,,,,,,
S2-SW-002,Indian Armed Forces,Navy,Medium,SingleWord,The Western Naval Command is headquartered at ________.,,,,,Mumbai,Mumbai hosts India's primary western naval headquarters.,,,,,,,Forge_Session2_Generated.csv,,,,,,,,,,,
S2-SW-003,Indian Armed Forces,Air Force,Medium,SingleWord,The IAF's helicopter aerobatic display team is called ________.,,,,,Sarang,Sarang performs helicopter aerobatic displays using the indigenous Dhruv helicopter.,,,,,,,Forge_Session2_Generated.csv,,,,,,,,,,,
S2-SW-004,Military History,Wars,Easy,SingleWord,The 1999 conflict fought in the icy heights of Jammu and Kashmir is known as the ________ War.,,,,,Kargil,Fought between May and July 1999 after infiltration across the LoC.,,,,,,,Forge_Session2_Generated.csv,,,,,,,,,,,
S2-SW-005,Military History,Operations,Medium,SingleWord,India's 1984 operation to secure the Siachen Glacier was codenamed ________.,,,,,Meghdoot,"Meghdoot means 'cloud messenger', named after a classical Sanskrit poem.",,,,,,,Forge_Session2_Generated.csv,,,,,,,,,,,
S2-SW-006,Defence Awareness,Gallantry Awards,Easy,SingleWord,India's highest peacetime gallantry award is the ________ Chakra.,,,,,Ashok,Awarded for the most conspicuous bravery away from direct combat with an enemy.,,,,,,,Forge_Session2_Generated.csv,,,,,,,,,,,
S2-SW-007,Defence Awareness,Organisations,Medium,SingleWord,India's primary defence research body is abbreviated as ________.,,,,,DRDO,Stands for Defence Research and Development Organisation.,,,,,,,Forge_Session2_Generated.csv,,,,,,,,,,,
S2-SW-008,Geography,Physical Geography,Easy,SingleWord,The southernmost tip of mainland India is called ________.,,,,,Kanyakumari,"Located where the Arabian Sea, Bay of Bengal, and Indian Ocean meet.",,,,,,,Forge_Session2_Generated.csv,,,,,,,,,,,
S2-SW-009,Geography,Mountains,Medium,SingleWord,The mountain range forming India's northern border is the ________.,,,,,Himalayas,"The world's highest mountain range, spanning several northern states.",,,,,,,Forge_Session2_Generated.csv,,,,,,,,,,,
S2-SW-010,General Knowledge,National Symbols,Easy,SingleWord,India's national emblem is derived from the Lion Capital at ________.,,,,,Sarnath,Erected by Emperor Ashoka in the 3rd century BCE.,,,,,,,Forge_Session2_Generated.csv,,,,,,,,,,,
S2-SW-011,Psychology,WAT,Medium,SingleWord,Word: Discipline,,,,,Order,"A word association reflecting structured, rule-following behaviour.",,,,,,,Forge_Session2_Generated.csv,,,,,,,,,,,
S2-SW-012,Psychology,WAT,Medium,SingleWord,Word: Courage,,,,,Bravery,A direct association reflecting fearlessness in the face of danger.,,,,,,,Forge_Session2_Generated.csv,,,,,,,,,,,
S2-SW-013,Officer Like Qualities,OLQ Terms,Medium,SingleWord,The quality of taking action without being told is called ________.,,,,,Initiative,A core OLQ assessed throughout the SSB process.,,,,,,,Forge_Session2_Generated.csv,,,,,,,,,,,
S2-SW-014,Officer Like Qualities,OLQ Terms,Medium,SingleWord,The ability to adjust to new people and environments is called social ________.,,,,,Adaptability,One of the fifteen Officer Like Qualities assessed at SSB.,,,,,,,Forge_Session2_Generated.csv,,,,,,,,,,,
S2-SW-015,Logical Thinking,Series,Medium,SingleWord,"In the series 2, 4, 8, 16, ?, the next number is ________.",,,,,32,Each term doubles the previous one.,,,,,,,Forge_Session2_Generated.csv,,,,,,,,,,,
S2-SW-016,Logical Thinking,Analogy,Easy,SingleWord,Pen is to Write as Knife is to ________.,,,,,Cut,"A knife's primary function is cutting, paralleling a pen's function of writing.",,,,,,,Forge_Session2_Generated.csv,,,,,,,,,,,
S2-SW-017,Basic Mathematics,Arithmetic,Easy,SingleWord,15% of 200 is ________.,,,,,30,15/100 multiplied by 200 equals 30.,,,,,,,Forge_Session2_Generated.csv,,,,,,,,,,,
S2-SW-018,Basic Mathematics,Arithmetic,Medium,SingleWord,The square root of 144 is ________.,,,,,12,12 multiplied by itself equals 144.,,,,,,,Forge_Session2_Generated.csv,,,,,,,,,,,
S2-SW-019,Observation,Detail Recall,Medium,SingleWord,The colour that results from mixing blue and yellow is ________.,,,,,Green,A basic principle of colour mixing in the visible spectrum.,,,,,,,Forge_Session2_Generated.csv,,,,,,,,,,,
S2-SW-020,General Knowledge,Defence Equipment,Medium,SingleWord,BrahMos is classified as a supersonic ________ missile.,,,,,Cruise,BrahMos travels at nearly three times the speed of sound.,,,,,,,Forge_Session2_Generated.csv,,,,,,,,,,,
S2-SW-021,Current Affairs,Government Schemes,Medium,SingleWord,The scheme for regional air connectivity in India is called ________.,,,,,UDAN,Stands for 'Ude Desh ka Aam Naagrik'.,,,,,,,Forge_Session2_Generated.csv,,,,,,,,,,,
S2-NUM-001,Indian Armed Forces,Structure,Medium,Numeric,How many operational commands does the Indian Army have?,,,,,7,"The Army has seven operational commands, each headed by a Lieutenant General.",,,,,,,Forge_Session2_Generated.csv,,,,,,,,,,,
S2-NUM-002,Indian Armed Forces,Structure,Medium,Numeric,How many operational commands does the Indian Navy have?,,,,,3,"The Navy has three commands: Western, Eastern, and Southern Naval Commands.",,,,,,,Forge_Session2_Generated.csv,,,,,,,,,,,
S2-NUM-003,Indian Armed Forces,Structure,Medium,Numeric,How many operational and functional commands does the Indian Air Force have in total?,,,,,7,Five operational commands plus two functional commands (Training and Maintenance).,,,,,,,Forge_Session2_Generated.csv,,,,,,,,,,,
S2-NUM-004,Defence Awareness,National Days,Easy,Numeric,On which date in January is Indian Army Day celebrated?,,,,,15,Army Day marks Field Marshal K.M. Cariappa becoming the first Indian Commander-in-Chief in 1949.,,,,,,,Forge_Session2_Generated.csv,,,,,,,,,,,
S2-NUM-005,Defence Awareness,National Days,Easy,Numeric,On which date in December is Indian Navy Day celebrated?,,,,,4,Navy Day marks Operation Trident's strike on Karachi harbour during the 1971 war.,,,,,,,Forge_Session2_Generated.csv,,,,,,,,,,,
S2-NUM-006,Defence Awareness,National Days,Easy,Numeric,On which date in October is Indian Air Force Day celebrated?,,,,,8,IAF Day marks the founding of the Indian Air Force in 1932.,,,,,,,Forge_Session2_Generated.csv,,,,,,,,,,,
S2-NUM-007,Military History,Wars,Medium,Numeric,In what year did the Kargil War take place?,,,,,1999,The Kargil War was fought between May and July 1999.,,,,,,,Forge_Session2_Generated.csv,,,,,,,,,,,
S2-NUM-008,Military History,Wars,Medium,Numeric,In what year did India and Pakistan fight the war that led to the creation of Bangladesh?,,,,,1971,The war lasted just 13 days on the eastern front before Dhaka fell.,,,,,,,Forge_Session2_Generated.csv,,,,,,,,,,,
S2-NUM-009,Military History,Wars,Medium,Numeric,In what year was Operation Meghdoot launched to secure the Siachen Glacier?,,,,,1984,India occupied key passes on the glacier ahead of a suspected rival move.,,,,,,,Forge_Session2_Generated.csv,,,,,,,,,,,
S2-NUM-010,Basic Mathematics,Arithmetic,Easy,Numeric,What is 25% of 400?,,,,,100,25/100 multiplied by 400 equals 100.,,,,,,,Forge_Session2_Generated.csv,,,,,,,,,,,
S2-NUM-011,Basic Mathematics,Arithmetic,Easy,Numeric,What is the sum of the first five natural numbers?,,,,,15,1+2+3+4+5 equals 15.,,,,,,,Forge_Session2_Generated.csv,,,,,,,,,,,
S2-NUM-012,Basic Mathematics,Arithmetic,Medium,Numeric,What is 17 multiplied by 6?,,,,,102,A direct multiplication calculation.,,,,,,,Forge_Session2_Generated.csv,,,,,,,,,,,
S2-NUM-013,Basic Mathematics,Arithmetic,Medium,Numeric,What is the square of 13?,,,,,169,13 multiplied by itself equals 169.,,,,,,,Forge_Session2_Generated.csv,,,,,,,,,,,
S2-NUM-014,Basic Mathematics,Arithmetic,Hard,Numeric,"What is 144 divided by 12, then multiplied by 5?",,,,,60,"144/12 equals 12, and 12 multiplied by 5 equals 60.",,,,,,,Forge_Session2_Generated.csv,,,,,,,,,,,
S2-NUM-015,Basic Mathematics,Percentages,Medium,Numeric,A shirt priced at 800 rupees is sold at a 25% discount. What is the discount amount in rupees?,,,,,200,25% of 800 is 200.,,,,,,,Forge_Session2_Generated.csv,,,,,,,,,,,
S2-NUM-016,Logical Thinking,Series,Medium,Numeric,"In the series 3, 6, 12, 24, ?, what is the next number?",,,,,48,Each term doubles the previous term.,,,,,,,Forge_Session2_Generated.csv,,,,,,,,,,,
S2-NUM-017,Logical Thinking,Series,Medium,Numeric,"In the series 1, 4, 9, 16, 25, ?, what is the next number?",,,,,36,"This is a series of perfect squares: 1,4,9,16,25,36.",,,,,,,Forge_Session2_Generated.csv,,,,,,,,,,,
S2-NUM-018,Logical Thinking,Series,Hard,Numeric,"In the series 2, 6, 12, 20, 30, ?, what is the next number?",,,,,42,"The differences between terms increase by 2 each time: 4,6,8,10,12.",,,,,,,Forge_Session2_Generated.csv,,,,,,,,,,,
S2-NUM-019,Logical Thinking,Puzzles,Hard,Numeric,"A boy has 3 times as many sisters as brothers. If he has 2 brothers, how many sisters does he have?",,,,,6,"With 2 brothers, 3 times that number gives 6 sisters.",,,,,,,Forge_Session2_Generated.csv,,,,,,,,,,,
S2-NUM-020,Observation,Counting,Easy,Numeric,How many sides does a hexagon have?,,,,,6,A hexagon is a polygon with six sides.,,,,,,,Forge_Session2_Generated.csv,,,,,,,,,,,
S2-NUM-021,Observation,Counting,Easy,Numeric,How many players are there on a standard football team on the field at one time?,,,,,11,Each football team fields eleven players during a match.,,,,,,,Forge_Session2_Generated.csv,,,,,,,,,,,
S2-NUM-022,Observation,Counting,Medium,Numeric,How many time zones does mainland India officially use?,,,,,1,"India uses a single time zone, IST, despite its wide east-west span.",,,,,,,Forge_Session2_Generated.csv,,,,,,,,,,,
S2-NUM-023,Geography,States,Medium,Numeric,How many states does India currently have?,,,,,28,India has 28 states and 8 union territories as per current administrative divisions.,,,,,,,Forge_Session2_Generated.csv,,,,,,,,,,,
S2-NUM-024,Geography,Borders,Medium,Numeric,With how many countries does India share a land border?,,,,,7,"India shares land borders with Pakistan, China, Nepal, Bhutan, Bangladesh, Myanmar, and Afghanistan.",,,,,,,Forge_Session2_Generated.csv,,,,,,,,,,,
S2-NUM-025,Geography,Physical Geography,Hard,Numeric,Approximately how many kilometers long is India's coastline?,,,,,7517,"India's coastline spans approximately 7,517 kilometers including island territories.",,,,,,,Forge_Session2_Generated.csv,,,,,,,,,,,
S2-NUM-026,General Knowledge,Constitution,Medium,Numeric,How many fundamental rights are guaranteed by the Indian Constitution?,,,,,6,"The Constitution originally guaranteed seven; the Right to Property was later removed, leaving six.",,,,,,,Forge_Session2_Generated.csv,,,,,,,,,,,
S2-NUM-027,General Knowledge,National Symbols,Easy,Numeric,How many spokes does the Ashoka Chakra on the Indian flag have?,,,,,24,"The wheel has 24 spokes, symbolising the eternal wheel of law.",,,,,,,Forge_Session2_Generated.csv,,,,,,,,,,,
S2-NUM-028,Psychology,OLQ Assessment,Medium,Numeric,How many Officer Like Qualities are typically assessed during the SSB process?,,,,,15,SSB assessors evaluate fifteen distinct qualities across the multi-day process.,,,,,,,Forge_Session2_Generated.csv,,,,,,,,,,,
S2-NUM-029,Officer Like Qualities,SSB Process,Medium,Numeric,Over how many days does a typical SSB selection process usually run?,,,,,5,"The standard SSB process typically spans five days, including screening, testing, and interviews.",,,,,,,Forge_Session2_Generated.csv,,,,,,,,,,,
S2-NUM-030,Defence Awareness,Gallantry Awards,Hard,Numeric,Approximately how many Param Vir Chakras have been awarded since India's independence?,,,,,21,India's highest gallantry award has been conferred around 21 times since 1947.,,,,,,,Forge_Session2_Generated.csv,,,,,,,,,,,
S2-TF-001,Indian Armed Forces,Ranks,Easy,TrueFalse,Field Marshal is the highest rank in the Indian Army.,,,,,TRUE,"It is a five-star rank, conferred only twice in Indian history.",,,,,,,Forge_Session2_Generated.csv,,,,,,,,,,,
S2-TF-002,Indian Armed Forces,Navy,Medium,TrueFalse,INS Vikrant is India's first indigenously built aircraft carrier.,,,,,TRUE,"Commissioned in 2022, it was built at Cochin Shipyard Limited.",,,,,,,Forge_Session2_Generated.csv,,,,,,,,,,,
S2-TF-003,Indian Armed Forces,Air Force,Medium,TrueFalse,"The Tejas fighter jet is manufactured by DRDO alone, with no involvement from HAL.",,,,,FALSE,"HAL manufactures the Tejas, though DRDO and other agencies were involved in its design.",,,,,,,Forge_Session2_Generated.csv,,,,,,,,,,,
S2-TF-004,Indian Armed Forces,Structure,Medium,TrueFalse,The Indian Army has five operational commands.,,,,,FALSE,The Indian Army has seven operational commands.,,,,,,,Forge_Session2_Generated.csv,,,,,,,,,,,
S2-TF-005,Indian Armed Forces,Structure,Easy,TrueFalse,The Indian Coast Guard is part of the Indian Navy.,,,,,FALSE,The Coast Guard is a distinct organisation operating under the Ministry of Defence.,,,,,,,Forge_Session2_Generated.csv,,,,,,,,,,,
S2-TF-006,Military History,Wars,Medium,TrueFalse,The 1965 Indo-Pak War began after Pakistan launched Operation Gibraltar.,,,,,TRUE,"Operation Gibraltar aimed to infiltrate forces into Kashmir, triggering the war.",,,,,,,Forge_Session2_Generated.csv,,,,,,,,,,,
S2-TF-007,Military History,Wars,Medium,TrueFalse,The 1971 war lasted for more than two months on the eastern front.,,,,,FALSE,The eastern front campaign concluded in just 13 days.,,,,,,,Forge_Session2_Generated.csv,,,,,,,,,,,
S2-TF-008,Military History,Operations,Medium,TrueFalse,Operation Cactus in 1988 involved Indian forces intervening in Sri Lanka.,,,,,FALSE,Operation Cactus involved intervention in the Maldives to foil a coup attempt.,,,,,,,Forge_Session2_Generated.csv,,,,,,,,,,,
S2-TF-009,Military History,Awards,Medium,TrueFalse,Captain Vikram Batra was awarded the Param Vir Chakra posthumously for his actions during the Kargil War.,,,,,TRUE,He led the recapture of key peaks including Point 5140 before being killed in action.,,,,,,,Forge_Session2_Generated.csv,,,,,,,,,,,
S2-TF-010,Defence Awareness,Organisations,Medium,TrueFalse,DRDO stands for Defence Research and Development Organisation.,,,,,TRUE,DRDO is India's primary body for indigenous defence technology development.,,,,,,,Forge_Session2_Generated.csv,,,,,,,,,,,
S2-TF-011,Defence Awareness,Gallantry Awards,Medium,TrueFalse,The Ashok Chakra is India's highest wartime gallantry award.,,,,,FALSE,The Ashok Chakra is the highest peacetime award; the Param Vir Chakra is the highest wartime award.,,,,,,,Forge_Session2_Generated.csv,,,,,,,,,,,
S2-TF-012,Defence Awareness,Missiles,Medium,TrueFalse,BrahMos is a subsonic cruise missile.,,,,,FALSE,"BrahMos is a supersonic cruise missile, travelling nearly three times the speed of sound.",,,,,,,Forge_Session2_Generated.csv,,,,,,,,,,,
S2-TF-013,Defence Awareness,Missiles,Medium,TrueFalse,Agni-V is classified as an intercontinental ballistic missile.,,,,,TRUE,"Agni-V has a range exceeding 5,000 km.",,,,,,,Forge_Session2_Generated.csv,,,,,,,,,,,
S2-TF-014,Geography,States,Easy,TrueFalse,India shares a land border with Sri Lanka.,,,,,FALSE,India does not share a land border with Sri Lanka; it is separated by the Palk Strait.,,,,,,,Forge_Session2_Generated.csv,,,,,,,,,,,
S2-TF-015,Geography,Borders,Medium,TrueFalse,India shares a land border with Afghanistan.,,,,,TRUE,India shares a small land border with Afghanistan in the Pakistan-occupied Kashmir region.,,,,,,,Forge_Session2_Generated.csv,,,,,,,,,,,
S2-TF-016,Geography,Mountains,Easy,TrueFalse,Mount Everest is located within India's territory.,,,,,FALSE,Mount Everest is located on the border of Nepal and China (Tibet).,,,,,,,Forge_Session2_Generated.csv,,,,,,,,,,,
S2-TF-017,Geography,Rivers,Medium,TrueFalse,The Brahmaputra river flows through Assam.,,,,,TRUE,The Brahmaputra is a major river flowing through the state of Assam.,,,,,,,Forge_Session2_Generated.csv,,,,,,,,,,,
S2-TF-018,General Knowledge,Constitution,Medium,TrueFalse,The Indian Constitution was adopted on 26 January 1950.,,,,,FALSE,It was adopted by the Constituent Assembly on 26 November 1949 and came into effect on 26 January 1950.,,,,,,,Forge_Session2_Generated.csv,,,,,,,,,,,
S2-TF-019,General Knowledge,National Symbols,Easy,TrueFalse,The national emblem of India is derived from the Lion Capital of Ashoka at Sarnath.,,,,,TRUE,"The emblem was adopted in 1950, based on the ancient sculpture.",,,,,,,Forge_Session2_Generated.csv,,,,,,,,,,,
S2-TF-020,Psychology,OLQ Assessment,Medium,TrueFalse,The SSB process assesses candidates using only a written examination.,,,,,FALSE,"SSB uses psychological tests, group tasks, and interviews rather than written exams alone.",,,,,,,Forge_Session2_Generated.csv,,,,,,,,,,,
S2-TF-021,Officer Like Qualities,OLQ Terms,Medium,TrueFalse,Initiative refers to the willingness to take action without being explicitly told.,,,,,TRUE,Initiative is a core Officer Like Quality assessed throughout the SSB process.,,,,,,,Forge_Session2_Generated.csv,,,,,,,,,,,
S2-TF-022,Officer Like Qualities,OLQ Terms,Medium,TrueFalse,Social adaptability refers to physical fitness levels of a candidate.,,,,,FALSE,"Social adaptability refers to the ability to adjust to new people and environments, not physical fitness.",,,,,,,Forge_Session2_Generated.csv,,,,,,,,,,,
S2-TF-023,Logical Thinking,Reasoning,Medium,TrueFalse,"In the series 5, 10, 20, 40, the next number would be 60.",,,,,FALSE,"The series doubles each time, so the next number would be 80.",,,,,,,Forge_Session2_Generated.csv,,,,,,,,,,,
S2-TF-024,Logical Thinking,Reasoning,Easy,TrueFalse,All squares are rectangles.,,,,,TRUE,A square meets all the properties required to be classified as a rectangle.,,,,,,,Forge_Session2_Generated.csv,,,,,,,,,,,
S2-TF-025,Basic Mathematics,Arithmetic,Easy,TrueFalse,The square root of 81 is 9.,,,,,TRUE,9 multiplied by itself equals 81.,,,,,,,Forge_Session2_Generated.csv,,,,,,,,,,,
S2-TF-026,Basic Mathematics,Arithmetic,Medium,TrueFalse,50% of 150 is greater than 25% of 400.,,,,,FALSE,"50% of 150 is 75, while 25% of 400 is 100, so it is not greater.",,,,,,,Forge_Session2_Generated.csv,,,,,,,,,,,
S2-TF-027,Observation,General Awareness,Easy,TrueFalse,A hexagon has six sides.,,,,,TRUE,A hexagon is defined as a six-sided polygon.,,,,,,,Forge_Session2_Generated.csv,,,,,,,,,,,
S2-TF-028,Current Affairs,Government Schemes,Medium,TrueFalse,UDAN is a scheme aimed at improving regional air connectivity in India.,,,,,TRUE,UDAN stands for 'Ude Desh ka Aam Naagrik' and promotes affordable regional air travel.,,,,,,,Forge_Session2_Generated.csv,,,,,,,,,,,
S2-TF-029,Current Affairs,Space,Medium,TrueFalse,India's Mangalyaan mission successfully placed a spacecraft in Mars orbit on its first attempt.,,,,,TRUE,"India became the first country to reach Mars orbit successfully on its first attempt, in 2014.",,,,,,,Forge_Session2_Generated.csv,,,,,,,,,,,
S2-TF-030,Indian Armed Forces,Academies,Medium,TrueFalse,"The National Defence Academy trains cadets from the Army, Navy, and Air Force together.",,,,,TRUE,NDA provides joint tri-service training before cadets move to service-specific academies.,,,,,,,Forge_Session2_Generated.csv,,,,,,,,,,,
S2-RR-001,Indian Armed Forces,Quick Recall,Easy,RapidResponse,"Name the tri-service academy where Army, Navy, and Air Force cadets train together.",,,,,National Defence Academy,NDA trains cadets from all three services jointly before further specialised training.,,,,,,,Forge_Session2_Generated.csv,,,,,,,,,,,
S2-RR-002,Indian Armed Forces,Quick Recall,Easy,RapidResponse,Name India's first indigenously built aircraft carrier.,,,,,INS Vikrant,"Commissioned in 2022, built at Cochin Shipyard Limited.",,,,,,,Forge_Session2_Generated.csv,,,,,,,,,,,
S2-RR-003,Indian Armed Forces,Quick Recall,Easy,RapidResponse,Name the body that conducts psychological and interview-based officer selection.,,,,,SSB,Services Selection Board conducts the multi-day officer selection process.,,,,,,,Forge_Session2_Generated.csv,,,,,,,,,,,
S2-RR-004,Indian Armed Forces,Quick Recall,Medium,RapidResponse,Name the Indian Navy's special forces marine commando unit.,,,,,MARCOS,Specialises in amphibious and maritime special operations.,,,,,,,Forge_Session2_Generated.csv,,,,,,,,,,,
S2-RR-005,Indian Armed Forces,Quick Recall,Medium,RapidResponse,Name the Indian Air Force's aerobatic display team flying Hawk jets.,,,,,Surya Kiran,Performs precision formation flying displays at air shows.,,,,,,,Forge_Session2_Generated.csv,,,,,,,,,,,
S2-RR-006,Defence Awareness,Quick Recall,Easy,RapidResponse,Name India's highest wartime gallantry award.,,,,,Param Vir Chakra,India's highest military honour for valour in the presence of the enemy.,,,,,,,Forge_Session2_Generated.csv,,,,,,,,,,,
S2-RR-007,Defence Awareness,Quick Recall,Medium,RapidResponse,Name India's primary indigenous supersonic cruise missile.,,,,,BrahMos,"A joint India-Russia development, among the fastest cruise missiles in the world.",,,,,,,Forge_Session2_Generated.csv,,,,,,,,,,,
S2-RR-008,Defence Awareness,Quick Recall,Medium,RapidResponse,Name the operation that secured the Siachen Glacier for India in 1984.,,,,,Operation Meghdoot,India occupied key passes ahead of a suspected rival move.,,,,,,,Forge_Session2_Generated.csv,,,,,,,,,,,
S2-RR-009,Military History,Quick Recall,Easy,RapidResponse,Name the war fought between India and Pakistan in 1999.,,,,,Kargil War,Fought in the high-altitude Kargil sector of Jammu and Kashmir.,,,,,,,Forge_Session2_Generated.csv,,,,,,,,,,,
S2-RR-010,Military History,Quick Recall,Medium,RapidResponse,Name the war that led to the creation of Bangladesh.,,,,,1971 War,India's decisive victory led to the liberation of East Pakistan.,,,,,,,Forge_Session2_Generated.csv,,,,,,,,,,,
S2-RR-011,Military History,Quick Recall,Medium,RapidResponse,Name the first recipient of the Param Vir Chakra.,,,,,Major Somnath Sharma,Honoured posthumously for his defence of Badgam in 1947.,,,,,,,Forge_Session2_Generated.csv,,,,,,,,,,,
S2-RR-012,Geography,Quick Recall,Easy,RapidResponse,Name the southernmost tip of mainland India.,,,,,Kanyakumari,"Where the Arabian Sea, Bay of Bengal, and Indian Ocean converge.",,,,,,,Forge_Session2_Generated.csv,,,,,,,,,,,
S2-RR-013,Geography,Quick Recall,Easy,RapidResponse,Name the mountain range forming India's northern border.,,,,,Himalayas,The world's highest mountain range.,,,,,,,Forge_Session2_Generated.csv,,,,,,,,,,,
S2-RR-014,Geography,Quick Recall,Medium,RapidResponse,Name the river on which Guwahati is situated.,,,,,Brahmaputra,A major river flowing through Assam.,,,,,,,Forge_Session2_Generated.csv,,,,,,,,,,,
S2-RR-015,General Knowledge,Quick Recall,Easy,RapidResponse,Name India's national animal.,,,,,Tiger,The Bengal tiger is India's national animal.,,,,,,,Forge_Session2_Generated.csv,,,,,,,,,,,
S2-RR-016,General Knowledge,Quick Recall,Easy,RapidResponse,Name India's national bird.,,,,,Peacock,The Indian peafowl is designated as the national bird.,,,,,,,Forge_Session2_Generated.csv,,,,,,,,,,,
S2-RR-017,General Knowledge,Quick Recall,Medium,RapidResponse,Name the city where India's Constitution was drafted.,,,,,New Delhi,The Constituent Assembly met in New Delhi to draft the Constitution.,,,,,,,Forge_Session2_Generated.csv,,,,,,,,,,,
S2-RR-018,Psychology,Quick Recall,Medium,RapidResponse,Name the psychological test where candidates write stories based on pictures.,,,,,TAT,"Thematic Apperception Test, part of SSB psychological assessment.",,,,,,,Forge_Session2_Generated.csv,,,,,,,,,,,
S2-RR-019,Psychology,Quick Recall,Medium,RapidResponse,Name the test where candidates respond with the first word that comes to mind.,,,,,WAT,"Word Association Test, part of SSB psychological assessment.",,,,,,,Forge_Session2_Generated.csv,,,,,,,,,,,
S2-RR-020,Officer Like Qualities,Quick Recall,Medium,RapidResponse,Name the OLQ that refers to taking action without being told.,,,,,Initiative,A core Officer Like Quality assessed at SSB.,,,,,,,Forge_Session2_Generated.csv,,,,,,,,,,,
S2-RR-021,Officer Like Qualities,Quick Recall,Medium,RapidResponse,Name the OLQ that refers to working effectively as part of a group.,,,,,Cooperation,Reflects a candidate's ability to contribute positively within a team.,,,,,,,Forge_Session2_Generated.csv,,,,,,,,,,,
S2-RR-022,Logical Thinking,Quick Recall,Easy,RapidResponse,Complete the analogy: Bird is to Fly as Fish is to ________.,,,,,Swim,A direct parallel of natural movement associated with each animal.,,,,,,,Forge_Session2_Generated.csv,,,,,,,,,,,
S2-RR-023,Logical Thinking,Quick Recall,Medium,RapidResponse,"What comes next: 1, 1, 2, 3, 5, 8, ?",,,,,13,"This is the Fibonacci sequence, where each term is the sum of the two before it.",,,,,,,Forge_Session2_Generated.csv,,,,,,,,,,,
S2-RR-024,Basic Mathematics,Quick Recall,Easy,RapidResponse,What is 9 times 8?,,,,,72,A direct multiplication fact.,,,,,,,Forge_Session2_Generated.csv,,,,,,,,,,,
S2-RR-025,Basic Mathematics,Quick Recall,Easy,RapidResponse,What is 100 minus 37?,,,,,63,A direct subtraction calculation.,,,,,,,Forge_Session2_Generated.csv,,,,,,,,,,,
S2-RR-026,Observation,Quick Recall,Easy,RapidResponse,Name the shape with three sides.,,,,,Triangle,A polygon defined by exactly three sides and three angles.,,,,,,,Forge_Session2_Generated.csv,,,,,,,,,,,
S2-RR-027,Observation,Quick Recall,Easy,RapidResponse,Name the primary colour formed by mixing red and yellow.,,,,,Orange,A basic principle of colour mixing.,,,,,,,Forge_Session2_Generated.csv,,,,,,,,,,,
S2-RR-028,Current Affairs,Quick Recall,Medium,RapidResponse,Name India's mission that placed a spacecraft in Mars orbit in 2014.,,,,,Mangalyaan,India became the first country to reach Mars orbit on its first attempt.,,,,,,,Forge_Session2_Generated.csv,,,,,,,,,,,
S2-RR-029,Current Affairs,Quick Recall,Medium,RapidResponse,Name the scheme promoting affordable regional air travel in India.,,,,,UDAN,Stands for 'Ude Desh ka Aam Naagrik'.,,,,,,,Forge_Session2_Generated.csv,,,,,,,,,,,
S2-RR-030,Indian Armed Forces,Quick Recall,Medium,RapidResponse,Name the missile system jointly developed by India and Israel for medium-range air defence.,,,,,Barak-8,Provides extended air defence range for naval ships and land forces.,,,,,,,Forge_Session2_Generated.csv,,,,,,,,,,,
SRT0153,Leadership & Initiative,,Easy,SRT,He was appointed group leader for a college trekking trip but two members refused to follow his instructions on the trail.,,,,,"He calmly took both members aside individually, understood their concerns, and firmly but respectfully clarified that safety instructions were non-negotiable for the group's wellbeing.",Effective leadership combines empathy with firmness; addressing dissent privately preserves group cohesion while maintaining authority.,,,,"leadership,initiative,team-management",,,,SRT0153,,,,20,,,,,,
SRT0154,Leadership & Initiative,,Medium,SRT,"During a college cultural fest, the event coordinator fell sick an hour before the show and no one was willing to take charge.",,,,,"He immediately volunteered to coordinate the event, quickly briefed the volunteers on their roles, and ensured the show started on time.","Taking initiative under pressure, without being asked, is a core Officer Like Quality assessed through such situations.",,,,"initiative,leadership,crisis-management",,,,SRT0154,,,,20,,,,,,
SRT0155,Leadership & Initiative,,Easy,SRT,"While working on a group project, he noticed that one teammate was doing most of the work while others remained passive.",,,,,"He organised a quick team meeting, redistributed tasks fairly based on each member's strengths, and ensured everyone contributed.",Recognising imbalance and proactively correcting it reflects both organising ability and a sense of fairness.,,,,"leadership,organizing-ability,teamwork",,,,SRT0155,,,,20,,,,,,
SRT0156,Leadership & Initiative,,Medium,SRT,"As the senior-most cadet in an NCC camp, he found that the newly joined cadets were struggling to adjust to the daily routine.",,,,,"He personally mentored the new cadets, explained the routine's purpose, and gradually built their confidence through encouragement rather than criticism.",Good leaders invest in developing their juniors rather than simply enforcing compliance.,,,,"leadership,ncc,mentorship",,,,SRT0156,,,,20,,,,,,
SRT0157,Leadership & Initiative,,Hard,SRT,He was leading a group of students on an adventure trip when the guide became unavailable due to an emergency and the group was uncertain about the return route.,,,,,"He gathered available maps and local information, made a calculated decision on the safest route, and led the group back while keeping morale high.","Under uncertainty, a leader must make timely, informed decisions rather than freezing or waiting indefinitely for external help.",,,,"leadership,decision-making,crisis-management",,,,SRT0157,,,,20,,,,,,
SRT0158,Leadership & Initiative,,Medium,SRT,"During a class debate competition, his team was clearly losing focus and getting distracted by the opposing team's taunts.",,,,,"He reminded his team to stay focused on facts and arguments, ignored the taunts, and helped steady the team's composure to finish strongly.",Maintaining composure and redirecting a team's focus during provocation reflects emotional stability and leadership under pressure.,,,,"leadership,emotional-stability,teamwork",,,,SRT0158,,,,20,,,,,,
SRT0159,Leadership & Initiative,,Easy,SRT,"While captaining his college football team, a key player got injured just before a crucial match.",,,,,"He quickly reorganised the team formation, briefed the substitute player, and motivated the team to adapt to the change.",Adaptability and quick reorganisation under pressure are essential leadership traits valued in officer roles.,,,,"leadership,adaptability,sports",,,,SRT0159,,,,20,,,,,,
SRT0160,Leadership & Initiative,,Medium,SRT,He was assigned to lead a group project but noticed that his suggestions were being consistently overruled by a dominant teammate.,,,,,"He calmly presented data and reasoning to support his suggestions, sought the opinions of other members, and worked towards a consensus rather than a confrontation.","Influencing a group through logic and consensus-building, rather than conflict, reflects maturity and the ability to influence others.",,,,"leadership,social-adaptability,cooperation",,,,SRT0160,,,,20,,,,,,
SRT0161,Leadership & Initiative,,Hard,SRT,"As the elected class representative, he had to convey unpopular but necessary decisions made by the college administration to his classmates.",,,,,"He explained the reasoning behind the decisions transparently, acknowledged the classmates' concerns, and proposed constructive ways to address grievances through proper channels.",Balancing loyalty to authority with responsibility toward peers is a mark of mature leadership.,,,,"leadership,responsibility,communication",,,,SRT0161,,,,20,,,,,,
SRT0162,Leadership & Initiative,,Easy,SRT,He noticed his younger cousin was being bullied at a family gathering by other relatives' children.,,,,,"He intervened calmly, redirected the children toward a shared activity, and later spoke privately with his cousin to reassure him.","Taking timely action to protect someone weaker, without escalating conflict, reflects both courage and social responsibility.",,,,"leadership,social-responsibility,courage",,,,SRT0162,,,,20,,,,,,
SRT0163,Leadership & Initiative,,Medium,SRT,"While managing the college canteen committee, he found that the budget allocated was insufficient to cover the planned improvements.",,,,,"He prioritised the most essential improvements within budget, sought sponsorships for the rest, and kept the committee informed of the trade-offs.","Practical resource management under constraints reflects strong organising ability, a key quality for officers managing limited resources.",,,,"leadership,organizing-ability,resourcefulness",,,,SRT0163,,,,20,,,,,,
SRT0164,Leadership & Initiative,,Medium,SRT,"During an NCC parade rehearsal, he noticed several cadets falling out of step, disrupting the formation.",,,,,"He calmly called for a brief halt, corrected the cadets' positioning individually, and resumed the rehearsal with clear timing cues.","Correcting group performance calmly, without public embarrassment of individuals, builds trust while maintaining discipline.",,,,"leadership,ncc,discipline",,,,SRT0164,,,,20,,,,,,
SRT0165,Leadership & Initiative,,Hard,SRT,"As team captain during an inter-college quiz competition, he disagreed with a teammate's answer just seconds before the buzzer needed to be pressed.",,,,,"He made a quick judgment call based on available reasoning, went with his assessment, and accepted responsibility for the outcome afterward.",Officers must often make rapid decisions with incomplete information and take ownership of the results.,,,,"leadership,decision-making,accountability",,,,SRT0165,,,,20,,,,,,
SRT0166,Leadership & Initiative,,Easy,SRT,"While organising a blood donation camp in college, fewer volunteers showed up than expected.",,,,,"He personally reached out to more students, explained the importance of the cause, and adjusted the camp's schedule to accommodate available volunteers.","Persistence and personal initiative in the face of setbacks reflect determination, a core officer quality.",,,,"leadership,initiative,social-service",,,,SRT0166,,,,20,,,,,,
SRT0167,Leadership & Initiative,,Easy,SRT,He was leading a hiking group when one member insisted on taking a shortcut that seemed risky.,,,,,"He explained the risks clearly using available information, held firm on the safer route, and ensured the group's safety took priority.","Prioritising group safety over individual preferences, backed by clear reasoning, reflects responsible leadership.",,,,"leadership,decision-making,safety",,,,SRT0167,,,,20,,,,,,
SRT0168,Leadership & Initiative,,Medium,SRT,"As the head boy of his school, he was asked by teachers to enforce a new discipline policy that many students found unfair.",,,,,"He gathered student feedback, presented it respectfully to the teachers, while still ensuring the policy was followed in the interim.",Balancing enforcement of authority with representing subordinates' concerns constructively is a valuable leadership skill.,,,,"leadership,responsibility,communication",,,,SRT0168,,,,20,,,,,,
SRT0169,Leadership & Initiative,,Hard,SRT,"During a college trip, the bus broke down in a remote area at night with no immediate help available.",,,,,"He organised the group to stay together, arranged for someone to seek help while ensuring the rest remained safe and calm, and kept everyone informed of the plan.","Effective crisis leadership involves calm organisation, delegation, and clear communication to prevent panic.",,,,"leadership,crisis-management,organizing-ability",,,,SRT0169,,,,20,,,,,,
SRT0170,Leadership & Initiative,,Easy,SRT,He was chosen to lead his house team in an inter-house sports competition where morale was low after previous losses.,,,,,"He motivated the team by focusing on individual strengths, set achievable goals, and led by personal example in practice sessions.",Rebuilding morale through positive reinforcement and personal example reflects strong leadership and determination.,,,,"leadership,motivation,sports",,,,SRT0170,,,,20,,,,,,
SRT0171,Leadership & Initiative,,Easy,SRT,"While coordinating a college seminar, the guest speaker cancelled at the last moment.",,,,,"He quickly identified an alternative speaker from among available faculty, briefed them on the topic, and ensured the seminar proceeded smoothly.",Adaptability and quick problem-solving under pressure prevent minor setbacks from becoming major failures.,,,,"leadership,initiative,problem-solving",,,,SRT0171,,,,20,,,,,,
SRT0172,Leadership & Initiative,,Easy,SRT,"As a senior NCC cadet, he noticed a junior cadet consistently arriving late for morning drills.",,,,,"He spoke to the cadet privately to understand the reason, offered practical solutions, and monitored improvement without public humiliation.","Addressing underperformance with empathy first, rather than punishment first, often yields better long-term results.",,,,"leadership,ncc,mentorship",,,,SRT0172,,,,20,,,,,,
SRT0173,Leadership & Initiative,,Hard,SRT,He was put in charge of a group assignment where two members had a serious personal disagreement affecting the team's output.,,,,,"He met with both individuals separately to understand the conflict, then facilitated a joint conversation focused on the task rather than personal grievances.",Conflict resolution skills that keep the team focused on shared goals are essential for effective leadership.,,,,"leadership,conflict-resolution,teamwork",,,,SRT0173,,,,20,,,,,,
SRT0174,Leadership & Initiative,,Easy,SRT,"During a group hike, he noticed one member was falling behind and struggling to keep pace.",,,,,"He adjusted the group's pace, offered to carry some of the struggling member's load, and ensured no one was left behind.",Consideration for weaker team members alongside overall group objectives reflects balanced leadership.,,,,"leadership,cooperation,responsibility",,,,SRT0174,,,,20,,,,,,
SRT0175,Leadership & Initiative,,Medium,SRT,"As the student council president, he had to decide how to allocate a limited annual budget among several competing club requests.",,,,,"He set up a fair, transparent process where each club presented its case, then allocated funds based on merit and overall student benefit.",Fair and transparent decision-making in resource allocation builds trust and reflects sound judgment.,,,,"leadership,organizing-ability,fairness",,,,SRT0175,,,,20,,,,,,
SRT0176,Leadership & Initiative,,Medium,SRT,"During a community service drive, he found that the plan made in advance was not working well on the ground.",,,,,"He quickly reassessed the situation, adjusted the plan with the team's input, and ensured the drive still achieved its core objective.",Flexibility in execution while keeping sight of the core objective is a valuable leadership trait.,,,,"leadership,adaptability,social-service",,,,SRT0176,,,,20,,,,,,
SRT0177,Leadership & Initiative,,Hard,SRT,"He was leading a debate team to an outstation competition when their transport was delayed, risking a missed slot.",,,,,"He contacted the organisers proactively to explain the situation, arranged alternate transport quickly, and kept the team calm and prepared during the delay.",Proactive communication and quick problem-solving under time pressure prevent avoidable setbacks.,,,,"leadership,initiative,problem-solving",,,,SRT0177,,,,20,,,,,,
SRT0178,Leadership & Initiative,,Easy,SRT,He noticed that his group's project presentation was running significantly over the allotted time during rehearsal.,,,,,"He worked with the team to trim unnecessary content, reassigned speaking parts, and ensured the presentation fit within the time limit.",Efficient planning and willingness to make tough edits reflect strong organising ability.,,,,"leadership,organizing-ability,communication",,,,SRT0178,,,,20,,,,,,
SRT0179,Leadership & Initiative,,Medium,SRT,"As the senior cadet during an NCC camp trek, he noticed the group was falling behind schedule due to difficult terrain.",,,,,"He reassessed the pace realistically, informed the camp authorities of the delay, and adjusted the plan to ensure safety without unnecessary risk.","Balancing schedule pressure with safety, and communicating proactively with authorities, reflects mature judgment.",,,,"leadership,ncc,decision-making",,,,SRT0179,,,,20,,,,,,
SRT0180,Leadership & Initiative,,Medium,SRT,"While leading a group science project, he realised midway that their chosen experiment would not yield meaningful results.",,,,,"He gathered the team, explained the issue honestly, and proposed a revised approach with enough time left to execute it well.","Recognising and correcting mistakes early, rather than persisting out of stubbornness, reflects sound judgment.",,,,"leadership,decision-making,honesty",,,,SRT0180,,,,20,,,,,,
SRT0181,Leadership & Initiative,,Hard,SRT,"During a college trip abroad, he was the designated group leader when a member's passport went missing just before departure.",,,,,"He immediately contacted the relevant authorities and the college coordinator, helped the member file necessary reports, and adjusted the itinerary calmly.",Staying composed and taking systematic action during unexpected crises reflects strong crisis-management ability.,,,,"leadership,crisis-management,responsibility",,,,SRT0181,,,,20,,,,,,
SRT0182,Leadership & Initiative,,Easy,SRT,"As the sports captain, he noticed that team practice attendance had been dropping over recent weeks.",,,,,"He spoke individually with team members to understand their reasons, addressed genuine concerns, and reinforced the importance of consistent practice.",Understanding root causes before enforcing rules leads to more sustainable improvements in team discipline.,,,,"leadership,sports,motivation",,,,SRT0182,,,,20,,,,,,
SRT0183,Leadership & Initiative,,Medium,SRT,He was leading a group assignment when the college's internet outage disrupted their planned online research method.,,,,,"He quickly switched the team to library resources and offline materials, reallocating tasks to keep the project on schedule.",Resourcefulness in adapting to unexpected disruptions minimises their impact on overall objectives.,,,,"leadership,resourcefulness,adaptability",,,,SRT0183,,,,20,,,,,,
SRT0184,Leadership & Initiative,,Medium,SRT,"As a class monitor, he was asked to report a classmate's repeated absence to the teacher, but the classmate pleaded with him not to.",,,,,"He explained honestly to the classmate that he had a responsibility to report accurately, while also encouraging him to address the underlying issue causing his absences.",Balancing personal relationships with institutional responsibility while showing genuine concern reflects integrity.,,,,"leadership,integrity,responsibility",,,,SRT0184,,,,20,,,,,,
SRT0185,Leadership & Initiative,,Hard,SRT,"He was chosen to lead a college relief team volunteering after a local flood, but the situation on the ground was far more chaotic than briefed.",,,,,"He quickly reassessed priorities based on the actual situation, organised the volunteers into manageable teams, and coordinated with local authorities for effective relief work.","Adapting plans quickly to ground realities, while maintaining organisation, is critical in real emergency response.",,,,"leadership,crisis-management,social-service",,,,SRT0185,,,,20,,,,,,
SRT0186,Leadership & Initiative,,Easy,SRT,"During an inter-school debate, his teammate froze up and forgot their prepared points midway through their turn.",,,,,"He calmly signalled support, and when it was his turn, briefly reinforced the missed points before continuing with his own argument.",Supporting a struggling teammate under pressure while keeping the overall performance on track reflects good teamwork and composure.,,,,"leadership,teamwork,composure",,,,SRT0186,,,,20,,,,,,
SRT0187,Leadership & Initiative,,Medium,SRT,"As the leader of a college trekking club, he had to decide whether to continue an expedition despite worsening weather forecasts.",,,,,"He consulted available weather data and experienced trekkers, prioritised safety over completing the trek, and made the call to turn back.","Prioritising safety over completing an objective, based on sound information, reflects mature decision-making.",,,,"leadership,decision-making,safety",,,,SRT0187,,,,20,,,,,,
SRT0188,Leadership & Initiative,,Medium,SRT,"He was assigned to coordinate volunteers for a college event, but several volunteers dropped out just a day before.",,,,,"He quickly reassigned responsibilities among the remaining volunteers, personally covered some gaps himself, and ensured the event still ran smoothly.",Flexibility and willingness to personally fill gaps when needed demonstrate strong commitment to the team's success.,,,,"leadership,initiative,resourcefulness",,,,SRT0188,,,,20,,,,,,
SRT0189,Leadership & Initiative,,Hard,SRT,"As the senior-most member on a college research team, he discovered late in the project that a portion of collected data was flawed due to a measurement error.",,,,,"He informed the team and faculty guide honestly about the error, proposed a plan to re-collect the necessary data within the remaining time, and adjusted the project timeline accordingly.","Honesty about mistakes, combined with a constructive plan to fix them, reflects strong integrity and responsibility.",,,,"leadership,integrity,problem-solving",,,,SRT0189,,,,20,,,,,,
SRT0190,Leadership & Initiative,,Easy,SRT,"While leading a group cleanliness drive in his neighbourhood, only a handful of people turned up compared to what was promised.",,,,,"He reorganised the tasks to match the available manpower, prioritised the most impactful areas, and completed the drive efficiently with those present.","Making the best use of available resources, rather than becoming discouraged by lower turnout, reflects practical leadership.",,,,"leadership,resourcefulness,social-service",,,,SRT0190,,,,20,,,,,,
SRT0191,Leadership & Initiative,,Medium,SRT,"As the elected sports secretary, he had to choose between two equally talented players for the final spot on the college team.",,,,,"He evaluated both players against clear, objective criteria relevant to the team's needs and communicated his reasoning transparently to both.","Transparent, criteria-based decision-making helps maintain trust and fairness even when tough calls must be made.",,,,"leadership,fairness,decision-making",,,,SRT0191,,,,20,,,,,,
SRT0192,Leadership & Initiative,,Medium,SRT,"During an NCC camp, he was assigned to lead a small team for a night navigation exercise and one member became visibly anxious in the dark.",,,,,"He reassured the anxious member calmly, kept them close to the group, and maintained steady progress without singling them out.",Providing reassurance while maintaining group cohesion under stressful conditions reflects emotional maturity and leadership.,,,,"leadership,ncc,emotional-stability",,,,SRT0192,,,,20,,,,,,
SRT0193,Leadership & Initiative,,Hard,SRT,He was leading a student delegation to represent his college at a national-level event when a scheduling conflict meant they might miss their designated presentation slot.,,,,,"He immediately contacted the event organisers to negotiate an alternate slot, prepared the team for a compressed timeline, and ensured they were ready to present at short notice.",Proactive problem-solving and adaptability under time pressure prevent avoidable losses of opportunity.,,,,"leadership,initiative,adaptability",,,,SRT0193,,,,20,,,,,,
SRT0194,Emergency & Crisis Response,,Easy,SRT,He was walking home when he saw a small fire had started in a neighbour's kitchen due to a gas leak.,,,,,"He immediately alerted the neighbours, helped evacuate the house, and called the fire department while keeping bystanders at a safe distance.","Quick, calm action prioritising human safety before property is the correct first response to any fire emergency.",,,,"emergency,courage,presence-of-mind",,,,SRT0194,,,,20,,,,,,
SRT0195,Emergency & Crisis Response,,Medium,SRT,"While travelling in a train, he noticed a fellow passenger collapse suddenly and appear to be having a seizure.",,,,,"He ensured the person had space, protected them from injury by moving nearby objects, and alerted railway staff to arrange medical help at the next stop.",Providing immediate safe first-aid response while seeking professional help reflects composure during a medical emergency.,,,,"emergency,first-aid,presence-of-mind",,,,SRT0195,,,,20,,,,,,
SRT0196,Emergency & Crisis Response,,Hard,SRT,"During a college trek, one of his group members slipped and suffered a suspected fracture in a remote area with no mobile network.",,,,,"He immobilised the injured limb using available materials, kept the person calm, and sent two group members to seek help while staying with the injured person.",Balancing immediate care with organised efforts to get outside help reflects both compassion and practical crisis management.,,,,"emergency,first-aid,decision-making",,,,SRT0196,,,,20,,,,,,
SRT0197,Emergency & Crisis Response,,Easy,SRT,He was at a crowded marketplace when a stampede began after a loud noise startled the crowd.,,,,,"He guided people near him toward a safer, less congested exit, avoided pushing, and helped anyone who had fallen to get back on their feet.","Staying calm and helping others move safely, rather than panicking, can prevent injuries during a stampede.",,,,"emergency,crowd-safety,presence-of-mind",,,,SRT0197,,,,20,,,,,,
SRT0198,Emergency & Crisis Response,,Easy,SRT,"While at home, he noticed smoke coming from an electrical switchboard.",,,,,"He immediately switched off the main power supply, moved everyone away from the area, and called an electrician after ensuring it was safe.",Cutting off the power source first prevents the situation from escalating into a full electrical fire.,,,,"emergency,safety,presence-of-mind",,,,SRT0198,,,,20,,,,,,
SRT0199,Emergency & Crisis Response,,Easy,SRT,He was swimming at a public pool when he noticed a young child struggling and going underwater nearby.,,,,,"He swam quickly to the child, brought them to the surface and to the pool's edge, and alerted the lifeguard immediately for further assistance.","Swift, direct action to prevent drowning takes priority over waiting for official responders when someone is in immediate danger.",,,,"emergency,courage,quick-action",,,,SRT0199,,,,20,,,,,,
SRT0200,Emergency & Crisis Response,,Hard,SRT,"During heavy monsoon flooding, he found his college's ground floor rapidly filling with water while several students were still inside.",,,,,"He organised the students to move to higher floors immediately, helped carry important equipment to safety where possible, and ensured everyone was accounted for.",Prioritising human safety over material possessions and ensuring a headcount reflects sound crisis management.,,,,"emergency,flood,organizing-ability",,,,SRT0200,,,,20,,,,,,
SRT0201,Emergency & Crisis Response,,Easy,SRT,He was driving when he witnessed a road accident just ahead of him involving a motorcyclist.,,,,,"He stopped his vehicle safely, checked on the injured person without moving them unnecessarily, and called for an ambulance while directing traffic around the scene.",Avoiding further injury to the victim while managing the surrounding hazard reflects practical first-response knowledge.,,,,"emergency,road-safety,first-aid",,,,SRT0201,,,,20,,,,,,
SRT0202,Emergency & Crisis Response,,Easy,SRT,"While in his hostel room, he smelled gas leaking from a nearby room's cooking cylinder.",,,,,"He alerted the occupants immediately, ensured no one lit a flame or switch nearby, opened windows for ventilation, and informed hostel authorities.",Avoiding ignition sources and ventilating the area are critical first steps in responding to a gas leak.,,,,"emergency,safety,presence-of-mind",,,,SRT0202,,,,20,,,,,,
SRT0203,Emergency & Crisis Response,,Easy,SRT,He was on a hiking trail when a sudden thunderstorm began with visible lightning strikes nearby.,,,,,"He led his group to lower ground away from tall trees and open ridgelines, and had everyone crouch down until the storm passed.",Understanding basic lightning safety and acting on it promptly can prevent serious injury during a storm.,,,,"emergency,outdoor-safety,decision-making",,,,SRT0203,,,,20,,,,,,
SRT0204,Emergency & Crisis Response,,Hard,SRT,"During a college function, a short-circuit caused a small fire near the stage while hundreds of students were seated in the audience.",,,,,"He calmly announced clear evacuation instructions, guided people toward the nearest exits in an orderly manner, and ensured the fire extinguisher was used on the source.","Calm, clear communication prevents panic and enables orderly evacuation, which saves more lives than a chaotic rush.",,,,"emergency,crowd-safety,leadership",,,,SRT0204,,,,20,,,,,,
SRT0205,Emergency & Crisis Response,,Medium,SRT,"While cycling, he came across a person who had been in a minor accident and was bleeding from a cut on their arm.",,,,,"He applied firm, direct pressure to the wound using a clean cloth, reassured the person, and helped arrange transport to the nearest hospital.",Controlling bleeding through direct pressure is a fundamental first-aid response for open wounds.,,,,"emergency,first-aid,presence-of-mind",,,,SRT0205,,,,20,,,,,,
SRT0206,Emergency & Crisis Response,,Easy,SRT,He noticed a small child had wandered away from their parents in a crowded railway station.,,,,,"He stayed with the child to keep them safe, calmed them down, and approached station staff to help locate the parents through announcements.",Ensuring the immediate safety of a lost child while seeking proper institutional help reflects responsible action.,,,,"emergency,social-responsibility,presence-of-mind",,,,SRT0206,,,,20,,,,,,
SRT0207,Emergency & Crisis Response,,Medium,SRT,"During a laboratory experiment in college, a classmate accidentally spilled a mild chemical on their hand, causing irritation.",,,,,"He immediately helped rinse the affected area with plenty of water, informed the lab supervisor, and ensured the classmate received proper medical attention.","Immediate dilution with water is the correct first response to most chemical skin exposures, followed by professional care.",,,,"emergency,first-aid,lab-safety",,,,SRT0207,,,,20,,,,,,
SRT0208,Emergency & Crisis Response,,Hard,SRT,He was part of a college group on a boat when it suddenly began taking on water far from shore.,,,,,"He helped distribute life jackets fairly, kept the group calm, and assisted in bailing water while someone radioed for help.",Prioritising safety equipment distribution and calm coordinated action improves survival chances during water emergencies.,,,,"emergency,water-safety,leadership",,,,SRT0208,,,,20,,,,,,
SRT0209,Emergency & Crisis Response,,Easy,SRT,"While at a bus stand, he noticed an elderly man suddenly clutching his chest and struggling to breathe.",,,,,"He helped the man sit down comfortably, loosened tight clothing, called for emergency medical help immediately, and stayed with him until help arrived.",Recognising signs of a possible cardiac event and acting quickly to get professional help can be life-saving.,,,,"emergency,first-aid,presence-of-mind",,,,SRT0209,,,,20,,,,,,
SRT0210,Emergency & Crisis Response,,Easy,SRT,"He was at home when a sudden power outage occurred during a heavy storm, and his younger sibling became frightened in the dark.",,,,,"He calmly reassured his sibling, found a torch or candle for light, and kept them occupied until the power was restored.","Maintaining calm and providing reassurance during minor emergencies helps prevent panic, especially among younger or more vulnerable people.",,,,"emergency,emotional-stability,responsibility",,,,SRT0210,,,,20,,,,,,
SRT0211,Emergency & Crisis Response,,Medium,SRT,"During a college fire drill that turned into an actual minor fire, some students mistook it for another drill and were slow to evacuate.",,,,,"He quickly clarified that it was a real emergency, urged others to move faster, and helped ensure the evacuation route stayed clear.","Recognising when a situation has shifted from routine to real, and communicating that urgently, prevents dangerous delays.",,,,"emergency,presence-of-mind,communication",,,,SRT0211,,,,20,,,,,,
SRT0212,Emergency & Crisis Response,,Hard,SRT,"While trekking in a remote hilly area, his group encountered a sudden landslide that blocked their return path.",,,,,"He assessed alternate routes using available maps, ensured the group's safety from further slides, and coordinated a safe alternate path back with local guidance if available.",Calm reassessment of options rather than panic is essential when a planned route becomes unsafe.,,,,"emergency,decision-making,outdoor-safety",,,,SRT0212,,,,20,,,,,,
SRT0213,Emergency & Crisis Response,,Easy,SRT,He was in a crowded shopping mall when the fire alarm suddenly went off.,,,,,"He did not assume it was false, moved calmly toward the nearest marked exit, and helped guide others, including an elderly shopper nearby, to safety.","Treating fire alarms seriously and assisting vulnerable individuals during evacuation reflects responsible, safety-first behaviour.",,,,"emergency,crowd-safety,social-responsibility",,,,SRT0213,,,,20,,,,,,
SRT0214,Emergency & Crisis Response,,Easy,SRT,"While playing cricket in the neighbourhood, a friend was hit hard on the head by the ball and seemed dazed.",,,,,"He immediately stopped the game, made the friend sit down and rest, checked for signs of serious injury, and informed the friend's family.",Prioritising an injured person's wellbeing over continuing an activity reflects basic responsibility and care.,,,,"emergency,first-aid,responsibility",,,,SRT0214,,,,20,,,,,,
SRT0215,Emergency & Crisis Response,,Easy,SRT,He noticed a stray dog behaving aggressively near a group of small children playing in a park.,,,,,"He calmly and firmly guided the children away from the dog without provoking it, and alerted nearby adults and, if needed, local authorities.",Prioritising the safety of vulnerable individuals while avoiding actions that could provoke the animal reflects sound judgement.,,,,"emergency,presence-of-mind,social-responsibility",,,,SRT0215,,,,20,,,,,,
SRT0216,Emergency & Crisis Response,,Hard,SRT,"During an NCC camp exercise, a cadet suffered heat exhaustion during a strenuous outdoor activity in extreme heat.",,,,,"He immediately moved the cadet to shade, loosened their clothing, offered water, cooled them with a wet cloth, and alerted the camp medical staff.",Recognising heat exhaustion symptoms early and responding with cooling measures can prevent it from progressing to heatstroke.,,,,"emergency,first-aid,ncc",,,,SRT0216,,,,20,,,,,,
SRT0217,Emergency & Crisis Response,,Easy,SRT,He was at home alone when he noticed water rapidly flooding into the house from a burst pipe.,,,,,"He located and shut off the main water valve immediately, moved valuables to higher ground, and then called for a plumber.",Cutting off the source of the problem first prevents further damage before addressing the consequences.,,,,"emergency,presence-of-mind,resourcefulness",,,,SRT0217,,,,20,,,,,,
SRT0218,Emergency & Crisis Response,,Easy,SRT,"While at a picnic, he saw a wasp nest had been accidentally disturbed and several people nearby were at risk of being stung.",,,,,"He calmly warned everyone to move away slowly without swatting at the wasps, and led the group to a safe distance.","Calm, deliberate movement away from a disturbed insect nest reduces the risk of aggravating the situation further.",,,,"emergency,presence-of-mind,safety",,,,SRT0218,,,,20,,,,,,
SRT0219,Emergency & Crisis Response,,Easy,SRT,He was in a lift when it suddenly stopped between floors due to a power failure.,,,,,"He reassured the other passengers, used the emergency alarm or intercom to alert building staff, and kept everyone calm while waiting for help.","Staying calm and using proper emergency systems, rather than attempting risky self-rescue, is the safest response when trapped.",,,,"emergency,presence-of-mind,emotional-stability",,,,SRT0219,,,,20,,,,,,
SRT0220,Emergency & Crisis Response,,Hard,SRT,"During a college outdoor camp, a sudden forest fire broke out a few kilometres from their campsite, with wind direction uncertain.",,,,,"He immediately alerted camp authorities, helped organise an orderly, swift evacuation of the campsite, and ensured no one was left behind.","Acting on a potential threat immediately, rather than waiting to confirm the worst, is critical in fire-related emergencies.",,,,"emergency,crisis-management,leadership",,,,SRT0220,,,,20,,,,,,
SRT0221,Emergency & Crisis Response,,Medium,SRT,"He noticed a classmate having an allergic reaction after eating something at the college canteen, with visible swelling.",,,,,"He alerted canteen and college staff immediately, asked if the classmate had any known allergy medication, and ensured they got prompt medical attention.",Recognising signs of a potentially serious allergic reaction and acting swiftly can prevent it from becoming life-threatening.,,,,"emergency,first-aid,presence-of-mind",,,,SRT0221,,,,20,,,,,,
SRT0222,Emergency & Crisis Response,,Easy,SRT,"While walking near a construction site, he noticed a loose scaffold pole about to fall onto the pavement below.",,,,,He immediately warned pedestrians nearby to move away and alerted the site workers to the hazard.,Quick warning to prevent injury to others takes priority over any other action in such situations.,,,,"emergency,presence-of-mind,social-responsibility",,,,SRT0222,,,,20,,,,,,
SRT0223,Emergency & Crisis Response,,Medium,SRT,"He was at a family function when his grandfather suddenly appeared confused and disoriented, unlike his usual self.",,,,,"He stayed calm, gently reassured his grandfather, informed other family members immediately, and ensured he received prompt medical evaluation.",Recognising sudden changes in an elderly person's mental state as a potential medical concern and acting promptly reflects responsibility.,,,,"emergency,first-aid,family-responsibility",,,,SRT0223,,,,20,,,,,,
SRT0224,Emergency & Crisis Response,,Hard,SRT,"During a college industrial visit, a minor machinery malfunction caused sparks and smoke near a group of visiting students.",,,,,"He quickly moved the students away from the danger zone, alerted the factory staff, and ensured everyone was accounted for at a safe distance.",Prioritising immediate evacuation from an unfamiliar hazardous environment reflects sound safety judgement.,,,,"emergency,presence-of-mind,leadership",,,,SRT0224,,,,20,,,,,,
SRT0225,Emergency & Crisis Response,,Medium,SRT,"He noticed that a fellow hosteller had not been seen for two days and their room appeared undisturbed, raising concern.",,,,,"He alerted hostel authorities immediately, shared what he knew, and assisted in efforts to check on the person's wellbeing.",Taking unusual absences seriously and involving proper authorities promptly reflects responsible concern for others' safety.,,,,"emergency,social-responsibility,presence-of-mind",,,,SRT0225,,,,20,,,,,,
SRT0226,Emergency & Crisis Response,,Easy,SRT,"While at the beach, he noticed a strong current pulling a group of swimmers further from the shore than they realised.",,,,,"He alerted the lifeguard immediately and, if safe to do so, warned the swimmers to move back toward the safer, shallower area.",Alerting trained professionals while providing an immediate warning is the safest way to respond to a developing water hazard.,,,,"emergency,water-safety,presence-of-mind",,,,SRT0226,,,,20,,,,,,
SRT0227,Emergency & Crisis Response,,Medium,SRT,"During a college chemistry practical, a minor fire broke out on a lab bench due to a spilled flammable solvent.",,,,,He immediately used the nearby fire extinguisher or fire blanket to smother the flames and alerted the lab instructor.,Knowing and using basic fire suppression tools appropriately can prevent a small fire from escalating.,,,,"emergency,lab-safety,presence-of-mind",,,,SRT0227,,,,20,,,,,,
SRT0228,Emergency & Crisis Response,,Hard,SRT,"While driving through a hilly area, he came across a vehicle that had gone off the road and rolled over, with the occupants trapped inside.",,,,,"He stopped safely, checked on the occupants without moving them if spinal injury was suspected, called emergency services immediately, and directed other traffic to prevent further accidents.",Avoiding movement of potentially spinally injured victims while securing the scene and calling for professional help is the correct response.,,,,"emergency,first-aid,road-safety",,,,SRT0228,,,,20,,,,,,
SRT0229,Emergency & Crisis Response,,Medium,SRT,He noticed a fire extinguisher missing from its designated spot in his hostel corridor during a routine check.,,,,,He reported the missing equipment to hostel authorities immediately and suggested a review of safety equipment across the building.,"Proactively reporting safety gaps, even when no emergency is occurring, reflects a strong sense of responsibility.",,,,"emergency,responsibility,presence-of-mind",,,,SRT0229,,,,20,,,,,,
SRT0230,Emergency & Crisis Response,,Easy,SRT,"While waiting at a bus stop, he saw an elderly woman trip and fall on the pavement.",,,,,"He immediately helped her up carefully, checked if she was injured, and assisted her to a safe seated position before ensuring she was okay to continue.","Prompt, careful assistance to an injured person, especially someone vulnerable, reflects basic social responsibility.",,,,"emergency,social-responsibility,first-aid",,,,SRT0230,,,,20,,,,,,
SRT0231,Emergency & Crisis Response,,Medium,SRT,"During an NCC camp, a sudden dust storm reduced visibility to almost zero while cadets were outdoors for drill practice.",,,,,"He immediately had the group crouch low, cover their faces, and stay together until visibility improved before returning to shelter.",Prioritising immediate protective measures during sudden severe weather reduces the risk of injury or disorientation.,,,,"emergency,ncc,outdoor-safety",,,,SRT0231,,,,20,,,,,,
SRT0232,Emergency & Crisis Response,,Easy,SRT,"He was at a friend's house when a minor kitchen fire broke out while cooking, and his friend panicked.",,,,,"He calmly guided his friend to turn off the gas, covered the pan with a lid to smother the flames, and ensured the fire was fully out before relaxing.","Knowing basic kitchen fire response, like smothering with a lid rather than water on an oil fire, prevents the situation from worsening.",,,,"emergency,fire-safety,presence-of-mind",,,,SRT0232,,,,20,,,,,,
SRT0233,Emergency & Crisis Response,,Hard,SRT,"While volunteering at a disaster relief camp after a cyclone, he found that supplies were running low faster than expected due to a larger-than-anticipated number of affected people.",,,,,"He immediately informed the camp coordinators of the shortage, helped prioritise distribution to the most vulnerable first, and assisted in requesting additional supplies.",Prioritising fair distribution during scarcity and escalating resource shortages promptly reflects sound crisis management.,,,,"emergency,resourcefulness,social-service",,,,SRT0233,,,,20,,,,,,
SRT0234,Emergency & Crisis Response,,Easy,SRT,He noticed smoke billowing from a neighbouring apartment building while walking home in the evening.,,,,,"He immediately called the fire department, alerted people nearby, and avoided entering the building himself to prevent becoming an additional casualty.",Alerting professional responders quickly while avoiding unnecessary personal risk reflects a balanced sense of courage and judgement.,,,,"emergency,presence-of-mind,social-responsibility",,,,SRT0234,,,,20,,,,,,
SRT0235,Emergency & Crisis Response,,Easy,SRT,"While at a friend's birthday party, a small child accidentally swallowed a small toy piece and began coughing.",,,,,"He calmly checked if the child could still breathe and cough effectively, encouraged them to keep coughing, and alerted an adult immediately for further help if needed.","Recognising whether an airway obstruction is partial or complete determines the correct response, and involving an adult quickly is essential.",,,,"emergency,first-aid,presence-of-mind",,,,SRT0235,,,,20,,,,,,
SRT0236,Emergency & Crisis Response,,Medium,SRT,"During a college outdoor sports event, a sudden hailstorm began without warning while many students were on the open field.",,,,,"He directed nearby students to seek shelter immediately in the nearest building, prioritising the safety of younger participants first.","Quick, decisive action to move people out of exposed areas during sudden severe weather prevents injury.",,,,"emergency,presence-of-mind,leadership",,,,SRT0236,,,,20,,,,,,
SRT0237,Emergency & Crisis Response,,Hard,SRT,"While camping with NCC cadets near a riverbank, water levels began rising rapidly overnight due to unexpected upstream rainfall.",,,,,"He woke the camp immediately, organised a swift, calm relocation of tents and equipment to higher ground, and accounted for every cadet before settling again.","Recognising an emerging flood risk early and acting decisively, rather than waiting for confirmation, can prevent a life-threatening situation.",,,,"emergency,ncc,crisis-management",,,,SRT0237,,,,20,,,,,,
SRT0238,Social Adaptability & Teamwork,,Easy,SRT,"He joined a new college where he did not know anyone, and the existing groups seemed already well-formed.",,,,,"He made an effort to introduce himself genuinely to classmates, participated actively in group activities, and gradually built friendships over time.","Genuine, patient effort to integrate into a new social environment reflects healthy social adaptability.",,,,"social-adaptability,teamwork,confidence",,,,SRT0238,,,,20,,,,,,
SRT0239,Social Adaptability & Teamwork,,Medium,SRT,"During a group assignment, he was paired with classmates from a very different cultural and linguistic background than his own.",,,,,"He made an effort to understand their perspectives, communicated clearly and patiently, and focused on the shared goal of completing the assignment well.",Respecting and adapting to diversity within a team reflects maturity and strong social adaptability.,,,,"social-adaptability,teamwork,cooperation",,,,SRT0239,,,,20,,,,,,
SRT0240,Social Adaptability & Teamwork,,Easy,SRT,He was invited to a gathering where most attendees held very different political and social opinions than his own.,,,,,"He listened respectfully to different viewpoints, shared his own opinions calmly when relevant, and avoided unnecessary confrontation.","Respectful engagement across differing viewpoints, without hostility, reflects social maturity.",,,,"social-adaptability,communication,tolerance",,,,SRT0240,,,,20,,,,,,
SRT0241,Social Adaptability & Teamwork,,Medium,SRT,"While participating in an NCC camp, he was grouped with cadets from other states who spoke a different regional language.",,,,,"He used simple language, gestures, and patience to communicate effectively, and made an effort to learn a few words of their language too.","Making a genuine effort to bridge communication gaps reflects openness and adaptability, valuable traits in diverse team environments.",,,,"social-adaptability,ncc,communication",,,,SRT0241,,,,20,,,,,,
SRT0242,Social Adaptability & Teamwork,,Hard,SRT,"During a college cultural exchange programme, he found that some visiting students followed customs and practices that seemed unusual to him.",,,,,"He approached the differences with curiosity and respect rather than judgment, and asked polite questions to understand their perspective better.","Approaching unfamiliar customs with respect and curiosity, rather than dismissal, reflects strong social adaptability.",,,,"social-adaptability,tolerance,cultural-awareness",,,,SRT0242,,,,20,,,,,,
SRT0243,Social Adaptability & Teamwork,,Medium,SRT,He was assigned to a project group where one member was noticeably quieter and rarely spoke up during discussions.,,,,,"He made a deliberate effort to ask for the quieter member's opinion directly, creating space for them to contribute meaningfully.",Actively including quieter team members strengthens overall team performance and reflects thoughtful leadership.,,,,"social-adaptability,teamwork,inclusivity",,,,SRT0243,,,,20,,,,,,
SRT0244,Social Adaptability & Teamwork,,Easy,SRT,"While on a college trip, he found himself rooming with someone he had never spoken to before and who had very different habits.",,,,,"He approached the situation with an open mind, communicated his own preferences clearly and politely, and worked out a comfortable arrangement together.",Open communication and compromise in unfamiliar living situations reflect social adaptability.,,,,"social-adaptability,communication,cooperation",,,,SRT0244,,,,20,,,,,,
SRT0245,Social Adaptability & Teamwork,,Medium,SRT,"During a group discussion for SSB preparation, another participant kept interrupting others and dominating the conversation.",,,,,"He waited for a natural pause, politely but firmly redirected the discussion to allow others to speak, without being confrontational.",Managing dominant personalities tactfully while ensuring fair participation reflects both social skill and leadership potential.,,,,"social-adaptability,teamwork,leadership",,,,SRT0245,,,,20,,,,,,
SRT0246,Social Adaptability & Teamwork,,Medium,SRT,He was the only person from his college attending a national-level youth conference where everyone else already knew each other from previous events.,,,,,"He proactively introduced himself to other participants, showed genuine interest in their experiences, and built new connections over the event.","Taking initiative to build new relationships in unfamiliar settings, rather than remaining isolated, reflects confidence and adaptability.",,,,"social-adaptability,confidence,networking",,,,SRT0246,,,,20,,,,,,
SRT0247,Social Adaptability & Teamwork,,Hard,SRT,"During a group project, his team members had strongly differing opinions on the approach to take, leading to a prolonged stalemate.",,,,,"He facilitated a structured discussion where each person's approach was evaluated on merit, and helped the group reach a workable consensus.","Facilitating constructive resolution of disagreements, rather than taking sides, reflects strong social and leadership skills.",,,,"social-adaptability,teamwork,conflict-resolution",,,,SRT0247,,,,20,,,,,,
SRT0248,Social Adaptability & Teamwork,,Easy,SRT,"He noticed a new student sitting alone during lunch break, appearing hesitant to join any group.",,,,,He invited the new student to join his group for lunch and made an effort to include them in the conversation.,Small acts of inclusion toward newcomers reflect genuine social awareness and kindness.,,,,"social-adaptability,inclusivity,kindness",,,,SRT0248,,,,20,,,,,,
SRT0249,Social Adaptability & Teamwork,,Medium,SRT,"While participating in an inter-college workshop, he was placed in a team with members senior to him in age and experience.",,,,,"He respected their experience while still confidently contributing his own ideas when relevant, striking a balance between respect and participation.",Balancing respect for seniority with confident participation reflects social maturity.,,,,"social-adaptability,confidence,respect",,,,SRT0249,,,,20,,,,,,
SRT0250,Social Adaptability & Teamwork,,Medium,SRT,"During a group camping trip, he noticed that two friends in the group had a falling out and were avoiding each other.",,,,,"He avoided taking sides, encouraged both to communicate calmly, and helped maintain a positive atmosphere for the rest of the group.",Staying neutral while gently encouraging resolution helps preserve group harmony without overstepping personal boundaries.,,,,"social-adaptability,conflict-resolution,teamwork",,,,SRT0250,,,,20,,,,,,
SRT0251,Social Adaptability & Teamwork,,Hard,SRT,He was selected to represent his college at a national youth parliament where debates often became heated and personal.,,,,,"He kept his arguments focused on issues rather than individuals, maintained composure under provocation, and earned respect for his balanced approach.",Maintaining objectivity and composure during heated exchanges reflects emotional maturity and social skill.,,,,"social-adaptability,emotional-stability,debate",,,,SRT0251,,,,20,,,,,,
SRT0252,Social Adaptability & Teamwork,,Medium,SRT,"While working part-time at a call centre during his studies, he had to interact with customers who were sometimes rude or impatient.",,,,,"He remained calm and professional, listened patiently to their concerns, and worked to resolve issues without taking the rudeness personally.",Maintaining professionalism under provocation is an important social skill relevant to leadership roles.,,,,"social-adaptability,emotional-stability,professionalism",,,,SRT0252,,,,20,,,,,,
SRT0253,Social Adaptability & Teamwork,,Easy,SRT,He was placed in a new NCC unit where the existing cadets had already bonded over previous camps together.,,,,,"He participated actively in all activities, showed willingness to learn from senior cadets, and gradually earned his place within the group.",Consistent effort and humility when joining an established group help build genuine acceptance over time.,,,,"social-adaptability,ncc,humility",,,,SRT0253,,,,20,,,,,,
SRT0254,Social Adaptability & Teamwork,,Medium,SRT,"During a group trek, he found that one member frequently made jokes at others' expense, making some people uncomfortable.",,,,,"He politely but clearly told the person that some jokes were affecting others negatively, without embarrassing them publicly.",Addressing uncomfortable behaviour directly but tactfully protects group harmony while showing courage.,,,,"social-adaptability,courage,communication",,,,SRT0254,,,,20,,,,,,
SRT0255,Social Adaptability & Teamwork,,Medium,SRT,He was part of a college committee where members from different departments had very different working styles and priorities.,,,,,He adapted his communication style to match different members' preferences and focused discussions on shared committee goals.,Adjusting one's approach to different personalities while keeping shared goals central reflects strong social adaptability.,,,,"social-adaptability,teamwork,communication",,,,SRT0255,,,,20,,,,,,
SRT0256,Social Adaptability & Teamwork,,Hard,SRT,"During an international student exchange programme, he noticed some visiting students were struggling with homesickness and cultural adjustment.",,,,,"He made a genuine effort to befriend them, introduced them to local customs gently, and helped them feel more comfortable in the new environment.",Proactively supporting others' adjustment to unfamiliar environments reflects empathy and social leadership.,,,,"social-adaptability,empathy,cultural-awareness",,,,SRT0256,,,,20,,,,,,
SRT0257,Social Adaptability & Teamwork,,Medium,SRT,"While working on a group assignment, a teammate consistently disagreed with the majority's approach but couldn't articulate a clear alternative.",,,,,"He patiently asked the teammate clarifying questions to understand their concerns better, rather than dismissing their objections outright.","Genuinely engaging with dissenting opinions, rather than dismissing them, often surfaces valuable insights and builds team trust.",,,,"social-adaptability,teamwork,communication",,,,SRT0257,,,,20,,,,,,
SRT0258,Social Adaptability & Teamwork,,Easy,SRT,He attended a family wedding where he barely knew any of the extended relatives present.,,,,,"He made polite conversation with several relatives, showed genuine interest in their lives, and gradually felt more comfortable throughout the event.",Making an effort to engage socially in unfamiliar family settings reflects healthy social confidence.,,,,"social-adaptability,confidence,family",,,,SRT0258,,,,20,,,,,,
SRT0259,Social Adaptability & Teamwork,,Medium,SRT,"During a group fitness class, he noticed a new member was clearly struggling to keep up and looked embarrassed about it.",,,,,"He offered quiet encouragement and adjusted his own pace slightly to make the new member feel more comfortable, without drawing attention to their struggle.","Sensitivity to others' discomfort, paired with quiet supportive action, reflects genuine social awareness.",,,,"social-adaptability,empathy,kindness",,,,SRT0259,,,,20,,,,,,
SRT0260,Social Adaptability & Teamwork,,Medium,SRT,"While serving on his college's disciplinary committee, he had to deliver a difficult verdict against a close friend who had broken the rules.",,,,,"He remained fair and objective in the proceedings, explaining honestly to his friend afterward why he could not make an exception.","Maintaining fairness and objectivity, even when personal relationships are involved, reflects strong integrity.",,,,"social-adaptability,integrity,fairness",,,,SRT0260,,,,20,,,,,,
SRT0261,Social Adaptability & Teamwork,,Hard,SRT,"During a group project with an international virtual team across different time zones, coordination became increasingly difficult.",,,,,"He proposed a flexible, rotating meeting schedule that fairly accommodated everyone's time zones, and used asynchronous updates to keep the project moving.","Creative, fair problem-solving for logistical challenges reflects strong organisational and social skills in modern collaborative settings.",,,,"social-adaptability,teamwork,problem-solving",,,,SRT0261,,,,20,,,,,,
SRT0262,Social Adaptability & Teamwork,,Easy,SRT,He was invited to a friend's family function where the customs and rituals were unfamiliar to him.,,,,,"He observed respectfully, asked polite questions when appropriate, and participated where invited without overstepping cultural boundaries.",Respectful curiosity and appropriate participation in unfamiliar cultural settings reflects social maturity.,,,,"social-adaptability,cultural-awareness,respect",,,,SRT0262,,,,20,,,,,,
SRT0263,Social Adaptability & Teamwork,,Easy,SRT,"During a group activity at an NCC camp, he was paired with a cadet he had previously had a minor disagreement with.",,,,,"He set aside the earlier disagreement, focused on completing the task well together, and treated the cadet professionally and respectfully.",Setting aside personal differences for the sake of team objectives reflects maturity and professionalism.,,,,"social-adaptability,ncc,professionalism",,,,SRT0263,,,,20,,,,,,
SRT0264,Social Adaptability & Teamwork,,Medium,SRT,"While studying in a library, a group of students nearby were talking loudly, disturbing others trying to concentrate.",,,,,"He politely asked the group to lower their voices, explaining the shared need for quiet, rather than reacting with irritation.","Addressing disturbances calmly and respectfully, rather than with hostility, reflects social maturity.",,,,"social-adaptability,communication,respect",,,,SRT0264,,,,20,,,,,,
SRT0265,Social Adaptability & Teamwork,,Medium,SRT,He noticed that a close friend had started distancing himself from their usual friend group without explanation.,,,,,"He reached out privately to check in on his friend, listened without judgment, and offered support without pressuring them to explain immediately.",Genuine concern paired with patience and respect for others' boundaries reflects strong emotional and social maturity.,,,,"social-adaptability,empathy,friendship",,,,SRT0265,,,,20,,,,,,
SRT0266,Social Adaptability & Teamwork,,Hard,SRT,"During a mixed-gender group project for the first time in his academic career, he noticed some awkwardness in communication among team members.",,,,,"He focused discussions strictly on the task, treated all members with equal professionalism and respect, and helped normalise comfortable collaboration.","Professional, respectful behaviour helps establish comfortable and effective collaboration in any diverse team setting.",,,,"social-adaptability,teamwork,professionalism",,,,SRT0266,,,,20,,,,,,
SRT0267,Social Adaptability & Teamwork,,Medium,SRT,"While attending a college orientation, he noticed some students from rural backgrounds seemed hesitant to participate due to language differences.",,,,,"He made an effort to communicate patiently, sometimes switching to simpler language, and encouraged them to participate without feeling judged.",Adapting communication style to make others comfortable reflects inclusivity and genuine social awareness.,,,,"social-adaptability,inclusivity,communication",,,,SRT0267,,,,20,,,,,,
SRT0268,Social Adaptability & Teamwork,,Easy,SRT,He was part of a group where a member frequently took credit for work done collectively by the team.,,,,,"He calmly and directly addressed the issue with the individual privately, and ensured future work was documented transparently to prevent recurrence.","Addressing unfair behaviour directly and constructively, rather than staying silent or escalating unnecessarily, reflects both courage and fairness.",,,,"social-adaptability,integrity,teamwork",,,,SRT0268,,,,20,,,,,,
SRT0269,Family & Personal Responsibility,,Easy,SRT,His father fell ill suddenly a week before his important board exams.,,,,,"He balanced his time between helping care for his father and continuing focused exam preparation, seeking support from family where needed.",Managing personal responsibility alongside academic commitments during a family crisis reflects maturity and resilience.,,,,"family-responsibility,determination,time-management",,,,SRT0269,,,,20,,,,,,
SRT0270,Family & Personal Responsibility,,Medium,SRT,He was the eldest child and had to look after his younger siblings while both parents were away at work.,,,,,"He organised a simple daily routine for his siblings, helped with their homework, and ensured the household ran smoothly until his parents returned.",Taking on responsibility for younger siblings without being asked reflects a strong sense of duty and organisational ability.,,,,"family-responsibility,organizing-ability,initiative",,,,SRT0270,,,,20,,,,,,
SRT0271,Family & Personal Responsibility,,Medium,SRT,"His grandmother, who lived with the family, needed regular assistance but his parents were often busy with work.",,,,,"He voluntarily took on some caregiving duties for his grandmother, ensuring she felt cared for and not neglected.",Voluntarily stepping up for family caregiving needs reflects compassion and a genuine sense of responsibility.,,,,"family-responsibility,compassion,initiative",,,,SRT0271,,,,20,,,,,,
SRT0272,Family & Personal Responsibility,,Hard,SRT,"He received an opportunity to study at a prestigious institution far from home, but his family was going through financial difficulties at the time.",,,,,"He discussed the situation openly with his family, explored scholarship and part-time work options, and made a balanced decision considering both his future and his family's immediate needs.",Balancing personal ambition with family circumstances through open communication reflects mature decision-making.,,,,"family-responsibility,decision-making,communication",,,,SRT0272,,,,20,,,,,,
SRT0273,Family & Personal Responsibility,,Easy,SRT,His younger sibling was being teased at school and came home upset about it.,,,,,"He listened patiently to his sibling's concerns, offered reassurance and practical advice, and consulted with parents about addressing the issue with the school if needed.",Providing emotional support to family members while seeking appropriate solutions reflects both empathy and responsibility.,,,,"family-responsibility,empathy,communication",,,,SRT0273,,,,20,,,,,,
SRT0274,Family & Personal Responsibility,,Medium,SRT,He noticed his parents were under significant financial stress due to unexpected medical expenses in the family.,,,,,"He looked for ways to reduce his own expenses, considered part-time work opportunities, and offered emotional support to his parents during the difficult period.","Taking practical steps to ease family burdens, alongside emotional support, reflects strong maturity and responsibility.",,,,"family-responsibility,resourcefulness,empathy",,,,SRT0274,,,,20,,,,,,
SRT0275,Family & Personal Responsibility,,Medium,SRT,"His parents wanted him to pursue a particular career path, but he had a strong personal interest in a different field.",,,,,"He respectfully explained his own aspirations and reasoning to his parents, while genuinely listening to their concerns, working toward a mutual understanding.","Respectful, honest communication about differing expectations reflects maturity in navigating family relationships.",,,,"family-responsibility,communication,decision-making",,,,SRT0275,,,,20,,,,,,
SRT0276,Family & Personal Responsibility,,Hard,SRT,He had to leave for an important NCC camp on the same weekend as a significant family function that his parents strongly wanted him to attend.,,,,,"He communicated honestly with both his family and NCC authorities about the conflict, and made a well-reasoned decision while ensuring both sides understood his situation.","Handling competing obligations honestly and transparently, rather than avoiding the conflict, reflects strong integrity.",,,,"family-responsibility,decision-making,ncc",,,,SRT0276,,,,20,,,,,,
SRT0277,Family & Personal Responsibility,,Easy,SRT,He noticed his father had been unusually quiet and stressed after work for several days.,,,,,"He gently initiated a conversation with his father to check in on his wellbeing, offering support without being intrusive.",Noticing and responding sensitively to a family member's emotional state reflects empathy and attentiveness.,,,,"family-responsibility,empathy,communication",,,,SRT0277,,,,20,,,,,,
SRT0278,Family & Personal Responsibility,,Easy,SRT,"His mother asked him to complete an important household task, but he had already made plans with friends for the same time.",,,,,"He informed his friends of the change in plan, completed the household task first, and rescheduled his time with friends.",Prioritising genuine family responsibilities over optional social plans reflects a mature sense of duty.,,,,"family-responsibility,time-management,priorities",,,,SRT0278,,,,20,,,,,,
SRT0279,Family & Personal Responsibility,,Medium,SRT,He discovered that his younger sibling had been struggling academically but had been hiding it from their parents out of fear.,,,,,"He spoke to his sibling privately, understood the root cause of the struggle, and helped them find the courage to discuss it honestly with their parents.","Helping a family member address difficult issues honestly, rather than enabling avoidance, reflects mature support.",,,,"family-responsibility,empathy,honesty",,,,SRT0279,,,,20,,,,,,
SRT0280,Family & Personal Responsibility,,Medium,SRT,His extended family was going through a property dispute that was causing significant tension during family gatherings.,,,,,"He avoided taking sides in the dispute, remained respectful toward all family members, and focused on maintaining harmony wherever possible.","Staying neutral and preserving relationships during family conflicts, without getting unnecessarily involved, reflects social maturity.",,,,"family-responsibility,conflict-resolution,tolerance",,,,SRT0280,,,,20,,,,,,
SRT0281,Family & Personal Responsibility,,Hard,SRT,He was preparing for a crucial competitive exam when a close family member was hospitalised for a serious health issue.,,,,,"He balanced visiting and supporting his family with maintaining a structured, if reduced, study schedule, seeking understanding from family about his need to prepare.","Balancing genuine family duty with important personal responsibilities, rather than abandoning either, reflects strong resilience.",,,,"family-responsibility,determination,time-management",,,,SRT0281,,,,20,,,,,,
SRT0282,Family & Personal Responsibility,,Medium,SRT,"His parents had differing opinions on an important family decision, and he was asked for his view by both separately.",,,,,"He listened to both perspectives fully, offered his honest opinion respectfully to each, and avoided playing one parent against the other.",Maintaining honesty and fairness when caught between family members' differing views reflects integrity.,,,,"family-responsibility,integrity,communication",,,,SRT0282,,,,20,,,,,,
SRT0283,Family & Personal Responsibility,,Easy,SRT,He noticed his grandfather had been forgetting small things more often than usual.,,,,,"He gently mentioned his observations to his parents, suggesting a medical check-up out of care and caution.",Noticing subtle changes in an elderly family member's health and raising it appropriately reflects attentiveness and responsibility.,,,,"family-responsibility,attentiveness,care",,,,SRT0283,,,,20,,,,,,
SRT0284,Family & Personal Responsibility,,Medium,SRT,He had committed to helping a friend with an important project on the same day his family needed him for an unexpected household emergency.,,,,,"He informed his friend honestly about the family emergency, offered to help at an alternate time, and prioritised the immediate family need.",Prioritising genuine family emergencies while communicating honestly with other commitments reflects sound judgement.,,,,"family-responsibility,priorities,communication",,,,SRT0284,,,,20,,,,,,
SRT0285,Family & Personal Responsibility,,Medium,SRT,"His younger sibling wanted to skip school for a minor reason, and his parents were away, leaving the decision partly to him.",,,,,"He gently but firmly encouraged his sibling to attend school, explaining the importance of consistency, without being overly harsh.","Guiding younger family members toward responsible choices, even in a parent's absence, reflects maturity.",,,,"family-responsibility,guidance,discipline",,,,SRT0285,,,,20,,,,,,
SRT0286,Family & Personal Responsibility,,Hard,SRT,"He was the primary point of contact for his family during a relative's medical emergency in another city, requiring quick decisions.",,,,,"He gathered accurate information quickly, communicated clearly with all family members, and helped coordinate the necessary arrangements calmly.","Acting as a calm, reliable coordinator during family emergencies reflects strong responsibility and composure.",,,,"family-responsibility,crisis-management,communication",,,,SRT0286,,,,20,,,,,,
SRT0287,Family & Personal Responsibility,,Medium,SRT,"His parents expected him to attend a family event, but it clashed with a rare opportunity to attend an important career-related seminar.",,,,,"He explained the situation honestly to his parents, sought their understanding, and tried to find a way to briefly attend both if feasible, or made a thoughtful choice if not.","Transparent communication about competing priorities, combined with genuine effort to honour family expectations, reflects balanced maturity.",,,,"family-responsibility,decision-making,communication",,,,SRT0287,,,,20,,,,,,
SRT0288,Family & Personal Responsibility,,Medium,SRT,"He noticed that household chores were unevenly distributed, with his mother handling most of the burden despite also working.",,,,,"He voluntarily took on a fairer share of household responsibilities without being asked, easing the burden on his mother.",Proactively recognising and addressing unfair burdens within the family reflects genuine responsibility and empathy.,,,,"family-responsibility,initiative,empathy",,,,SRT0288,,,,20,,,,,,
SRT0289,Family & Personal Responsibility,,Easy,SRT,His younger cousin looked up to him and asked for advice about a personal problem at school.,,,,,"He listened carefully, offered thoughtful and age-appropriate advice, and reassured his cousin that he was there to support them.","Being a positive, supportive influence on younger family members reflects mentorship and responsibility.",,,,"family-responsibility,mentorship,empathy",,,,SRT0289,,,,20,,,,,,
SRT0290,Family & Personal Responsibility,,Medium,SRT,"He had saved money for a personal goal, but his family unexpectedly needed financial help for an urgent matter.",,,,,"He offered his savings to help with the family's urgent need, understanding that family priorities came first in that moment.",Willingness to sacrifice personal goals for genuine family needs reflects strong character and responsibility.,,,,"family-responsibility,selflessness,priorities",,,,SRT0290,,,,20,,,,,,
SRT0291,Family & Personal Responsibility,,Medium,SRT,"His parents had arranged his schedule around family expectations, but he felt he needed more independence to pursue personal growth opportunities.",,,,,"He respectfully discussed his need for greater independence with his parents, proposing a balanced approach that honoured both his growth and family expectations.",Respectfully advocating for personal growth while maintaining family harmony reflects mature negotiation skills.,,,,"family-responsibility,communication,independence",,,,SRT0291,,,,20,,,,,,
SRT0292,Family & Personal Responsibility,,Hard,SRT,"He discovered that a family member had made a serious financial mistake that could affect the whole family, and was too afraid to tell others.",,,,,"He encouraged the family member to be honest about the mistake, offered to support them in addressing it, and helped facilitate a calm family conversation about solutions.","Encouraging honesty and offering constructive support, rather than concealment, reflects strong integrity and care for the family's wellbeing.",,,,"family-responsibility,integrity,support",,,,SRT0292,,,,20,,,,,,
SRT0293,Family & Personal Responsibility,,Medium,SRT,"His parents wanted to celebrate a family milestone, but he was preoccupied with an important personal deadline around the same time.",,,,,"He communicated his situation honestly, found a way to briefly participate in the celebration, and made up for the limited time with genuine engagement.","Balancing personal commitments with meaningful family participation, even briefly, reflects thoughtful prioritisation.",,,,"family-responsibility,time-management,communication",,,,SRT0293,,,,20,,,,,,
SRT0294,Family & Personal Responsibility,,Medium,SRT,He noticed that his parents had been sacrificing their own comfort to provide him with better educational opportunities.,,,,,"He expressed genuine gratitude, worked hard to make the most of the opportunities given, and looked for ways to ease his parents' burden where possible.",Recognising and honouring family sacrifices through genuine effort and gratitude reflects maturity and character.,,,,"family-responsibility,gratitude,determination",,,,SRT0294,,,,20,,,,,,
SRT0295,Ethical Dilemmas & Integrity,,Easy,SRT,"During an exam, he noticed a classmate secretly copying from a hidden note.",,,,,"He focused on his own exam and did not participate in the malpractice, and if directly asked by an invigilator, answered honestly about what he observed.","Maintaining personal integrity and honesty, without becoming a vigilante, reflects sound ethical judgement.",,,,"integrity,honesty,ethics",,,,SRT0295,,,,20,,,,,,
SRT0296,Ethical Dilemmas & Integrity,,Easy,SRT,He found a wallet with a significant amount of cash and identification on a college campus.,,,,,"He handed the wallet over to the college administration along with all its contents, ensuring it could be returned to its rightful owner.",Returning found property intact reflects fundamental honesty and integrity.,,,,"integrity,honesty,ethics",,,,SRT0296,,,,20,,,,,,
SRT0297,Ethical Dilemmas & Integrity,,Medium,SRT,His close friend asked him to lie to a teacher to cover up the friend's absence from an important class.,,,,,"He declined to lie on his friend's behalf, but offered to support his friend in honestly explaining the situation to the teacher instead.","Refusing to compromise personal integrity, even for a close friend, while still offering genuine support, reflects strong character.",,,,"integrity,honesty,friendship",,,,SRT0297,,,,20,,,,,,
SRT0298,Ethical Dilemmas & Integrity,,Hard,SRT,He witnessed a senior classmate bullying a junior student but was warned by others not to get involved to avoid trouble.,,,,,"He reported the incident to a teacher or appropriate authority despite the risk of social backlash, prioritising the junior student's wellbeing.",Standing up against wrongdoing despite personal risk reflects courage and strong moral character.,,,,"integrity,courage,ethics",,,,SRT0298,,,,20,,,,,,
SRT0299,Ethical Dilemmas & Integrity,,Medium,SRT,"During a group project, he realised that some of the data his team had used was inaccurate, but correcting it would mean extra work close to the deadline.",,,,,"He informed his team of the inaccuracy, and together they worked to correct the data despite the time pressure, prioritising accuracy over convenience.","Prioritising accuracy and honesty over convenience, even under time pressure, reflects strong professional integrity.",,,,"integrity,honesty,responsibility",,,,SRT0299,,,,20,,,,,,
SRT0300,Ethical Dilemmas & Integrity,,Easy,SRT,He accidentally damaged a library book and was unsure if anyone had noticed.,,,,,"He reported the damage honestly to the librarian and accepted any consequences, such as a fine, rather than staying silent.","Taking responsibility for one's own mistakes, even when unnoticed, reflects genuine integrity.",,,,"integrity,honesty,responsibility",,,,SRT0300,,,,20,,,,,,
SRT0301,Ethical Dilemmas & Integrity,,Medium,SRT,He was offered an opportunity to gain an unfair advantage in a college selection process through a personal connection.,,,,,"He declined the unfair advantage and chose to compete through the standard, merit-based process instead.","Choosing fairness over personal advantage, even when tempting, reflects strong ethical character.",,,,"integrity,fairness,ethics",,,,SRT0301,,,,20,,,,,,
SRT0302,Ethical Dilemmas & Integrity,,Hard,SRT,"During an NCC camp assessment, he noticed that a fellow cadet had been given credit for a task he himself had actually completed, apparently due to an administrative error.",,,,,"He calmly and respectfully brought the error to the attention of the concerned authority, seeking a fair correction without creating unnecessary conflict.","Addressing unfair outcomes through proper channels, rather than staying silent or reacting aggressively, reflects mature integrity.",,,,"integrity,fairness,ncc",,,,SRT0302,,,,20,,,,,,
SRT0303,Ethical Dilemmas & Integrity,,Medium,SRT,He was asked by a friend to help complete an assignment that would essentially mean doing the friend's work for them.,,,,,"He declined to do the friend's work entirely, but offered to guide and help them understand the material so they could complete it themselves.",Supporting others without enabling dishonesty preserves both the friendship and personal integrity.,,,,"integrity,honesty,friendship",,,,SRT0303,,,,20,,,,,,
SRT0304,Ethical Dilemmas & Integrity,,Medium,SRT,"During a college sports match, he noticed that his own team had unfairly benefited from a referee's clear error in their favour.",,,,,"He informed the referee or officials honestly about the error, even though it went against his own team's immediate interest.","Prioritising fairness and honesty over self-interest, even in competitive settings, reflects strong sporting integrity.",,,,"integrity,fairness,sportsmanship",,,,SRT0304,,,,20,,,,,,
SRT0305,Ethical Dilemmas & Integrity,,Easy,SRT,He noticed a shopkeeper had given him more change than he was owed by mistake.,,,,,"He returned the extra money to the shopkeeper immediately, explaining the error.",Returning unearned money reflects basic honesty in everyday situations.,,,,"integrity,honesty,ethics",,,,SRT0305,,,,20,,,,,,
SRT0306,Ethical Dilemmas & Integrity,,Medium,SRT,He was part of a hiring or selection panel for a college club and noticed a friend applying who was not the strongest candidate available.,,,,,"He evaluated all candidates fairly based on merit, ensuring his friendship did not influence the final decision.",Maintaining objectivity in decisions despite personal relationships reflects strong ethical judgement.,,,,"integrity,fairness,decision-making",,,,SRT0306,,,,20,,,,,,
SRT0307,Ethical Dilemmas & Integrity,,Hard,SRT,He discovered that a senior he respected greatly had been involved in a minor act of dishonesty that could harm the college's reputation if it continued unchecked.,,,,,"He approached the senior privately and respectfully to express his concern, encouraging them to correct the behaviour before raising it more formally if necessary.",Addressing wrongdoing by respected figures with tact but firm principle reflects mature moral courage.,,,,"integrity,courage,ethics",,,,SRT0307,,,,20,,,,,,
SRT0308,Ethical Dilemmas & Integrity,,Medium,SRT,"During an important group presentation, he realised a mistake in his own portion just before presenting, which no one else had noticed.",,,,,"He honestly flagged the mistake to his team before presenting and quickly worked with them to correct it, rather than hoping it would go unnoticed.",Proactively disclosing and correcting one's own errors reflects strong personal accountability.,,,,"integrity,honesty,responsibility",,,,SRT0308,,,,20,,,,,,
SRT0309,Ethical Dilemmas & Integrity,,Medium,SRT,"He was asked to write a personal recommendation for a friend for an opportunity, but he did not feel the friend was genuinely suited for it.",,,,,"He spoke honestly with his friend about his reservations, and either declined to write the recommendation or wrote an honest, balanced one.",Balancing loyalty to friends with honesty in professional or formal contexts reflects strong ethical judgement.,,,,"integrity,honesty,friendship",,,,SRT0309,,,,20,,,,,,
SRT0310,Ethical Dilemmas & Integrity,,Easy,SRT,"He noticed that a classmate had left their answer sheet visible during an exam, though not intentionally.",,,,,He avoided looking at the answer sheet and focused entirely on his own exam paper.,Actively avoiding an unintentional opportunity to cheat reflects strong personal integrity.,,,,"integrity,honesty,ethics",,,,SRT0310,,,,20,,,,,,
SRT0311,Ethical Dilemmas & Integrity,,Medium,SRT,"He was managing a small budget for a college event and found that a minor expense could be inflated slightly without anyone noticing, to cover other shortfalls.",,,,,"He kept accurate records of all expenses and found a legitimate way to address the shortfall, rather than misreporting any expense.","Maintaining financial transparency and honesty, even in small matters, builds a foundation of trust.",,,,"integrity,honesty,financial-responsibility",,,,SRT0311,,,,20,,,,,,
SRT0312,Ethical Dilemmas & Integrity,,Medium,SRT,"During a debate competition, he realised that a strong argument he was about to use was based on a fact he wasn't fully certain was accurate.",,,,,He chose not to use the uncertain fact and instead relied on arguments he could fully verify and stand behind.,Prioritising accuracy over persuasive advantage reflects intellectual honesty.,,,,"integrity,honesty,communication",,,,SRT0312,,,,20,,,,,,
SRT0313,Ethical Dilemmas & Integrity,,Hard,SRT,He was in a position of minor authority over younger students and discovered that enforcing a rule fairly would upset a student he personally liked.,,,,,"He applied the rule consistently and fairly to all students regardless of personal feelings, explaining his reasoning respectfully.","Consistent, impartial application of rules, regardless of personal relationships, reflects strong leadership integrity.",,,,"integrity,fairness,leadership",,,,SRT0313,,,,20,,,,,,
SRT0314,Ethical Dilemmas & Integrity,,Medium,SRT,He noticed that an online source he was using for an assignment contained plagiarised content from another source.,,,,,"He avoided using the plagiarised content and either cited the original source properly or found alternative, original material.",Respecting intellectual property and avoiding plagiarism reflects academic integrity.,,,,"integrity,academic-honesty,ethics",,,,SRT0314,,,,20,,,,,,
SRT0315,Ethical Dilemmas & Integrity,,Medium,SRT,"During a group task, he noticed a teammate quietly taking a shortcut that violated the task's rules to save time.",,,,,"He privately pointed out the issue to the teammate and encouraged them to follow the proper process, even if it took longer.",Addressing rule violations directly but privately reflects both integrity and consideration for the teammate's dignity.,,,,"integrity,fairness,teamwork",,,,SRT0315,,,,20,,,,,,
SRT0316,Ethical Dilemmas & Integrity,,Easy,SRT,He was given extra marks by mistake in a college test that he noticed only after checking his paper carefully.,,,,,"He informed the teacher about the marking error honestly, even though it meant his score would be reduced.","Reporting errors that unfairly benefit oneself reflects a strong, consistent sense of honesty.",,,,"integrity,honesty,academic-honesty",,,,SRT0316,,,,20,,,,,,
SRT0317,Ethical Dilemmas & Integrity,,Medium,SRT,"He was asked by his group to present findings that were based on incomplete research due to time constraints, but present them as fully verified.",,,,,"He suggested honestly framing the findings as preliminary rather than fully verified, maintaining accuracy over an impressive but misleading presentation.",Prioritising honest representation of information over impressive but inaccurate claims reflects strong integrity.,,,,"integrity,honesty,communication",,,,SRT0317,,,,20,,,,,,
SRT0318,Ethical Dilemmas & Integrity,,Hard,SRT,"He was part of an NCC selection process where he suspected a minor irregularity had occurred but had no solid proof, only a strong suspicion.",,,,,"He raised his concern through proper channels calmly and factually, without making unsubstantiated accusations, allowing the matter to be investigated appropriately.","Raising legitimate concerns responsibly, without making baseless accusations, reflects mature judgement and integrity.",,,,"integrity,ncc,responsibility",,,,SRT0318,,,,20,,,,,,
SRT0319,Ethical Dilemmas & Integrity,,Easy,SRT,He noticed that a store had mistakenly not charged him for an item during checkout.,,,,,He returned to inform the store staff of the error and paid for the item.,Proactively correcting an error in one's own favour reflects consistent personal honesty.,,,,"integrity,honesty,ethics",,,,SRT0319,,,,20,,,,,,
SRT0320,Ethical Dilemmas & Integrity,,Medium,SRT,"He was under pressure from friends to participate in a minor act of vandalism during a college event, framed as harmless fun.",,,,,"He declined to participate, explained his reasoning calmly to his friends, and did not feel pressured by the group's expectations.",Resisting peer pressure to maintain personal values reflects strong moral courage.,,,,"integrity,courage,peer-pressure",,,,SRT0320,,,,20,,,,,,
SRT0321,Physical Courage & Risk-Taking,,Easy,SRT,"While walking home late at night, he noticed a group of strangers acting suspiciously near a parked car.",,,,,"He stayed alert, avoided confrontation, moved to a well-lit and populated area, and informed local authorities if the behaviour seemed genuinely threatening.","Prioritising personal safety through awareness and appropriate reporting, rather than unnecessary confrontation, reflects sound judgement.",,,,"courage,presence-of-mind,safety",,,,SRT0321,,,,20,,,,,,
SRT0322,Physical Courage & Risk-Taking,,Easy,SRT,He witnessed a snatching incident where a thief grabbed a woman's bag and ran through a crowded street.,,,,,"He shouted to alert others nearby, attempted to safely obstruct the thief's path if possible without endangering himself or bystanders, and helped the victim afterward.",Balancing decisive action with personal safety awareness reflects measured courage.,,,,"courage,presence-of-mind,social-responsibility",,,,SRT0322,,,,20,,,,,,
SRT0323,Physical Courage & Risk-Taking,,Hard,SRT,"During a college trek, he had to cross a narrow, unstable bridge over a ravine that made other group members hesitant.",,,,,"He assessed the bridge's safety carefully, tested it cautiously himself first, and then guided the rest of the group across safely one at a time.",Demonstrating calculated courage by testing risk personally before leading others reflects genuine leadership under physical risk.,,,,"courage,leadership,outdoor-safety",,,,SRT0323,,,,20,,,,,,
SRT0324,Physical Courage & Risk-Taking,,Medium,SRT,"While swimming in a river during a college outing, he noticed a friend had been swept slightly further by the current than intended.",,,,,"He calmly called out directions to guide his friend back toward safer water, and moved to assist only if the situation clearly worsened.",Balancing calm guidance with readiness to act reflects controlled courage rather than reckless intervention.,,,,"courage,water-safety,presence-of-mind",,,,SRT0324,,,,20,,,,,,
SRT0325,Physical Courage & Risk-Taking,,Easy,SRT,He saw a large stray dog blocking the path of young children walking to school.,,,,,"He calmly and confidently placed himself between the dog and the children, moving them to safety without provoking the animal.","Protecting vulnerable individuals through calm, deliberate action reflects measured physical courage.",,,,"courage,social-responsibility,presence-of-mind",,,,SRT0325,,,,20,,,,,,
SRT0326,Physical Courage & Risk-Taking,,Medium,SRT,"During an NCC obstacle course, he faced a particularly challenging high-wall obstacle that had caused injuries to previous cadets.",,,,,"He approached the obstacle with careful technique rather than reckless speed, completing it safely while encouraging cadets behind him to do the same.",Balancing courage with careful technique reflects mature risk assessment rather than recklessness.,,,,"courage,ncc,discipline",,,,SRT0326,,,,20,,,,,,
SRT0327,Physical Courage & Risk-Taking,,Hard,SRT,"While mountaineering with a college club, unpredictable weather made the final ascent significantly riskier than planned.",,,,,"He voiced his safety concerns clearly to the group leader, and if the risk was assessed as too high, supported the difficult decision to turn back despite being close to the summit.","True courage includes the willingness to accept a safer decision over pursuing a risky goal, even when it's disappointing.",,,,"courage,decision-making,outdoor-safety",,,,SRT0327,,,,20,,,,,,
SRT0328,Physical Courage & Risk-Taking,,Medium,SRT,He was walking alone when he noticed someone being harassed verbally by a group of strangers in a public place.,,,,,"He approached calmly, stood beside the person being harassed to show support, and calmly asked the group to stop, while being ready to seek help if needed.",Standing up for others while remaining measured and ready to seek help reflects balanced courage.,,,,"courage,social-responsibility,presence-of-mind",,,,SRT0328,,,,20,,,,,,
SRT0329,Physical Courage & Risk-Taking,,Medium,SRT,"During a college fire safety drill, he was asked to demonstrate using a fire extinguisher despite never having used one before.",,,,,"He listened carefully to the safety instructions, approached the task with focus rather than nervousness, and completed it correctly.",Willingness to engage confidently with unfamiliar but necessary tasks reflects practical courage.,,,,"courage,fire-safety,confidence",,,,SRT0329,,,,20,,,,,,
SRT0330,Physical Courage & Risk-Taking,,Easy,SRT,"He was asked to be the first to attempt a new, slightly intimidating physical training exercise in front of his NCC unit.",,,,,"He approached the exercise with focus and effort, setting a confident example for the rest of the unit to follow.",Leading by example in physically demanding situations builds group confidence and reflects personal courage.,,,,"courage,ncc,leadership",,,,SRT0330,,,,20,,,,,,
SRT0331,Physical Courage & Risk-Taking,,Medium,SRT,"While on a college trip to a hilly region, he encountered a narrow cliffside path that made him personally uneasy despite it being generally considered safe.",,,,,"He acknowledged his discomfort internally, took the necessary safety precautions, and proceeded carefully rather than letting fear stop him entirely.","Acknowledging fear while still acting responsibly and purposefully reflects genuine, mature courage.",,,,"courage,self-confidence,outdoor-safety",,,,SRT0331,,,,20,,,,,,
SRT0332,Physical Courage & Risk-Taking,,Hard,SRT,"During a river crossing exercise at an NCC camp, the current was stronger than expected and one cadet appeared to be struggling.",,,,,"He quickly assessed whether it was safe to assist directly or whether alerting trained instructors immediately was the safer option, and acted accordingly without panic.",Correctly judging when personal intervention is safe versus when professional help is needed reflects mature courage.,,,,"courage,ncc,decision-making",,,,SRT0332,,,,20,,,,,,
SRT0333,Physical Courage & Risk-Taking,,Medium,SRT,"He was asked to speak in front of a large, unfamiliar audience at a competition, despite feeling nervous about public speaking.",,,,,"He prepared thoroughly beforehand, acknowledged his nervousness internally, and delivered his speech with steady composure.","Facing personal fears through preparation and effort, rather than avoidance, reflects psychological courage.",,,,"courage,self-confidence,communication",,,,SRT0333,,,,20,,,,,,
SRT0334,Physical Courage & Risk-Taking,,Medium,SRT,"While cycling on a busy road, he had to navigate around a sudden obstacle without adequate time to fully assess the situation.",,,,,"He made a quick, decisive manoeuvre to avoid the obstacle safely, relying on quick reflexes and calm focus rather than panic.","Quick, composed decision-making under sudden physical risk reflects practical courage and presence of mind.",,,,"courage,presence-of-mind,road-safety",,,,SRT0334,,,,20,,,,,,
SRT0335,Physical Courage & Risk-Taking,,Easy,SRT,"He was asked to try a physically challenging adventure activity, like rock climbing, for the first time during a college trip.",,,,,"He approached the activity with cautious enthusiasm, followed all safety instructions carefully, and pushed himself to complete it.",Willingness to try new physically demanding activities safely reflects healthy courage and growth mindset.,,,,"courage,confidence,outdoor-safety",,,,SRT0335,,,,20,,,,,,
SRT0336,Physical Courage & Risk-Taking,,Medium,SRT,"During an NCC drill, he noticed a piece of equipment appeared damaged just before a demanding physical exercise was to begin.",,,,,"He immediately reported the damaged equipment to the instructor rather than using it, even though it meant a brief delay.",Prioritising safety over avoiding minor inconvenience or delay reflects responsible courage.,,,,"courage,ncc,safety",,,,SRT0336,,,,20,,,,,,
SRT0337,Physical Courage & Risk-Taking,,Hard,SRT,"While participating in an adventure sports competition, he suffered a minor injury partway through but felt he could continue safely.",,,,,"He informed the officials of his injury honestly, had it assessed, and continued only if cleared as safe to do so, rather than hiding it to avoid disqualification.",Balancing determination with honest self-assessment of physical risk reflects mature courage rather than recklessness.,,,,"courage,honesty,sports",,,,SRT0337,,,,20,,,,,,
SRT0338,Physical Courage & Risk-Taking,,Easy,SRT,He witnessed a minor road rage confrontation escalating between two drivers at a traffic signal.,,,,,"He kept a safe distance, avoided involving himself directly in the confrontation, and alerted nearby traffic police if the situation seemed to be escalating dangerously.","Recognising when personal involvement could increase risk, and instead alerting appropriate authorities, reflects sound judgement.",,,,"courage,presence-of-mind,road-safety",,,,SRT0338,,,,20,,,,,,
SRT0339,Physical Courage & Risk-Taking,,Medium,SRT,"During an NCC camp's night trekking exercise, he felt genuinely nervous navigating unfamiliar terrain in the dark.",,,,,"He acknowledged his nervousness privately, relied on his training and the group for support, and completed the exercise with steady focus.",Managing personal fear through training and trust in preparation reflects genuine psychological resilience.,,,,"courage,ncc,emotional-stability",,,,SRT0339,,,,20,,,,,,
SRT0340,Physical Courage & Risk-Taking,,Easy,SRT,"He was asked to help catch a small snake that had entered a common area in his neighbourhood, causing panic among residents.",,,,,He kept people safely away from the snake and contacted trained wildlife rescue personnel rather than attempting to handle it himself.,"Recognising the limits of personal expertise and involving trained professionals reflects wise, responsible courage.",,,,"courage,presence-of-mind,safety",,,,SRT0340,,,,20,,,,,,
SRT0341,Physical Courage & Risk-Taking,,Medium,SRT,"While participating in a college boxing or martial arts demonstration, he had to compete against a more experienced opponent.",,,,,"He approached the match with focus and respect, gave his full effort, and accepted the outcome gracefully regardless of the result.","Facing a tougher challenge with full effort and grace, win or lose, reflects sportsmanship and courage.",,,,"courage,sportsmanship,determination",,,,SRT0341,,,,20,,,,,,
SRT0342,Physical Courage & Risk-Taking,,Medium,SRT,"During a camping trip, strange noises near the tents at night made some group members anxious about a possible wild animal nearby.",,,,,"He calmly checked the situation using a torch from a safe distance, reassured the group, and took appropriate precautions like securing food away from the tents.","Investigating a potential threat calmly and taking sensible precautions, rather than panicking, reflects composed courage.",,,,"courage,presence-of-mind,outdoor-safety",,,,SRT0342,,,,20,,,,,,
SRT0343,Physical Courage & Risk-Taking,,Hard,SRT,"While assisting during a college blood donation camp, he felt lightheaded at the sight of blood but had committed to helping manage the event.",,,,,"He informed the organisers honestly about his discomfort, stepped back briefly to recover, and returned to help in a different capacity rather than abandoning his commitment entirely.","Honest acknowledgment of personal limits, combined with continued commitment in an adjusted role, reflects mature self-awareness and responsibility.",,,,"courage,honesty,commitment",,,,SRT0343,,,,20,,,,,,
SRT0344,Physical Courage & Risk-Taking,,Easy,SRT,He was part of a group that encountered a wild animal at a safe distance during a nature trail walk.,,,,,"He kept the group calm, maintained a safe distance without sudden movements, and slowly guided everyone away from the animal's path.","Calm, informed responses to wildlife encounters prioritise safety over panic-driven reactions.",,,,"courage,presence-of-mind,outdoor-safety",,,,SRT0344,,,,20,,,,,,
SRT0345,Academic & Professional Situations,,Easy,SRT,He received a lower grade than expected on an important assignment despite putting in significant effort.,,,,,"He reviewed the feedback carefully, identified areas for genuine improvement, and approached the teacher respectfully to understand how to do better next time.","Responding constructively to setbacks, rather than with frustration or excuses, reflects maturity and growth mindset.",,,,"academic,resilience,growth-mindset",,,,SRT0345,,,,20,,,,,,
SRT0346,Academic & Professional Situations,,Medium,SRT,"During an important internship, he was assigned a task outside his usual area of expertise with a tight deadline.",,,,,"He researched what was needed quickly, asked clarifying questions where necessary, and delivered the task to the best of his ability within the deadline.",Adaptability and initiative when facing unfamiliar professional challenges reflect strong work ethic.,,,,"professional,adaptability,initiative",,,,SRT0346,,,,20,,,,,,
SRT0347,Academic & Professional Situations,,Medium,SRT,"He noticed that his study group had become unproductive, with members frequently getting distracted during sessions.",,,,,"He proposed a more structured format for their sessions, including clear goals and time limits, to improve focus and productivity.",Proactively improving group dynamics rather than simply tolerating inefficiency reflects leadership and organisational skill.,,,,"academic,organizing-ability,teamwork",,,,SRT0347,,,,20,,,,,,
SRT0348,Academic & Professional Situations,,Hard,SRT,He was offered a prestigious college leadership position but realised it would significantly reduce his time for academic preparation for a crucial upcoming exam.,,,,,"He carefully weighed both opportunities, sought advice from mentors, and made a well-reasoned decision that balanced his long-term goals.",Thoughtful decision-making when facing competing valuable opportunities reflects strong judgement.,,,,"academic,decision-making,priorities",,,,SRT0348,,,,20,,,,,,
SRT0349,Academic & Professional Situations,,Medium,SRT,"During a college placement interview, he was asked a question about a topic he was not fully prepared for.",,,,,"He honestly acknowledged the gap in his knowledge, demonstrated his reasoning process as best he could, and expressed genuine willingness to learn.","Honesty about limitations, combined with a constructive attitude, is often valued more than pretending to know everything.",,,,"professional,honesty,communication",,,,SRT0349,,,,20,,,,,,
SRT0350,Academic & Professional Situations,,Easy,SRT,He was assigned a group presentation topic that he found personally uninteresting.,,,,,"He approached the assigned topic with professionalism and effort, finding ways to make his research and presentation engaging despite his personal disinterest.",Maintaining professionalism and effort even on less appealing tasks reflects strong work ethic.,,,,"academic,professionalism,determination",,,,SRT0350,,,,20,,,,,,
SRT0351,Academic & Professional Situations,,Medium,SRT,"While interning at an organisation, he noticed an inefficient process that seemed to waste significant time for the team.",,,,,"He respectfully suggested a possible improvement to his supervisor, backed by clear reasoning, rather than simply complaining about it.","Constructive suggestions for improvement, offered respectfully through proper channels, reflect initiative and professionalism.",,,,"professional,initiative,communication",,,,SRT0351,,,,20,,,,,,
SRT0352,Academic & Professional Situations,,Medium,SRT,"He was falling behind in one subject significantly compared to his peers, affecting his overall academic performance.",,,,,"He approached his teacher for extra guidance, created a focused catch-up study plan, and dedicated extra effort to improve in that specific area.",Proactively addressing academic weaknesses through structured effort reflects determination and self-awareness.,,,,"academic,determination,self-improvement",,,,SRT0352,,,,20,,,,,,
SRT0353,Academic & Professional Situations,,Hard,SRT,"During his final year project, his faculty guide suggested significant changes very close to the submission deadline.",,,,,"He calmly assessed the feasibility of the suggested changes, communicated honestly about time constraints, and worked efficiently to incorporate what was reasonably possible.",Balancing respect for guidance with practical time management under pressure reflects professional maturity.,,,,"academic,time-management,communication",,,,SRT0353,,,,20,,,,,,
SRT0354,Academic & Professional Situations,,Medium,SRT,He was part of a college research team where the assigned methodology did not seem to be producing meaningful results.,,,,,"He raised his concerns constructively with the team and the faculty guide, and proposed an alternative approach backed by reasoning.","Speaking up constructively when something isn't working, rather than silently continuing an ineffective approach, reflects sound judgement.",,,,"academic,initiative,problem-solving",,,,SRT0354,,,,20,,,,,,
SRT0355,Academic & Professional Situations,,Medium,SRT,"During a college internship, a colleague took credit for an idea that he had originally suggested during a team brainstorm.",,,,,"He calmly and professionally clarified his contribution in a follow-up conversation, without creating unnecessary conflict, focusing on the facts.","Addressing misattribution professionally and factually, rather than through confrontation or silence, reflects mature handling of workplace dynamics.",,,,"professional,integrity,communication",,,,SRT0355,,,,20,,,,,,
SRT0356,Academic & Professional Situations,,Easy,SRT,He was assigned as a team member for a college quiz competition but felt he was weaker in certain topic areas than his teammates.,,,,,"He focused on strengthening his weaker areas through targeted preparation, while trusting his teammates' strengths for other rounds.",Recognising and working on personal weaknesses while leveraging team strengths reflects self-awareness and teamwork.,,,,"academic,self-improvement,teamwork",,,,SRT0356,,,,20,,,,,,
SRT0357,Academic & Professional Situations,,Easy,SRT,"During an important academic presentation, technical equipment failed just as he was about to begin.",,,,,"He calmly adapted by presenting key points verbally without relying on the failed equipment, keeping the audience engaged.",Adaptability when facing unexpected technical failures reflects composure and resourcefulness.,,,,"academic,adaptability,presence-of-mind",,,,SRT0357,,,,20,,,,,,
SRT0358,Academic & Professional Situations,,Medium,SRT,He received harsh but constructive criticism from a professor in front of the entire class regarding his assignment.,,,,,"He accepted the feedback professionally without becoming defensive, and used it to genuinely improve his subsequent work.","Accepting constructive criticism gracefully, even when delivered bluntly, reflects maturity and growth mindset.",,,,"academic,resilience,growth-mindset",,,,SRT0358,,,,20,,,,,,
SRT0359,Academic & Professional Situations,,Hard,SRT,"During a crucial college competition, his team's strategy was clearly not working, but changing it midway carried its own risks.",,,,,"He proposed a reasoned adjustment to the strategy based on what was observed, gained his team's agreement, and executed the change confidently.","Willingness to adapt strategy under pressure, backed by clear reasoning, reflects strong decision-making ability.",,,,"academic,decision-making,adaptability",,,,SRT0359,,,,20,,,,,,
SRT0360,Academic & Professional Situations,,Medium,SRT,He was assigned to mentor a junior student who was struggling significantly with a subject he excelled in.,,,,,"He patiently broke down complex concepts into simpler terms, was encouraging rather than critical, and tracked the junior's gradual improvement.","Effective mentorship requires patience, clear communication, and genuine investment in another's growth.",,,,"academic,mentorship,communication",,,,SRT0360,,,,20,,,,,,
SRT0361,Academic & Professional Situations,,Medium,SRT,"During a competitive academic event, he noticed a rival team appeared to be using an unfair tactic that wasn't strictly against the rules but felt unsporting.",,,,,He focused on his own team's performance and fair play rather than being distracted or provoked by the other team's approach.,"Maintaining focus on one's own fair performance, rather than being drawn into unsporting distractions, reflects composure and integrity.",,,,"academic,sportsmanship,composure",,,,SRT0361,,,,20,,,,,,
SRT0362,Academic & Professional Situations,,Easy,SRT,He was given feedback that his communication style during group work came across as overly blunt to some peers.,,,,,"He reflected on the feedback honestly, made a genuine effort to adjust his communication approach, and checked in with peers about the improvement.",Accepting feedback about interpersonal style and actively working to improve reflects self-awareness and maturity.,,,,"academic,self-improvement,communication",,,,SRT0362,,,,20,,,,,,
SRT0363,Academic & Professional Situations,,Medium,SRT,"During an important academic project, he realised close to the deadline that he had significantly underestimated the time required.",,,,,"He informed his guide honestly about the situation, reorganised his remaining time efficiently, and worked focused, extended hours to meet the deadline.",Honest acknowledgment of planning errors combined with disciplined effort to correct course reflects responsibility.,,,,"academic,time-management,responsibility",,,,SRT0363,,,,20,,,,,,
SRT0364,Academic & Professional Situations,,Medium,SRT,He was chosen to represent his college in an inter-university competition but felt significant pressure due to high expectations from faculty.,,,,,"He acknowledged the pressure honestly to himself, focused on thorough preparation rather than the pressure itself, and performed to the best of his ability.",Managing performance pressure through focused preparation rather than being overwhelmed by expectations reflects emotional resilience.,,,,"academic,emotional-stability,determination",,,,SRT0364,,,,20,,,,,,
SRT0365,Academic & Professional Situations,,Hard,SRT,"During a group academic project, he discovered that a significant portion of a teammate's contributed work appeared to be plagiarised.",,,,,"He raised the concern directly and privately with the teammate first, encouraged them to redo the work honestly, and escalated to faculty only if the issue wasn't resolved.","Addressing academic integrity issues fairly, giving the person a chance to correct their mistake first, reflects balanced judgement.",,,,"academic,integrity,ethics",,,,SRT0365,,,,20,,,,,,
SRT0366,Academic & Professional Situations,,Medium,SRT,He was preparing for a major competitive exam while also being expected to fulfil significant extracurricular commitments at college.,,,,,"He created a realistic, balanced schedule that honoured both his academic preparation and his commitments, communicating honestly with both sides about his capacity.",Balancing multiple significant commitments through honest communication and realistic planning reflects strong organisational skill.,,,,"academic,time-management,organizing-ability",,,,SRT0366,,,,20,,,,,,
SRT0367,Academic & Professional Situations,,Medium,SRT,"During his internship, he was asked to complete a task using a software tool he had never used before, with no formal training provided.",,,,,He proactively researched tutorials and resources on his own time to learn the tool quickly and complete the task competently.,"Self-directed learning to bridge skill gaps reflects strong initiative, a quality valued in both academic and professional settings.",,,,"professional,initiative,self-improvement",,,,SRT0367,,,,20,,,,,,
SRT0368,Academic & Professional Situations,,Medium,SRT,He noticed that a professor had made a factual error while teaching a topic he happened to know well from other reading.,,,,,"He raised the point respectfully and privately after class, rather than publicly correcting the professor in front of everyone.","Respectfully addressing errors by authority figures, in a way that preserves their dignity, reflects tact and maturity.",,,,"academic,communication,respect",,,,SRT0368,,,,20,,,,,,
SRT0369,Academic & Professional Situations,,Easy,SRT,"He was struggling to balance part-time work with his college studies, affecting his grades slightly.",,,,,"He reassessed his weekly schedule, sought a more sustainable balance between work and studies, and communicated with his employer about his academic priorities.",Proactively rebalancing competing responsibilities reflects strong time-management and self-awareness.,,,,"academic,time-management,priorities",,,,SRT0369,,,,20,,,,,,
SRT0370,Practical Problem-Solving & Resourcefulness,,Easy,SRT,He was travelling to an important interview when his vehicle broke down unexpectedly on the way.,,,,,"He quickly arranged alternate transport, informed the interviewer of a possible slight delay, and managed to reach the venue in reasonable time.","Quick resourcefulness in finding alternate solutions, combined with honest communication, prevents a setback from becoming a bigger problem.",,,,"problem-solving,resourcefulness,time-management",,,,SRT0370,,,,20,,,,,,
SRT0371,Practical Problem-Solving & Resourcefulness,,Medium,SRT,"During a college event, the sound system suddenly stopped working minutes before an important speech was scheduled.",,,,,He quickly arranged for a backup microphone system from a nearby source and adjusted the seating arrangement to ensure everyone could still hear clearly.,Resourceful use of available alternatives prevents small technical failures from derailing an event.,,,,"problem-solving,resourcefulness,event-management",,,,SRT0371,,,,20,,,,,,
SRT0372,Practical Problem-Solving & Resourcefulness,,Easy,SRT,"While camping, he realised the group had forgotten an essential piece of equipment needed for cooking.",,,,,He improvised using available materials and resources at the campsite to address the immediate need without compromising safety.,Practical improvisation with available resources reflects resourcefulness under constraints.,,,,"problem-solving,resourcefulness,outdoor-skills",,,,SRT0372,,,,20,,,,,,
SRT0373,Practical Problem-Solving & Resourcefulness,,Hard,SRT,"During a college robotics competition, their machine malfunctioned just before the final round, with limited time to fix it.",,,,,"He quickly diagnosed the likely cause of the malfunction with his team, made a rapid but careful fix, and ensured the machine was tested before the round began.","Quick, systematic troubleshooting under time pressure reflects strong problem-solving ability.",,,,"problem-solving,technical-skills,time-management",,,,SRT0373,,,,20,,,,,,
SRT0374,Practical Problem-Solving & Resourcefulness,,Medium,SRT,He was organising a college trip when the originally booked accommodation cancelled at the last minute.,,,,,"He quickly researched and secured alternate accommodation that fit the group's budget and requirements, minimising disruption to the trip.","Quick, effective alternative planning under pressure reflects strong organisational and problem-solving skills.",,,,"problem-solving,organizing-ability,resourcefulness",,,,SRT0374,,,,20,,,,,,
SRT0375,Practical Problem-Solving & Resourcefulness,,Easy,SRT,He was assigned to build a simple project model for a college exhibition but ran out of a key material the night before.,,,,,He identified a suitable substitute material available at home and adapted his design slightly to accommodate it.,Adapting plans creatively when facing resource constraints reflects practical problem-solving skill.,,,,"problem-solving,resourcefulness,creativity",,,,SRT0375,,,,20,,,,,,
SRT0376,Practical Problem-Solving & Resourcefulness,,Medium,SRT,"During an outdoor NCC exercise, his compass stopped working properly while the group needed to navigate to a specific point.",,,,,"He used alternative navigation methods, such as the position of the sun or known landmarks, to keep the group moving in the right general direction.",Knowing backup techniques when primary tools fail reflects preparedness and resourcefulness.,,,,"problem-solving,ncc,navigation",,,,SRT0376,,,,20,,,,,,
SRT0377,Practical Problem-Solving & Resourcefulness,,Medium,SRT,He was managing logistics for a college fest when the number of attendees turned out to be significantly higher than the planning estimate.,,,,,"He quickly reorganised seating, arranged additional refreshments where possible, and adjusted the schedule to accommodate the larger crowd smoothly.",Adapting quickly to unexpected scale changes while maintaining order reflects strong organisational problem-solving.,,,,"problem-solving,organizing-ability,event-management",,,,SRT0377,,,,20,,,,,,
SRT0378,Practical Problem-Solving & Resourcefulness,,Hard,SRT,"During a college research project, the specific equipment needed was unavailable at his institution and too expensive to acquire quickly.",,,,,"He sought partnerships with other institutions or labs that had access to the required equipment, negotiating limited but sufficient access for his research.",Creative networking and resourcefulness to overcome resource limitations reflect strong problem-solving ability.,,,,"problem-solving,resourcefulness,networking",,,,SRT0378,,,,20,,,,,,
SRT0379,Practical Problem-Solving & Resourcefulness,,Easy,SRT,While travelling with limited cash after his card stopped working unexpectedly in an unfamiliar city.,,,,,"He calmly assessed his available resources, contacted his bank to resolve the card issue, and made prudent spending choices until it was resolved.","Calm, prudent management of an unexpected resource constraint reflects practical resilience.",,,,"problem-solving,resourcefulness,presence-of-mind",,,,SRT0379,,,,20,,,,,,
SRT0380,Practical Problem-Solving & Resourcefulness,,Medium,SRT,He noticed that a planned outdoor college event was at risk due to an unexpected weather forecast for the day.,,,,,"He prepared a contingency indoor plan in advance, ensuring the event could proceed smoothly regardless of the weather.",Proactive contingency planning reflects strong foresight and problem-solving ability.,,,,"problem-solving,organizing-ability,foresight",,,,SRT0380,,,,20,,,,,,
SRT0381,Practical Problem-Solving & Resourcefulness,,Easy,SRT,He was asked to fix a minor issue with household electronics that he had no prior experience with.,,,,,"He researched the issue using reliable resources, followed safety precautions, and carefully attempted the fix, seeking professional help if it proved beyond his ability.","Willingness to learn and attempt reasonable solutions, while knowing when to seek expert help, reflects balanced resourcefulness.",,,,"problem-solving,resourcefulness,self-reliance",,,,SRT0381,,,,20,,,,,,
SRT0382,Practical Problem-Solving & Resourcefulness,,Medium,SRT,"During a group camping trip, the group realised they had taken a wrong turn and were now significantly off their planned route.",,,,,"He calmly reviewed available maps and landmarks with the group, identified the most sensible way back to the correct path, and kept the group's morale steady.","Calm reassessment and route correction, rather than panic, reflects sound navigational problem-solving.",,,,"problem-solving,navigation,leadership",,,,SRT0382,,,,20,,,,,,
SRT0383,Practical Problem-Solving & Resourcefulness,,Medium,SRT,"He was tasked with organising transportation for a large group of students for a college trip, but the initially planned buses fell through.",,,,,"He quickly contacted multiple transport providers, compared options efficiently, and secured a reliable alternative within budget and time constraints.","Quick, effective vendor management under pressure reflects strong organisational and negotiation skills.",,,,"problem-solving,organizing-ability,negotiation",,,,SRT0383,,,,20,,,,,,
SRT0384,Practical Problem-Solving & Resourcefulness,,Hard,SRT,"During an important science exhibition, his display equipment failed just as judges were about to arrive, and the exact cause was unclear.",,,,,"He quickly identified a workaround to demonstrate the core concept without the malfunctioning equipment, ensuring the judges could still assess the project's merit.",Creative adaptation under high-pressure situations reflects strong practical intelligence and composure.,,,,"problem-solving,resourcefulness,presence-of-mind",,,,SRT0384,,,,20,,,,,,
SRT0385,Practical Problem-Solving & Resourcefulness,,Medium,SRT,He was coordinating volunteers for a college charity drive when he realised the collected donations exceeded what their current storage could handle.,,,,,He quickly arranged for additional temporary storage space and reorganised the volunteer team to manage the increased logistics efficiently.,Adapting logistics quickly to handle unexpectedly larger-than-planned outcomes reflects strong organisational resourcefulness.,,,,"problem-solving,organizing-ability,social-service",,,,SRT0385,,,,20,,,,,,
SRT0386,Practical Problem-Solving & Resourcefulness,,Medium,SRT,"During a group hiking trip, he realised the water supply they had carried was running low faster than anticipated due to the heat.",,,,,"He rationed the remaining water fairly among the group, identified the nearest safe water source on the map, and adjusted the pace to reach it efficiently.",Practical resource management combined with proactive planning reflects sound judgement under physical constraints.,,,,"problem-solving,outdoor-safety,resourcefulness",,,,SRT0386,,,,20,,,,,,
SRT0387,Practical Problem-Solving & Resourcefulness,,Medium,SRT,He was managing a college event's budget when an unexpected additional cost arose that threatened to exceed the total allocation.,,,,,"He reviewed the budget for non-essential items that could be trimmed, negotiated with vendors for better rates, and kept the event within the revised budget.",Creative budget management under financial constraints reflects strong practical problem-solving skill.,,,,"problem-solving,resourcefulness,financial-management",,,,SRT0387,,,,20,,,,,,
SRT0388,Practical Problem-Solving & Resourcefulness,,Easy,SRT,He was assigned to set up equipment for a college presentation but discovered a compatibility issue between the laptop and projector at the last minute.,,,,,"He quickly sought an alternate cable or adapter from nearby resources, and if unavailable, adapted the presentation format to work with what was available.",Quick problem diagnosis and flexible adaptation prevent technical issues from derailing important presentations.,,,,"problem-solving,technical-skills,adaptability",,,,SRT0388,,,,20,,,,,,
SRT0389,Practical Problem-Solving & Resourcefulness,,Medium,SRT,"During an NCC map-reading exercise, he realised the given map had an outdated feature that didn't match the actual terrain.",,,,,"He cross-referenced with visible landmarks and other available information to adjust his navigation, rather than blindly following the outdated map.","Critical thinking when information is imperfect, rather than blind reliance, reflects strong reasoning ability.",,,,"problem-solving,ncc,critical-thinking",,,,SRT0389,,,,20,,,,,,
SRT0390,Practical Problem-Solving & Resourcefulness,,Medium,SRT,He was helping organise a college sports day when the originally planned venue became unavailable just two days before the event.,,,,,"He quickly identified an alternate suitable venue, coordinated necessary permissions, and communicated the change clearly to all participants.","Quick, effective crisis resolution under time pressure reflects strong organisational resourcefulness.",,,,"problem-solving,organizing-ability,communication",,,,SRT0390,,,,20,,,,,,
SRT0391,Practical Problem-Solving & Resourcefulness,,Hard,SRT,"During a college robotics project, the team's approach to a key technical challenge had failed after multiple attempts, with the deadline approaching.",,,,,"He proposed stepping back to reconsider the problem from a different angle, leading the team through a structured brainstorming session to find a new approach.",Willingness to abandon a failing approach and think creatively under pressure reflects strong problem-solving maturity.,,,,"problem-solving,critical-thinking,teamwork",,,,SRT0391,,,,20,,,,,,
SRT0392,Practical Problem-Solving & Resourcefulness,,Medium,SRT,He noticed that the college library's limited operating hours were preventing many students from accessing needed resources during exam season.,,,,,"He proposed a practical solution to the administration, such as extended hours or an online resource-sharing system, backed by clear reasoning.","Identifying systemic problems and proposing practical, well-reasoned solutions reflects strong problem-solving and initiative.",,,,"problem-solving,initiative,organizing-ability",,,,SRT0392,,,,20,,,,,,
SRT0393,Practical Problem-Solving & Resourcefulness,,Medium,SRT,"During a group trek, the planned campsite turned out to be unsuitable upon arrival due to unexpected ground conditions.",,,,,"He quickly assessed nearby alternatives, selected a safer and more suitable spot, and helped the group set up efficiently before it got dark.",Quick reassessment and decisive action when plans don't match reality reflect practical adaptability.,,,,"problem-solving,outdoor-safety,decision-making",,,,SRT0393,,,,20,,,,,,
SRT0394,Practical Problem-Solving & Resourcefulness,,Medium,SRT,He was managing a limited supply of first-aid materials during an NCC field exercise when multiple minor injuries occurred simultaneously.,,,,,"He prioritised treatment based on the severity of each injury, used materials efficiently, and improvised where necessary using clean available materials.",Effective triage and resourceful use of limited supplies during multiple simultaneous needs reflects strong practical judgement.,,,,"problem-solving,ncc,first-aid",,,,SRT0394,,,,20,,,,,,
SRT0395,Determination & Perseverance,,Easy,SRT,He failed to qualify for a college sports team on his first attempt despite months of practice.,,,,,"He analysed his weaknesses honestly, adjusted his training approach, and continued practising with renewed determination for the next opportunity.","Responding to failure with reflection and renewed effort, rather than giving up, reflects strong determination.",,,,"determination,resilience,self-improvement",,,,SRT0395,,,,20,,,,,,
SRT0396,Determination & Perseverance,,Easy,SRT,He did not clear the SSB interview in his first attempt despite thorough preparation.,,,,,"He reviewed his performance honestly, sought feedback from mentors, identified specific areas to improve, and began preparing systematically for his next attempt.","Constructive response to setbacks, through honest self-assessment and renewed effort, reflects the determination valued in officer candidates.",,,,"determination,ssb,resilience",,,,SRT0396,,,,20,,,,,,
SRT0397,Determination & Perseverance,,Easy,SRT,"During marathon training, he suffered a minor injury partway through his preparation period.",,,,,"He consulted a doctor, followed the prescribed recovery process patiently, and gradually resumed training without risking further injury.","Patient, disciplined recovery rather than reckless pushing through injury reflects mature determination.",,,,"determination,resilience,discipline",,,,SRT0397,,,,20,,,,,,
SRT0398,Determination & Perseverance,,Hard,SRT,"He was preparing for a competitive exam for the third consecutive year after two unsuccessful attempts, facing doubts from those around him.",,,,,"He honestly evaluated what had gone wrong in previous attempts, revised his preparation strategy significantly, and continued working toward his goal with steady focus.","Sustained effort through repeated setbacks, backed by honest self-evaluation rather than blind repetition, reflects genuine determination.",,,,"determination,resilience,self-improvement",,,,SRT0398,,,,20,,,,,,
SRT0399,Determination & Perseverance,,Medium,SRT,"During an NCC training camp, he found a particular physical exercise extremely difficult compared to his peers.",,,,,"He practised the exercise extra during his own time, sought guidance from instructors, and gradually improved through consistent effort.","Consistent, self-directed effort to overcome personal weaknesses reflects strong determination.",,,,"determination,ncc,self-improvement",,,,SRT0399,,,,20,,,,,,
SRT0400,Determination & Perseverance,,Easy,SRT,He was learning a new language for a personal goal but found the initial progress slower than expected.,,,,,"He maintained a consistent daily practice routine despite the slow initial progress, trusting that persistence would yield results over time.","Patience and consistency, even when progress feels slow, reflect determination and a long-term mindset.",,,,"determination,persistence,self-improvement",,,,SRT0400,,,,20,,,,,,
SRT0401,Determination & Perseverance,,Medium,SRT,He was training for a physical fitness test required for a defence exam and found his running times were not improving despite regular practice.,,,,,"He sought advice from experienced trainers, adjusted his training method based on their guidance, and continued disciplined practice with patience.","Willingness to seek guidance and adapt methods, rather than giving up when results plateau, reflects mature determination.",,,,"determination,fitness,self-improvement",,,,SRT0401,,,,20,,,,,,
SRT0402,Determination & Perseverance,,Medium,SRT,"During a long research project, he encountered a major setback when a key experiment failed to produce any usable results after weeks of work.",,,,,"He analysed what went wrong, adjusted his methodology, and restarted the critical portions of the experiment with renewed focus.","Resilience in the face of significant setbacks, through analysis and renewed effort, reflects strong determination.",,,,"determination,resilience,research",,,,SRT0402,,,,20,,,,,,
SRT0403,Determination & Perseverance,,Hard,SRT,He was several years into pursuing a long-term personal goal when a major unexpected obstacle threatened to derail his progress entirely.,,,,,"He took time to reassess his situation honestly, adapted his approach where necessary, but remained committed to his overall goal despite the setback.",Maintaining commitment to long-term goals while adapting to major obstacles reflects deep determination and resilience.,,,,"determination,resilience,goal-setting",,,,SRT0403,,,,20,,,,,,
SRT0404,Determination & Perseverance,,Medium,SRT,"During intensive exam preparation, he found himself losing motivation after weeks of consistent study without visible improvement.",,,,,"He revisited his original reasons for pursuing the goal, adjusted his study techniques for better results, and pushed through the low-motivation period with discipline.","Maintaining discipline through periods of low motivation, rather than abandoning effort, reflects genuine determination.",,,,"determination,discipline,motivation",,,,SRT0404,,,,20,,,,,,
SRT0405,Determination & Perseverance,,Medium,SRT,He was practising for a musical or artistic performance and struggled significantly with a particularly difficult section of the piece.,,,,,"He broke the difficult section into smaller parts, practised it repeatedly with focused attention, and gradually mastered it through patience.",Breaking down difficult challenges into manageable steps and persisting reflects effective determination.,,,,"determination,persistence,skill-development",,,,SRT0405,,,,20,,,,,,
SRT0406,Determination & Perseverance,,Easy,SRT,He wanted to improve his physical fitness but found it difficult to stay consistent with his exercise routine initially.,,,,,"He set small, achievable milestones for himself, tracked his progress, and gradually built a consistent habit over time.","Building sustainable habits through small, achievable steps reflects practical determination.",,,,"determination,discipline,fitness",,,,SRT0406,,,,20,,,,,,
SRT0407,Determination & Perseverance,,Medium,SRT,"During preparation for a competitive exam, he consistently struggled with one particular subject despite dedicating significant time to it.",,,,,"He sought additional help through tutoring or study groups specifically for that subject, and remained patient with his gradual progress.","Seeking appropriate support for persistent weaknesses, rather than becoming discouraged, reflects mature determination.",,,,"determination,self-improvement,resourcefulness",,,,SRT0407,,,,20,,,,,,
SRT0408,Determination & Perseverance,,Medium,SRT,"He was working toward a fitness goal that required months of consistent effort, and progress felt painfully slow in the early weeks.",,,,,"He trusted the process, maintained consistency despite the slow initial results, and gradually saw meaningful improvement over time.",Trusting a sound long-term process despite slow initial progress reflects patience and determination.,,,,"determination,persistence,fitness",,,,SRT0408,,,,20,,,,,,
SRT0409,Determination & Perseverance,,Hard,SRT,"He was rejected from a highly competitive programme he had worked toward for years, with no clear indication of when he might apply again.",,,,,"He allowed himself to process the disappointment honestly, then began researching alternative paths or future opportunities to pursue his underlying goal.","Constructive processing of major disappointment, followed by proactive planning for the future, reflects resilience and determination.",,,,"determination,resilience,goal-setting",,,,SRT0409,,,,20,,,,,,
SRT0410,Determination & Perseverance,,Medium,SRT,"During a long college project, he found his initial enthusiasm fading as the more tedious, detailed work began.",,,,,"He reminded himself of the project's importance, broke the remaining work into manageable daily tasks, and maintained steady progress despite reduced excitement.",Sustaining effort through less exciting phases of long-term work reflects mature discipline and determination.,,,,"determination,discipline,persistence",,,,SRT0410,,,,20,,,,,,
SRT0411,Determination & Perseverance,,Medium,SRT,He was preparing for a physical endurance event and hit a plateau where his performance stopped improving despite continued training.,,,,,"He consulted experienced trainers to identify what adjustments were needed, incorporated new training techniques, and pushed through the plateau with patience.","Seeking expert guidance to break through plateaus, rather than abandoning effort, reflects determined and intelligent persistence.",,,,"determination,fitness,self-improvement",,,,SRT0411,,,,20,,,,,,
SRT0412,Determination & Perseverance,,Easy,SRT,He struggled initially to wake up early for consistent morning practice sessions he had committed to.,,,,,"He gradually adjusted his sleep schedule, set clear reminders, and built the habit step by step until it became routine.","Building disciplined habits gradually, rather than expecting instant perfection, reflects practical determination.",,,,"determination,discipline,habit-building",,,,SRT0412,,,,20,,,,,,
SRT0413,Determination & Perseverance,,Medium,SRT,"During SSB preparation, he found that his performance in group tasks was consistently weaker than his performance in individual tasks.",,,,,"He sought specific feedback on his group task performance, practised deliberately in group settings, and worked steadily to improve this particular area.","Targeted effort on identified weaknesses, based on honest feedback, reflects mature and effective determination.",,,,"determination,ssb,self-improvement",,,,SRT0413,,,,20,,,,,,
SRT0414,Determination & Perseverance,,Medium,SRT,He was working on a long-term community service project that showed little visible progress in its early months.,,,,,"He remained committed to the project's long-term goals, adjusted tactics based on early lessons learned, and continued steady effort.","Commitment to long-term impact, despite slow initial visible progress, reflects patience and determination.",,,,"determination,social-service,persistence",,,,SRT0414,,,,20,,,,,,
SRT0415,Determination & Perseverance,,Hard,SRT,"He faced a significant personal setback just before an important competition he had trained for over a long period, threatening his ability to compete at his best.",,,,,"He assessed the situation realistically, made the best possible adjustments to his preparation given the circumstances, and competed with full effort despite the setback.",Adapting to unexpected setbacks while still giving full effort reflects resilience and mature determination.,,,,"determination,resilience,competition",,,,SRT0415,,,,20,,,,,,
SRT0416,Determination & Perseverance,,Medium,SRT,He was learning a new skill for a competitive exam requirement and found that his early attempts were far below the required standard.,,,,,"He remained patient with his early performance, focused on incremental daily improvement, and tracked his progress over time rather than expecting immediate mastery.","Patience with the learning curve, combined with consistent incremental effort, reflects mature determination.",,,,"determination,self-improvement,patience",,,,SRT0416,,,,20,,,,,,
SRT0417,Determination & Perseverance,,Medium,SRT,"During a long preparation period for a competitive exam, he faced significant scepticism from people around him about his chances of success.",,,,,"He acknowledged the scepticism without letting it affect his self-belief, and continued his preparation with quiet, steady confidence.",Maintaining self-belief and focus despite external scepticism reflects strong determination and self-confidence.,,,,"determination,self-confidence,resilience",,,,SRT0417,,,,20,,,,,,
SRT0418,Determination & Perseverance,,Medium,SRT,"He set an ambitious personal fitness goal that required consistent effort over an entire year, and found the middle months particularly challenging to stay motivated.",,,,,"He revisited his original motivations, adjusted his routine to keep it engaging, and pushed through the challenging middle period with discipline.",Sustaining long-term commitment through challenging middle phases reflects deep-seated determination.,,,,"determination,discipline,fitness",,,,SRT0418,,,,20,,,,,,
SRT0419,Determination & Perseverance,,Easy,SRT,He wanted to improve his performance in a particular sport but found progress frustratingly slow compared to his expectations.,,,,,"He adjusted his expectations to be more realistic, focused on incremental improvement, and remained patient and consistent in his practice.",Adjusting expectations realistically while maintaining consistent effort reflects mature determination.,,,,"determination,patience,sports",,,,SRT0419,,,,20,,,,,,
SRT0420,Determination & Perseverance,,Medium,SRT,"During preparation for an important defence entrance exam, he found that balancing physical training with academic study was more exhausting than anticipated.",,,,,"He created a sustainable, balanced schedule that allowed adequate rest, and maintained consistent effort across both areas without burning out.","Sustainable, balanced effort across multiple demanding requirements reflects mature self-management and determination.",,,,"determination,time-management,fitness",,,,SRT0420,,,,20,,,,,,
SRT0421,Determination & Perseverance,,Medium,SRT,He was working toward mastering a difficult technical skill for a competition and experienced repeated failures during practice.,,,,,"He treated each failure as a learning opportunity, analysed what went wrong each time, and persisted with adjusted technique.","Treating failure as feedback rather than defeat is a hallmark of resilient, determined individuals.",,,,"determination,resilience,skill-development",,,,SRT0421,,,,20,,,,,,
SRT0422,Determination & Perseverance,,Hard,SRT,He had been preparing for years for a specific career goal when a sudden change in eligibility criteria threatened to disqualify him entirely.,,,,,"He researched the new criteria thoroughly, assessed his options honestly, and adapted his preparation strategy to meet the new requirements without abandoning his goal.",Adapting to unexpected external changes while maintaining commitment to the underlying goal reflects resilience and determination.,,,,"determination,resilience,adaptability",,,,SRT0422,,,,20,,,,,,
SRT0423,Determination & Perseverance,,Medium,SRT,"During intensive SSB-style physical tasks practice, he consistently underperformed in one specific task despite trying multiple times.",,,,,"He sought specific technique guidance from someone experienced in that task, practised deliberately with corrected technique, and gradually improved.","Seeking targeted guidance for specific weaknesses, rather than repeating the same ineffective approach, reflects intelligent determination.",,,,"determination,ssb,self-improvement",,,,SRT0423,,,,20,,,,,,
SRT0424,Determination & Perseverance,,Medium,SRT,He set out to complete a challenging long-distance trek that had defeated him on a previous attempt due to poor preparation.,,,,,"He thoroughly analysed what had gone wrong previously, prepared more rigorously this time, and approached the trek with renewed determination and better planning.",Learning from past failures through honest analysis and improved preparation reflects mature determination.,,,,"determination,resilience,outdoor-skills",,,,SRT0424,,,,20,,,,,,
SRT0425,Determination & Perseverance,,Medium,SRT,"During a long period of exam preparation, he found that a family member's health concerns were consuming significant emotional energy and study time.",,,,,"He balanced genuine family support with disciplined, if adjusted, study efforts, finding a sustainable way to honour both responsibilities.",Balancing genuine personal challenges with continued determination toward important goals reflects emotional resilience.,,,,"determination,family-responsibility,resilience",,,,SRT0425,,,,20,,,,,,
SRT0426,Determination & Perseverance,,Easy,SRT,He wanted to build a habit of daily reading to improve his general knowledge for competitive exams.,,,,,"He started with a small, manageable daily reading goal and gradually increased it as the habit became more established.",Starting small and building gradually is a practical and sustainable approach to developing new disciplined habits.,,,,"determination,habit-building,self-improvement",,,,SRT0426,,,,20,,,,,,
SRT0427,Decisiveness & Quick Thinking,,Easy,SRT,"He had only a few minutes to decide between two equally good options for a college club activity, with no time for extended deliberation.",,,,,"He quickly weighed the key factors that mattered most, made a firm decision, and committed to it fully rather than second-guessing himself afterward.","Timely decision-making, even under uncertainty, is often more valuable than prolonged indecision between similar options.",,,,"decisiveness,decision-making,confidence",,,,SRT0427,,,,20,,,,,,
SRT0428,Decisiveness & Quick Thinking,,Medium,SRT,"During a group task with a strict time limit, the group could not reach consensus and time was running out fast.",,,,,"He proposed a quick, fair method to decide, such as a majority vote, and helped the group commit to action rather than remaining stuck in debate.","Breaking deadlocks decisively under time pressure, using fair methods, reflects strong practical leadership.",,,,"decisiveness,teamwork,time-management",,,,SRT0428,,,,20,,,,,,
SRT0429,Decisiveness & Quick Thinking,,Medium,SRT,"He was offered two internship opportunities at the same time, each with different but valuable benefits, and had to respond within 24 hours.",,,,,"He quickly identified his key priorities, evaluated both options against them, and made a confident, timely decision within the deadline.","Clear prioritisation enables confident, timely decisions even when options seem similarly attractive.",,,,"decisiveness,decision-making,priorities",,,,SRT0429,,,,20,,,,,,
SRT0430,Decisiveness & Quick Thinking,,Hard,SRT,"During a fast-moving group exercise at an NCC camp, he had to choose between two tactical approaches with almost no time to consult others.",,,,,"He relied on his training and quick assessment of the situation to choose the more sound approach, and committed to leading the group through it confidently.","Trusting one's training and judgement to make quick, sound decisions under pressure is a core officer-like quality.",,,,"decisiveness,ncc,leadership",,,,SRT0430,,,,20,,,,,,
SRT0431,Decisiveness & Quick Thinking,,Medium,SRT,"He was midway through an important task when new information suggested his current approach might not be optimal, with limited time to switch.",,,,,"He quickly assessed whether switching was truly worth the risk and cost, and made a firm decision either to adapt or continue, without wavering afterward.","Firm commitment to a well-reasoned decision, once made, prevents wasted effort from indecision.",,,,"decisiveness,decision-making,adaptability",,,,SRT0431,,,,20,,,,,,
SRT0432,Decisiveness & Quick Thinking,,Easy,SRT,"During a picnic, the group could not agree quickly on which of two nearby spots to use, and time was limited before it got dark.",,,,,"He suggested a quick, practical way to decide based on convenience, and the group moved forward without further delay.","Practical, quick decision-making in low-stakes situations prevents unnecessary loss of time.",,,,"decisiveness,practicality,leadership",,,,SRT0432,,,,20,,,,,,
SRT0433,Decisiveness & Quick Thinking,,Medium,SRT,He was asked in an interview-style setting to give an immediate opinion on a topic he hadn't specifically prepared for.,,,,,"He quickly organised his thoughts logically, gave a clear and reasoned response, and remained confident in his answer.",Organising thoughts quickly under pressure and responding with clarity reflects strong reasoning and confidence.,,,,"decisiveness,communication,confidence",,,,SRT0433,,,,20,,,,,,
SRT0434,Decisiveness & Quick Thinking,,Medium,SRT,"During a group trek, the path suddenly forked with no clear signage, and the group needed to choose a direction quickly before losing daylight.",,,,,"He quickly assessed available clues like the map, sun position, and terrain, made a reasoned choice, and led the group confidently in that direction.","Quick, reasoned decision-making using available information prevents dangerous delays in time-sensitive outdoor situations.",,,,"decisiveness,outdoor-safety,leadership",,,,SRT0434,,,,20,,,,,,
SRT0435,Decisiveness & Quick Thinking,,Hard,SRT,"During a mock SSB group planning exercise, his group was split evenly on two very different plans with the clock running out.",,,,,"He quickly identified the strongest elements of both plans, proposed a hybrid approach that addressed the time constraint, and helped the group commit to it.","Synthesising competing ideas quickly under pressure, rather than favouring one side, reflects strong practical leadership.",,,,"decisiveness,ssb,leadership",,,,SRT0435,,,,20,,,,,,
SRT0436,Decisiveness & Quick Thinking,,Medium,SRT,"He noticed a minor error in a document just before it needed to be submitted, with only seconds to decide whether to fix it or submit on time.",,,,,"He quickly assessed whether the error was significant enough to risk a delay, made a fast decision, and took responsibility for the outcome either way.","Quick risk assessment under real time pressure, followed by accountability, reflects mature decisiveness.",,,,"decisiveness,responsibility,time-management",,,,SRT0436,,,,20,,,,,,
SRT0437,Decisiveness & Quick Thinking,,Medium,SRT,"During a debate, his opponent raised an unexpected, strong counter-argument that he had not prepared a response for.",,,,,"He thought quickly on his feet, acknowledged the valid point where appropriate, and pivoted his argument logically to address it.","Quick, honest, and logical thinking under unexpected pressure reflects strong reasoning ability.",,,,"decisiveness,communication,critical-thinking",,,,SRT0437,,,,20,,,,,,
SRT0438,Decisiveness & Quick Thinking,,Easy,SRT,"He had to choose quickly between two nearly identical study materials recommended by different friends, with limited time before an exam.",,,,,"He quickly checked which one covered the syllabus more directly, made a decision, and committed fully to using it rather than switching back and forth.","Committing fully to a reasonable choice, rather than wasting time deliberating over similar options, reflects practical decisiveness.",,,,"decisiveness,time-management,practicality",,,,SRT0438,,,,20,,,,,,
SRT0439,Decisiveness & Quick Thinking,,Medium,SRT,"During an NCC camp task, the group leader was suddenly unavailable and someone needed to make an immediate call on the next step.",,,,,"He stepped up to make the necessary decision based on available information, informed the group clearly, and took responsibility for the choice.",Willingness to step up and make necessary decisions in a leader's absence reflects strong initiative and decisiveness.,,,,"decisiveness,ncc,initiative",,,,SRT0439,,,,20,,,,,,
SRT0440,Decisiveness & Quick Thinking,,Medium,SRT,He was given very little time to prepare a response for an unexpected impromptu speaking task during a college event.,,,,,"He quickly organised a simple, clear structure for his thoughts and delivered a coherent response despite the lack of preparation time.",Quick mental organisation under pressure is a valuable skill for handling unexpected challenges confidently.,,,,"decisiveness,communication,confidence",,,,SRT0440,,,,20,,,,,,
SRT0441,Decisiveness & Quick Thinking,,Medium,SRT,"During a group activity, two equally plausible solutions were proposed, and the group was wasting valuable time debating which was better.",,,,,"He proposed testing a quick, low-cost way to evaluate both options rapidly, helping the group make an informed decision without further delay.","Practical, evidence-based approaches to resolving indecision reflect strong problem-solving under time constraints.",,,,"decisiveness,problem-solving,teamwork",,,,SRT0441,,,,20,,,,,,
SRT0442,Decisiveness & Quick Thinking,,Hard,SRT,"During an emergency simulation exercise, he had to choose between two response protocols within seconds, each with different trade-offs.",,,,,"He relied on his training to quickly identify the protocol best suited to the specific scenario, and executed it confidently without hesitation.",Trusting proper training to guide quick decisions under simulated pressure builds real readiness for actual emergencies.,,,,"decisiveness,emergency,training",,,,SRT0442,,,,20,,,,,,
SRT0443,Decisiveness & Quick Thinking,,Medium,SRT,He was asked to make a quick recommendation during a college committee meeting on an issue he had only briefly reviewed beforehand.,,,,,"He honestly noted the limits of his preparation, offered his best reasoned recommendation based on available information, and remained open to others' input.","Balancing honesty about limitations with confident, reasoned input reflects mature decisiveness.",,,,"decisiveness,communication,honesty",,,,SRT0443,,,,20,,,,,,
SRT0444,Decisiveness & Quick Thinking,,Medium,SRT,"During a fast-paced group game meant to test quick thinking, he found himself unsure of the best move within the given time limit.",,,,,"He quickly weighed the most obvious risks and benefits, made his best judgement call within the time limit, and moved forward without hesitation.","Making a reasoned choice within a strict time limit, rather than freezing, reflects practical decisiveness.",,,,"decisiveness,quick-thinking,confidence",,,,SRT0444,,,,20,,,,,,
SRT0445,Decisiveness & Quick Thinking,,Medium,SRT,"He noticed that a friend needed an urgent decision on his behalf while he was unreachable, requiring him to act on incomplete information.",,,,,"He used his best judgement based on what he knew of his friend's preferences and priorities, made a reasonable decision, and informed his friend as soon as possible.","Acting responsibly on someone else's behalf under uncertainty, followed by transparent communication, reflects trustworthy decisiveness.",,,,"decisiveness,responsibility,communication",,,,SRT0445,,,,20,,,,,,
SRT0446,Decisiveness & Quick Thinking,,Easy,SRT,"During a quiz competition, he had only a few seconds to decide whether to answer a question he was only moderately confident about.",,,,,"He quickly weighed his confidence level against the scoring risk, made a decisive call, and accepted the outcome without regret.","Quick risk assessment and confident commitment to a decision, even with some uncertainty, reflects practical decisiveness.",,,,"decisiveness,confidence,risk-assessment",,,,SRT0446,,,,20,,,,,,
SRT0447,Decisiveness & Quick Thinking,,Medium,SRT,"During a group outdoor activity, unexpected rain required an immediate decision on whether to continue or seek shelter.",,,,,"He quickly assessed the safety risk of continuing, made the decisive call to seek shelter, and guided the group there efficiently.","Prioritising safety through quick, decisive action during sudden weather changes reflects sound judgement.",,,,"decisiveness,outdoor-safety,leadership",,,,SRT0447,,,,20,,,,,,
SRT0448,Decisiveness & Quick Thinking,,Medium,SRT,He was asked to make a snap judgement about a candidate's suitability during a brief informal college club selection process.,,,,,"He focused on the most relevant observable qualities, made a reasoned quick assessment, and remained open to revising his view if given more information later.","Making sound, reasoned quick judgements while remaining open to new information reflects mature decisiveness.",,,,"decisiveness,decision-making,fairness",,,,SRT0448,,,,20,,,,,,
SRT0449,Decisiveness & Quick Thinking,,Hard,SRT,"During a simulated crisis exercise, conflicting instructions came from two different sources simultaneously, requiring an immediate choice of which to follow.",,,,,"He quickly assessed which source had more relevant authority and information for the specific situation, and acted decisively on that basis.",Quickly assessing credibility and relevance of conflicting information under pressure reflects sound critical judgement.,,,,"decisiveness,critical-thinking,crisis-management",,,,SRT0449,,,,20,,,,,,
SRT0450,Decisiveness & Quick Thinking,,Medium,SRT,He had to decide quickly whether to speak up about a concern during an ongoing group discussion or wait for a more appropriate moment.,,,,,"He judged that the concern was time-sensitive enough to raise immediately, and did so respectfully without derailing the discussion.","Judging the right moment to act, balancing urgency with appropriateness, reflects social and situational awareness.",,,,"decisiveness,communication,social-adaptability",,,,SRT0450,,,,20,,,,,,
SRT0451,Decisiveness & Quick Thinking,,Medium,SRT,"During a college trip, he had to quickly decide how to reallocate a shrinking budget across multiple remaining planned activities.",,,,,"He quickly prioritised the most valuable activities for the group, made necessary cuts transparently, and communicated the revised plan clearly.","Quick, transparent prioritisation under resource constraints reflects strong practical decisiveness.",,,,"decisiveness,organizing-ability,communication",,,,SRT0451,,,,20,,,,,,
SRT0452,Decisiveness & Quick Thinking,,Medium,SRT,He noticed a friend was about to make a hasty decision with potentially serious consequences and had only moments to intervene.,,,,,"He quickly but calmly voiced his concern, offered a brief alternative perspective, and respected his friend's final choice while ensuring they had considered it.","Timely, respectful intervention when someone is about to make a hasty decision reflects care balanced with respect for autonomy.",,,,"decisiveness,communication,empathy",,,,SRT0452,,,,20,,,,,,
NLM-222,Psychology,WAT,Hard,SingleWord,Word: Responsibility,,,,,Responsible people complete tasks without supervision.,Shows reliability and accountability.,,,,,,,The_Forge_Questions_221_300_CLEAN.csv,,,,,,,,,,,
NLM-224,Military GK,Commands,Medium,SingleWord,The Eastern Naval Command is headquartered at ________.,,,,,Visakhapatnam,It is India's primary eastern naval headquarters.,,,,,,,The_Forge_Questions_221_300_CLEAN.csv,,,,,,,,,,,
NLM-225,OIR Verbal,Number Series,Hard,MCQ,"1, 4, 9, 16, 25, ?",30,36,49,64,B,Perfect squares.,,,,,,,The_Forge_Questions_221_300_CLEAN.csv,,,,,,,,,,,
NLM-227,Interview,Personal Interview,Hard,Subjective,You are asked about a major mistake in life.,,,,,B,Honesty and learning attitude matter.,,,,,,,The_Forge_Questions_221_300_CLEAN.csv,,,,,,,,,,,
NLM-228,OIR Verbal,Coding-Decoding,Hard,MCQ,"If PEACE is coded as QFBDF, then WAR is coded as:",XBS,XCS,YBS,YCS,A,Each letter shifted +1.,,,,,,,The_Forge_Questions_221_300_CLEAN.csv,,,,,,,,,,,
NLM-231,OIR Verbal,Analogy,Medium,MCQ,Map : Navigation :: Dictionary : ?,Grammar,Vocabulary,Pronunciation,Writing,B,Dictionary helps with words.,,,,,,,The_Forge_Questions_221_300_CLEAN.csv,,,,,,,,,,,
NLM-232,Military GK,Aircraft,Medium,SingleWord,The Chinook helicopter is mainly used for ________ transport.,,,,,Heavy-lift,Chinook specializes in heavy cargo transport.,,,,,,,The_Forge_Questions_221_300_CLEAN.csv,,,,,,,,,,,
NLM-233,Psychology,Self Description,Medium,SingleWord,How do your teachers describe you?,,,,,Dependable and willing to learn.,,,,,,,,The_Forge_Questions_221_300_CLEAN.csv,,,,,,,,,,,
NLM-235,OIR Verbal,Alphabet Series,Hard,MCQ,"B, E, I, N, T, ?",Z,Y,A,U,C,#ERROR!,,,,,,,The_Forge_Questions_221_300_CLEAN.csv,,,,,,,,,,,
NLM-237,Interview,CIQ,Medium,SingleWord,What would your best friend say is your strongest quality?,,,,,Trustworthiness.,,,,,,,,The_Forge_Questions_221_300_CLEAN.csv,,,,,,,,,,,
NLM-241,OIR Verbal,Blood Relation,Hard,MCQ,"A woman says, ""My mother's brother's son is standing there.""

That person is her:",Brother,Cousin,Nephew,Uncle,B,,,,,,,,The_Forge_Questions_221_300_CLEAN.csv,,,,,,,,,,,
NLM-243,Military GK,Missiles,Medium,SingleWord,Nag is an Indian ________ missile.,,,,,Anti-tank,,,,,,,,The_Forge_Questions_221_300_CLEAN.csv,,,,,,,,,,,
NLM-245,OIR Verbal,Classification,Medium,MCQ,Find odd one.,Courage,Bravery,Valour,Determination,D,,,,,,,,The_Forge_Questions_221_300_CLEAN.csv,,,,,,,,,,,
NLM-246,Psychology,WAT,Medium,SingleWord,Word: Success,,,,,Success follows preparation and persistence.,,,,,,,,The_Forge_Questions_221_300_CLEAN.csv,,,,,,,,,,,
NLM-248,Military GK,Ranks,Medium,MCQ,Which rank is junior to Major?,Captain,Colonel,Brigadier,Lieutenant Colonel,A,,,,,,,,The_Forge_Questions_221_300_CLEAN.csv,,,,,,,,,,,
NLM-249,OIR Verbal,Statement & Conclusion,Hard,MCQ,"Statement:
The academy introduced advanced simulators.

Conclusions:
I. Training methods are being upgraded.
II. Previous training was useless.",Only I,Only II,Both,Neither,A,,,,,,,,The_Forge_Questions_221_300_CLEAN.csv,,,,,,,,,,,
NLM-251,OIR Verbal,Number Series,Hard,MCQ,"3, 7, 15, 31, 63, ?",127,129,131,133,A,,,,,,,,The_Forge_Questions_221_300_CLEAN.csv,,,,,,,,,,,
NLM-254,Military GK,Navy,Medium,SingleWord,INS Arihant is a nuclear-powered ________.,,,,,Submarine,,,,,,,,The_Forge_Questions_221_300_CLEAN.csv,,,,,,,,,,,
NLM-255,OIR Non-Verbal,Embedded Figure,Hard,MCQ,Embedded figure tests primarily measure:,Memory,Observation,Perception,Concentration,B,,,,,,,,The_Forge_Questions_221_300_CLEAN.csv,,,,,,,,,,,
NLM-257,Interview,CIQ,Medium,SingleWord,What does leadership mean to you?,,,,,Helping a group achieve objectives together.,,,,,,,,The_Forge_Questions_221_300_CLEAN.csv,,,,,,,,,,,
NLM-258,OIR Verbal,Direction Sense,Hard,MCQ,"A person walks 4 km south, 3 km east. Distance from start?",4 km,5 km,6 km,7 km,B,,,,,,,,The_Forge_Questions_221_300_CLEAN.csv,,,,,,,,,,,
NLM-260,Military GK,Aircraft,Medium,MCQ,Mi-17 is primarily a:,Fighter,Bomber,Helicopter,UAV,C,,,,,,,,The_Forge_Questions_221_300_CLEAN.csv,,,,,,,,,,,
NLM-261,OIR Verbal,Analogy,Hard,MCQ,Compass : Direction :: Clock : ?,Distance,Time,Speed,Schedule,B,,,,,,,,The_Forge_Questions_221_300_CLEAN.csv,,,,,,,,,,,
NLM-264,Military GK,Air Force,Fill in the Blanks,,The aerobatic display team of the Indian Air Force is called ________.,,,,,Surya Kiran,,,,,,,,The_Forge_Questions_221_300_CLEAN.csv,,,,,,,,,,,
NLM-265,OIR Verbal,Coding-Decoding,Hard,,"If BOOK = CPPL, then ARMY = ?",,,,,A,,,,,,,,The_Forge_Questions_221_300_CLEAN.csv,,,,,,,,,,,
NLM-267,Interview,Personal Interview,,,What should you do if you don't know an answer?,,,,,Admit honestly and attempt logical reasoning.,,,,,,,,The_Forge_Questions_221_300_CLEAN.csv,,,,,,,,,,,
NLM-268,OIR Verbal,Ranking,,,"7th from top and 15th from bottom.

Total?",,,,,A,,,,,,,,The_Forge_Questions_221_300_CLEAN.csv,,,,,,,,,,,
NLM-269,Psychology,Self Description,,,How would your parents describe you?,,,,,Responsible and dependable.,,,,,,,,The_Forge_Questions_221_300_CLEAN.csv,,,,,,,,,,,
NLM-270,Military GK,Awards,,,PVC stands for ________.,,,,,Param Vir Chakra,,,,,,,,The_Forge_Questions_221_300_CLEAN.csv,,,,,,,,,,,
NLM-275,Military GK,Missile,,,Prithvi belongs to which category?,,,,,Surface-to-Surface Missile,,,,,,,,The_Forge_Questions_221_300_CLEAN.csv,,,,,,,,,,,
NLM-278,Interview,CIQ,,,What inspires you most?,,,,,Meaningful responsibility.,,,,,,,,The_Forge_Questions_221_300_CLEAN.csv,,,,,,,,,,,
NLM-279,OIR Verbal,Number Series,,,"10, 20, 40, 80, ?",,,,,C,,,,,,,,The_Forge_Questions_221_300_CLEAN.csv,,,,,,,,,,,
NLM-280,Military GK,Aircraft,,,LCA stands for?,,,,,Light Combat Aircraft,,,,,,,,The_Forge_Questions_221_300_CLEAN.csv,,,,,,,,,,,
NLM-282,OIR Verbal,Blood Relation,,,Father's sister is:,,,,,Aunt,,,,,,,,The_Forge_Questions_221_300_CLEAN.csv,,,,,,,,,,,
NLM-285,Military GK,Navy,,,INS stands for?,,,,,Indian Naval Ship,,,,,,,,The_Forge_Questions_221_300_CLEAN.csv,,,,,,,,,,,
NLM-287,Interview,Officer Response,,,Criticism should be:,,,,,Accepted positively and analyzed.,,,,,,,,The_Forge_Questions_221_300_CLEAN.csv,,,,,,,,,,,
NLM-288,OIR Verbal,Analogy,,,Teacher : School :: Officer : ?,,,,,A,,,,,,,,The_Forge_Questions_221_300_CLEAN.csv,,,,,,,,,,,
NLM-290,Military GK,Army,,,The regiment is primarily a ________ formation.,,,,,Military,,,,,,,,The_Forge_Questions_221_300_CLEAN.csv,,,,,,,,,,,
NLM-293,OIR Verbal,Direction Sense,,,"Face North, turn right, then right.

Direction?",,,,,South,,,,,,,,The_Forge_Questions_221_300_CLEAN.csv,,,,,,,,,,,
NLM-294,Psychology,Self Description,,,What is your greatest strength?,,,,,Consistency in effort.,,,,,,,,The_Forge_Questions_221_300_CLEAN.csv,,,,,,,,,,,
NLM-295,Military GK,Defence,,,First line of national defence is the ________.,,,,,Armed Forces,,,,,,,,The_Forge_Questions_221_300_CLEAN.csv,,,,,,,,,,,
NLM-297,OIR Verbal,Classification,,,"Find odd one.

Jet, Helicopter, Tank, Glider",,,,,Tank,,,,,,,,The_Forge_Questions_221_300_CLEAN.csv,,,,,,,,,,,
NLM-298,Interview,PIQ,,,What extracurricular activity taught you leadership?,,,,,Any activity involving team coordination and responsibility.,,,,,,,,The_Forge_Questions_221_300_CLEAN.csv,,,,,,,,,,,
NLM-300,OLQ,Overall Officer Potential,Hard,Subjective,"Which quality best integrates leadership, responsibility, courage and initiative?",,,,,C,OLQs collectively determine officer potential and suitability for leadership roles.,,,,,,,The_Forge_Questions_221_300_CLEAN.csv,,,,,,,,,,,
OBJ-001,Indian Constitution,,Easy,MCQ,Who is the Supreme Commander of the Indian Armed Forces?,The President of India.,The Prime Minister of India.,The Chief of Defence Staff.,The Defence Minister of India.,A,,,,,,,,Forge_Objective_Content_Cleaned.csv,,,,,,,,,,,
OBJ-002,Indian Armed Forces,,Easy,MCQ,What is the motto of the Indian Army?,Shatrujeet (Vanquisher of Enemies).,Service before self.,"Nation First, Always First.",Touch the sky with glory.,B,,,,,,,,Forge_Objective_Content_Cleaned.csv,,,,,,,,,,,
OBJ-003,Indian Armed Forces,,Easy,MCQ,When is Army Day celebrated in India?,15th August.,26th January.,15th January.,1st December.,C,,,,,,,,Forge_Objective_Content_Cleaned.csv,,,,,,,,,,,
OBJ-004,Indian Armed Forces,,Medium,MCQ,What is the highest honorary rank in the Indian Army?,Major General,General,Lieutenant General,Field Marshal.,D,,,,,,,,Forge_Objective_Content_Cleaned.csv,,,,,,,,,,,
OBJ-005,Indian Armed Forces,,Medium,MCQ,What is the highest honorary rank in the Indian Navy?,Admiral of the Fleet.,Admiral,Vice Admiral,Rear Admiral,A,,,,,,,,Forge_Objective_Content_Cleaned.csv,,,,,,,,,,,
OBJ-006,Indian Armed Forces,,Medium,MCQ,What is the highest honorary rank in the Indian Air Force?,Air Chief Marshal,Marshal of the Air Force.,Air Marshal,Air Vice Marshal,B,,,,,,,,Forge_Objective_Content_Cleaned.csv,,,,,,,,,,,
OBJ-007,Indian Armed Forces,,Easy,MCQ,What is the highest commissioned rank in the Indian Army?,Lieutenant General,Field Marshal,General.,Major General,C,,,,,,,,Forge_Objective_Content_Cleaned.csv,,,,,,,,,,,
OBJ-008,Indian Armed Forces,,Easy,MCQ,What is the highest commissioned rank in the Indian Navy?,Rear Admiral,Admiral of the Fleet,Vice Admiral,Admiral.,D,,,,,,,,Forge_Objective_Content_Cleaned.csv,,,,,,,,,,,
OBJ-009,Indian Armed Forces,,Easy,MCQ,What is the highest commissioned rank in the Indian Air Force?,Air Chief Marshal.,Marshal of the Air Force,Air Marshal,Air Vice Marshal,A,,,,,,,,Forge_Objective_Content_Cleaned.csv,,,,,,,,,,,
OBJ-010,Indian Armed Forces,,Medium,MCQ,What is the Naval equivalent of an Army Lieutenant?,Admiral of the Fleet,Sub-Lieutenant.,Admiral,Vice Admiral,B,,,,,,,,Forge_Objective_Content_Cleaned.csv,,,,,,,,,,,
OBJ-011,Indian Armed Forces,,Medium,MCQ,What is the Air Force equivalent of an Army Lieutenant?,Air Chief Marshal,Marshal of the Air Force,Flying Officer.,Air Marshal,C,,,,,,,,Forge_Objective_Content_Cleaned.csv,,,,,,,,,,,
OBJ-012,Indian Armed Forces,,Medium,MCQ,What is the Air Force equivalent of a Naval Lieutenant?,Air Marshal,Marshal of the Air Force,Air Chief Marshal,Flight Lieutenant.,D,,,,,,,,Forge_Objective_Content_Cleaned.csv,,,,,,,,,,,
OBJ-013,Indian Armed Forces,,Medium,MCQ,What is the Naval equivalent of an Air Force Squadron Leader?,Lieutenant Commander.,Admiral of the Fleet,Admiral,Vice Admiral,A,,,,,,,,Forge_Objective_Content_Cleaned.csv,,,,,,,,,,,
OBJ-014,Indian Armed Forces,,Medium,MCQ,What is the Army equivalent of a Naval Commander?,Field Marshal,Lieutenant Colonel.,General,Lieutenant General,B,,,,,,,,Forge_Objective_Content_Cleaned.csv,,,,,,,,,,,
OBJ-015,Indian Armed Forces,,Medium,MCQ,What is the Naval equivalent of an Air Force Group Captain?,Admiral,Admiral of the Fleet,Captain.,Vice Admiral,C,,,,,,,,Forge_Objective_Content_Cleaned.csv,,,,,,,,,,,
OBJ-016,Indian Armed Forces,,Medium,MCQ,What is the Air Force equivalent of an Army Brigadier?,Air Marshal,Marshal of the Air Force,Air Chief Marshal,Air Commodore.,D,,,,,,,,Forge_Objective_Content_Cleaned.csv,,,,,,,,,,,
OBJ-017,Indian Armed Forces,,Medium,MCQ,What is the Army equivalent of a Naval Commodore?,Brigadier.,Field Marshal,General,Lieutenant General,A,,,,,,,,Forge_Objective_Content_Cleaned.csv,,,,,,,,,,,
OBJ-018,Indian Armed Forces,,Medium,MCQ,What is the Naval equivalent of an Army Major General?,Admiral of the Fleet,Rear Admiral.,Admiral,Vice Admiral,B,,,,,,,,Forge_Objective_Content_Cleaned.csv,,,,,,,,,,,
OBJ-019,Indian Armed Forces,,Medium,MCQ,What is the Air Force equivalent of a Naval Rear Admiral?,Air Chief Marshal,Marshal of the Air Force,Air Vice Marshal.,Air Marshal,C,,,,,,,,Forge_Objective_Content_Cleaned.csv,,,,,,,,,,,
OBJ-020,Indian Armed Forces,,Medium,MCQ,What is the Naval equivalent of an Army Lieutenant General?,Rear Admiral,Admiral of the Fleet,Admiral,Vice Admiral.,D,,,,,,,,Forge_Objective_Content_Cleaned.csv,,,,,,,,,,,
OBJ-021,Indian Armed Forces,,Medium,MCQ,What is the Air Force equivalent of an Army Lieutenant General?,Air Marshal.,Marshal of the Air Force,Air Chief Marshal,Air Vice Marshal,A,,,,,,,,Forge_Objective_Content_Cleaned.csv,,,,,,,,,,,
OBJ-022,Indian Armed Forces,,Medium,MCQ,What is the highest Junior Commissioned Officer rank in the Indian Army?,Subedar or Risaldar,Subedar Major or Risaldar Major.,Naib Subedar or Naib Risaldar,Honorary Captain,B,,,,,,,,Forge_Objective_Content_Cleaned.csv,,,,,,,,,,,
OBJ-023,Indian Armed Forces,,Medium,MCQ,What is the middle Junior Commissioned Officer rank in the Indian Army?,Naib Subedar or Naib Risaldar,Subedar Major or Risaldar Major,Subedar or Risaldar.,Honorary Captain,C,,,,,,,,Forge_Objective_Content_Cleaned.csv,,,,,,,,,,,
OBJ-024,Indian Armed Forces,,Medium,MCQ,What is the lowest Junior Commissioned Officer rank in the Indian Army?,Honorary Captain,Subedar Major or Risaldar Major,Subedar or Risaldar,Naib Subedar or Naib Risaldar.,D,,,,,,,,Forge_Objective_Content_Cleaned.csv,,,,,,,,,,,
OBJ-025,Indian Armed Forces,,Medium,MCQ,How many operational commands are there in the Indian Army?,Six operational commands.,Five operational commands.,Seven operational commands.,Four operational commands.,A,,,,,,,,Forge_Objective_Content_Cleaned.csv,,,,,,,,,,,
OBJ-026,Indian Armed Forces,,Medium,MCQ,Where is the Central Command of the Indian Army headquartered?,"Udhampur, Jammu and Kashmir","Lucknow, Uttar Pradesh.",Chandimandir,"Pune, Maharashtra",B,,,,,,,,Forge_Objective_Content_Cleaned.csv,,,,,,,,,,,
OBJ-027,Indian Armed Forces,,Medium,MCQ,Where is the Eastern Command of the Indian Army headquartered?,Chandimandir,"Udhampur, Jammu and Kashmir","Kolkata, West Bengal.","Pune, Maharashtra",C,,,,,,,,Forge_Objective_Content_Cleaned.csv,,,,,,,,,,,
OBJ-028,Indian Armed Forces,,Medium,MCQ,Where is the Northern Command of the Indian Army headquartered?,"Kolkata, West Bengal",Chandimandir,"Pune, Maharashtra","Udhampur, Jammu and Kashmir.",D,,,,,,,,Forge_Objective_Content_Cleaned.csv,,,,,,,,,,,
OBJ-029,Indian Armed Forces,,Medium,MCQ,Where is the Southern Command of the Indian Army headquartered?,"Pune, Maharashtra.","Udhampur, Jammu and Kashmir",Chandimandir,"Kolkata, West Bengal",A,,,,,,,,Forge_Objective_Content_Cleaned.csv,,,,,,,,,,,
OBJ-030,Indian Armed Forces,,Medium,MCQ,Where is the South Western Command of the Indian Army headquartered?,"Udhampur, Jammu and Kashmir","Jaipur, Rajasthan.",Chandimandir,"Pune, Maharashtra",B,,,,,,,,Forge_Objective_Content_Cleaned.csv,,,,,,,,,,,
OBJ-031,Indian Armed Forces,,Medium,MCQ,Where is the Western Command of the Indian Army headquartered?,"Pune, Maharashtra","Udhampur, Jammu and Kashmir",Chandimandir.,"Kolkata, West Bengal",C,,,,,,,,Forge_Objective_Content_Cleaned.csv,,,,,,,,,,,
OBJ-032,Indian Armed Forces,,Medium,MCQ,What is the motto of the Indian Navy?,Touch the sky with glory (Nabha Sparsham Deeptam).,"Nation First, Always First.",Service before self.,Shano Varuna (May the Lord of the Oceans be auspicious unto us).,D,,,,,,,,Forge_Objective_Content_Cleaned.csv,,,,,,,,,,,
OBJ-033,Indian Armed Forces,,Medium,MCQ,How many operational commands does the Indian Navy operate?,Three operational commands.,Four operational commands.,Two operational commands.,Five operational commands.,A,,,,,,,,Forge_Objective_Content_Cleaned.csv,,,,,,,,,,,
OBJ-034,Indian Armed Forces,,Easy,MCQ,Where is the Western Naval Command headquartered?,"Visakhapatnam, Andhra Pradesh","Mumbai, Maharashtra.","Kochi, Kerala",Port Blair,B,,,,,,,,Forge_Objective_Content_Cleaned.csv,,,,,,,,,,,
OBJ-035,Indian Armed Forces,,Easy,MCQ,Where is the Eastern Naval Command headquartered?,"Kochi, Kerala","Mumbai, Maharashtra","Visakhapatnam, Andhra Pradesh.",Port Blair,C,,,,,,,,Forge_Objective_Content_Cleaned.csv,,,,,,,,,,,
OBJ-036,Indian Armed Forces,,Easy,MCQ,Where is the Southern Naval Command headquartered?,Port Blair,"Mumbai, Maharashtra","Visakhapatnam, Andhra Pradesh","Kochi, Kerala.",D,,,,,,,,Forge_Objective_Content_Cleaned.csv,,,,,,,,,,,
OBJ-037,Indian Armed Forces,,Medium,MCQ,Which is the joint command of the Indian Armed Forces?,The Andaman and Nicobar Command.,The Strategic Forces Command.,The Southern Naval Command.,The Central Air Command.,A,,,,,,,,Forge_Objective_Content_Cleaned.csv,,,,,,,,,,,
OBJ-038,Indian Armed Forces,,Medium,MCQ,Where is the Andaman and Nicobar Command headquartered?,"Mumbai, Maharashtra",Port Blair.,"Visakhapatnam, Andhra Pradesh","Kochi, Kerala",B,,,,,,,,Forge_Objective_Content_Cleaned.csv,,,,,,,,,,,
OBJ-039,Indian Armed Forces,,Hard,MCQ,Who heads the Andaman and Nicobar Command?,The Chief of Army Staff.,The Chief of Naval Staff.,The Chief of Integrated Service Command (CISC).,The Vice Chief of Defence Staff.,C,,,,,,,,Forge_Objective_Content_Cleaned.csv,,,,,,,,,,,
OBJ-040,Indian Armed Forces,,Easy,MCQ,What does INS stand for in the Indian Navy?,Indian Naval Squadron.,Indian Navy Ship.,Indian National Ship.,Indian Naval Ship.,D,,,,,,,,Forge_Objective_Content_Cleaned.csv,,,,,,,,,,,
OBJ-041,Indian Armed Forces,,Medium,MCQ,When was the Indian Air Force established?,8 October 1932.,1 April 1933.,26 October 1932.,1 January 1947.,A,,,,,,,,Forge_Objective_Content_Cleaned.csv,,,,,,,,,,,
OBJ-042,Indian Armed Forces,,Medium,MCQ,What is the motto of the Indian Air Force?,Shatrujeet (Vanquisher of Enemies).,Touch the sky with glory (Nabha Sparsham Deeptam).,Service before self.,Shano Varuna.,B,,,,,,,,Forge_Objective_Content_Cleaned.csv,,,,,,,,,,,
OBJ-043,Indian Armed Forces,,Medium,MCQ,Where is the Central Air Command headquartered?,"Shillong, Meghalaya",New Delhi,"Allahabad, Uttar Pradesh.","Thiruvananthapuram, Kerala",C,,,,,,,,Forge_Objective_Content_Cleaned.csv,,,,,,,,,,,
OBJ-044,Indian Armed Forces,,Medium,MCQ,Where is the Eastern Air Command headquartered?,"Thiruvananthapuram, Kerala",New Delhi,"Allahabad, Uttar Pradesh","Shillong, Meghalaya.",D,,,,,,,,Forge_Objective_Content_Cleaned.csv,,,,,,,,,,,
OBJ-045,Indian Armed Forces,,Medium,MCQ,Where is the Southern Air Command headquartered?,"Thiruvananthapuram, Kerala.",New Delhi,"Shillong, Meghalaya","Allahabad, Uttar Pradesh",A,,,,,,,,Forge_Objective_Content_Cleaned.csv,,,,,,,,,,,
OBJ-046,Indian Armed Forces,,Medium,MCQ,Where is the South Western Air Command headquartered?,New Delhi,"Gandhinagar, Gujarat.","Shillong, Meghalaya","Allahabad, Uttar Pradesh",B,,,,,,,,Forge_Objective_Content_Cleaned.csv,,,,,,,,,,,
OBJ-047,Indian Armed Forces,,Medium,MCQ,Where is the Western Air Command headquartered?,"Allahabad, Uttar Pradesh","Shillong, Meghalaya",New Delhi.,"Thiruvananthapuram, Kerala",C,,,,,,,,Forge_Objective_Content_Cleaned.csv,,,,,,,,,,,
OBJ-048,Indian Armed Forces,,Medium,MCQ,Where is the Training Command of the IAF headquartered?,"Allahabad, Uttar Pradesh",New Delhi,"Shillong, Meghalaya",Bengaluru.,D,,,,,,,,Forge_Objective_Content_Cleaned.csv,,,,,,,,,,,
OBJ-049,Indian Armed Forces,,Medium,MCQ,Where is the Maintenance Command of the IAF headquartered?,Nagpur.,New Delhi,"Shillong, Meghalaya","Allahabad, Uttar Pradesh",A,,,,,,,,Forge_Objective_Content_Cleaned.csv,,,,,,,,,,,
OBJ-050,General Awareness,,Easy,MCQ,Where is the Indian Military Academy located?,"Khadakwasla, Pune","Dehradun, Uttarakhand.","Ezhimala, Kerala","Dundigal, Hyderabad",B,,,,,,,,Forge_Objective_Content_Cleaned.csv,,,,,,,,,,,
OBJ-051,General Awareness,,Medium,MCQ,Where is the Officers Training Academy for Short Service Commission located?,"Dehradun, Uttarakhand","Khadakwasla, Pune","Chennai, Tamil Nadu.","Ezhimala, Kerala",C,,,,,,,,Forge_Objective_Content_Cleaned.csv,,,,,,,,,,,
OBJ-052,General Awareness,,Hard,MCQ,Where is the Officers Training Academy for TES and SCO courses located?,"Ezhimala, Kerala","Khadakwasla, Pune","Dehradun, Uttarakhand","Gaya, Bihar.",D,,,,,,,,Forge_Objective_Content_Cleaned.csv,,,,,,,,,,,
OBJ-053,General Awareness,,Easy,MCQ,Where is the National Defence Academy located?,"Khadakwasla, Pune.","Dehradun, Uttarakhand","Ezhimala, Kerala","Dundigal, Hyderabad",A,,,,,,,,Forge_Objective_Content_Cleaned.csv,,,,,,,,,,,
OBJ-054,General Awareness,,Easy,MCQ,Where is the Indian Naval Academy located?,"Khadakwasla, Pune","Ezhimala, Kerala.","Dehradun, Uttarakhand","Dundigal, Hyderabad",B,,,,,,,,Forge_Objective_Content_Cleaned.csv,,,,,,,,,,,
OBJ-055,General Awareness,,Easy,MCQ,Where is the Air Force Academy located?,"Dehradun, Uttarakhand","Khadakwasla, Pune","Dundigal, Hyderabad.","Ezhimala, Kerala",C,,,,,,,,Forge_Objective_Content_Cleaned.csv,,,,,,,,,,,
OBJ-056,Indian Armed Forces,,Medium,MCQ,What is the primary role of the Corps of Signals?,Conducting reconnaissance and surveillance using UAVs.,Providing forward air control and close air support to ground troops.,Managing logistics and supply chain for frontline units.,"Handling communications, information technology, electronic warfare, and cyber operations.",D,,,,,,,,Forge_Objective_Content_Cleaned.csv,,,,,,,,,,,
OBJ-057,Indian Armed Forces,,Hard,MCQ,Which branch of the Indian Army is known as the Cyber Warriors?,The Corps of Signals.,The Corps of Engineers.,The Army Aviation Corps.,The Corps of Military Police.,A,,,,,,,,Forge_Objective_Content_Cleaned.csv,,,,,,,,,,,
OBJ-058,Indian Armed Forces,,Medium,MCQ,What is the primary role of the Army Aviation Corps?,Transporting troops and supplies across difficult terrain.,Providing attack helicopters as the manoeuvre arm against enemy mechanised columns.,Handling encrypted communications between field units.,Conducting airborne assault and paratrooper operations.,B,,,,,,,,Forge_Objective_Content_Cleaned.csv,,,,,,,,,,,
OBJ-059,Indian Armed Forces,,Medium,MCQ,What is the primary responsibility of the Army Medical Corps?,Providing logistics support for artillery units.,Constructing and maintaining forward defensive fortifications.,"Managing operations casualties, health, and hygiene of the field force.",Training officer cadets in battlefield tactics.,C,,,,,,,,Forge_Objective_Content_Cleaned.csv,,,,,,,,,,,
OBJ-060,Indian Armed Forces,,Medium,MCQ,What is the primary role of the Corps of Military Police?,Managing supply depots for forward units.,Providing artillery fire support to infantry units.,Conducting electronic surveillance of enemy communications.,Regulating the movement of combat forces and ensuring military discipline.,D,,,,,,,,Forge_Objective_Content_Cleaned.csv,,,,,,,,,,,
OBJ-061,Defence Awareness,,Easy,MCQ,What is the highest peacetime gallantry award in India?,Ashok Chakra.,Param Vir Chakra,Maha Vir Chakra,Kirti Chakra,A,,,,,,,,Forge_Objective_Content_Cleaned.csv,,,,,,,,,,,
OBJ-062,Defence Awareness,,Easy,MCQ,What is the highest wartime gallantry award in India?,Ashok Chakra,Param Vir Chakra.,Maha Vir Chakra,Kirti Chakra,B,,,,,,,,Forge_Objective_Content_Cleaned.csv,,,,,,,,,,,
OBJ-063,Military Awareness,,Medium,MCQ,Who was the first recipient of the Param Vir Chakra?,Company Havildar Major Piru Singh.,Naik Jadunath Singh.,Major Somnath Sharma.,Second Lieutenant Rama Raghoba Rane.,C,,,,,,,,Forge_Objective_Content_Cleaned.csv,,,,,,,,,,,
OBJ-064,Military Awareness,,Hard,MCQ,What was Operation Meghdoot?,A 1988 operation to protect the Maldivian government.,A 1971 operation to liberate East Pakistan.,A 1999 operation to evict infiltrators from Kargil.,A 1984 Indian Armed Forces operation to capture the Siachen Glacier.,D,,,,,,,,Forge_Objective_Content_Cleaned.csv,,,,,,,,,,,
OBJ-065,Military Awareness,,Hard,MCQ,What was Operation Cactus?,A 1988 Indian military operation to thwart a mercenary invasion in the Maldives.,A 1984 operation to capture the Siachen Glacier.,A 1971 naval strike on Karachi harbour.,A 2006 evacuation of Indian citizens from Lebanon.,A,,,,,,,,Forge_Objective_Content_Cleaned.csv,,,,,,,,,,,
OBJ-066,Military Awareness,,Hard,MCQ,What was Operation Pawan?,A 1988 mission to counter a coup attempt in the Maldives.,A 1987 operation by the Indian Peace Keeping Force in Sri Lanka.,A 1999 air campaign during the Kargil conflict.,A 1984 mission to secure the Siachen Glacier.,B,,,,,,,,Forge_Objective_Content_Cleaned.csv,,,,,,,,,,,
OBJ-067,Military Awareness,,Hard,MCQ,What was Operation Safed Sagar?,The 1965 IAF campaign in the Indo-Pakistani War.,The 1971 IAF campaign in the Indo-Pakistani War.,The 1999 Indian Air Force strike operation during the Kargil conflict.,The IAF's 1962 operations in the Sino-Indian War.,C,,,,,,,,Forge_Objective_Content_Cleaned.csv,,,,,,,,,,,
OBJ-068,Military Awareness,,Medium,MCQ,What was Operation Vijay?,The codename for the 1971 Indo-Pak War.,The codename for Operation Meghdoot.,The codename for the 1965 Indo-Pak War.,The codename for the 1999 Kargil War.,D,,,,,,,,Forge_Objective_Content_Cleaned.csv,,,,,,,,,,,
OBJ-069,Military Awareness,,Hard,MCQ,What was Operation Sukoon?,A 2006 Indian Navy operation to evacuate citizens from war-torn Lebanon.,A 1988 operation to evacuate nationals from the Maldives.,A 1999 operation to rescue stranded climbers in Kargil.,A 1984 humanitarian mission in Sri Lanka.,A,,,,,,,,Forge_Objective_Content_Cleaned.csv,,,,,,,,,,,
OBJ-070,Defence Technology,,Easy,MCQ,What is the Arjun MBT Mk1?,A Soviet-origin main battle tank used by the Indian Army.,The primary main battle tank of the Indian Army.,A joint India-Russia infantry fighting vehicle.,An indigenously developed self-propelled howitzer.,B,,,,,,,,Forge_Objective_Content_Cleaned.csv,,,,,,,,,,,
OBJ-071,Defence Technology,,Medium,MCQ,What is the origin of the T-90 Bhishma tank?,Soviet Union.,Indigenously designed and built in India.,It is a joint venture between India and Russia.,A joint venture between India and France.,C,,,,,,,,Forge_Objective_Content_Cleaned.csv,,,,,,,,,,,
OBJ-072,Defence Technology,,Medium,MCQ,What is the origin of the T-72M1 Ajeya tank?,United Kingdom.,India.,A joint venture between India and Russia.,Soviet Union.,D,,,,,,,,Forge_Objective_Content_Cleaned.csv,,,,,,,,,,,
OBJ-073,Defence Technology,,Medium,MCQ,What is the origin of the T-55 battle tank?,Soviet Union.,India.,A joint venture between India and Russia.,United States.,A,,,,,,,,Forge_Objective_Content_Cleaned.csv,,,,,,,,,,,
OBJ-074,Defence Technology,,Medium,MCQ,What is the origin of the BMP-2 Sarath?,India.,Soviet Union.,A joint venture between India and Israel.,United Kingdom.,B,,,,,,,,Forge_Objective_Content_Cleaned.csv,,,,,,,,,,,
OBJ-075,Defence Technology,,Hard,MCQ,What is the BRDM-2?,A US-origin armoured personnel carrier.,An indigenously developed light tank of Indian origin.,An amphibious armoured reconnaissance vehicle of Soviet origin.,A French-origin reconnaissance vehicle.,C,,,,,,,,Forge_Objective_Content_Cleaned.csv,,,,,,,,,,,
OBJ-076,Defence Technology,,Medium,MCQ,What is the FH77/B Howitzer commonly known as?,Dhanush.,Pinaka.,Smerch.,Bofors.,D,,,,,,,,Forge_Objective_Content_Cleaned.csv,,,,,,,,,,,
OBJ-077,Defence Technology,,Hard,MCQ,What is Smerch?,A multiple rocket launcher system of Russian origin used by India.,An Israeli-origin loitering munition used by India.,An indigenously developed multi-barrel rocket launcher.,A French-origin self-propelled howitzer.,A,,,,,,,,Forge_Objective_Content_Cleaned.csv,,,,,,,,,,,
OBJ-078,International Relations,,Easy,MCQ,Which two countries collaborated to create the BrahMos missile?,India and Israel.,India and Russia.,India and France.,India and the United States.,B,,,,,,,,Forge_Objective_Content_Cleaned.csv,,,,,,,,,,,
OBJ-079,Defence Technology,,Easy,MCQ,What type of missile is BrahMos?,A short-range ballistic missile.,A subsonic anti-ship cruise missile.,A supersonic ramjet cruise missile.,An intercontinental ballistic missile.,C,,,,,,,,Forge_Objective_Content_Cleaned.csv,,,,,,,,,,,
OBJ-080,Defence Technology,,Medium,MCQ,What is the range of the Agni-I ballistic missile?,"5,000 to 8,000 kilometers.",150 to 250 kilometers.,"2,000 to 3,500 kilometers.",700 to 800 kilometers.,D,,,,,,,,Forge_Objective_Content_Cleaned.csv,,,,,,,,,,,
OBJ-081,Defence Technology,,Medium,MCQ,What is the range of the Agni-II ballistic missile?,"2,000 to 3,500 kilometers.",700 to 800 kilometers.,"3,500 to 5,000 kilometers.","5,000 to 8,000 kilometers.",A,,,,,,,,Forge_Objective_Content_Cleaned.csv,,,,,,,,,,,
OBJ-082,Defence Technology,,Medium,MCQ,What is the range of the Agni-III ballistic missile?,"2,000 to 3,500 kilometers.","3,500 to 5,000 kilometers.","5,000 to 8,000 kilometers.",700 to 800 kilometers.,B,,,,,,,,Forge_Objective_Content_Cleaned.csv,,,,,,,,,,,
OBJ-083,Defence Technology,,Medium,MCQ,What type of missile is Akash?,A submarine-launched ballistic missile.,An anti-tank guided missile developed by India.,A surface-to-air missile developed by India.,A supersonic cruise missile jointly developed with Russia.,C,,,,,,,,Forge_Objective_Content_Cleaned.csv,,,,,,,,,,,
OBJ-084,Defence Technology,,Medium,MCQ,What type of missile is Trishul?,An anti-tank guided missile.,A medium-range surface-to-air missile.,A submarine-launched cruise missile.,A short-range surface-to-air missile developed by India.,D,,,,,,,,Forge_Objective_Content_Cleaned.csv,,,,,,,,,,,
OBJ-085,Defence Technology,,Hard,MCQ,What is the Prithvi Air Defence (PAD)?,An anti-ballistic missile system for outside the atmosphere interception.,An endo-atmospheric interceptor missile system.,A short-range surface-to-air missile.,A submarine-launched ballistic missile.,A,,,,,,,,Forge_Objective_Content_Cleaned.csv,,,,,,,,,,,
OBJ-086,Defence Technology,,Hard,MCQ,What is the Advanced Air Defence (AAD)?,An exo-atmospheric interceptor missile for outside the atmosphere.,An anti-ballistic missile system for endo-atmospheric interception.,A short-range tactical ballistic missile.,A man-portable air-defence system.,B,,,,,,,,Forge_Objective_Content_Cleaned.csv,,,,,,,,,,,
OBJ-087,Defence Technology,,Easy,MCQ,What is the Tejas?,An unmanned combat aerial vehicle.,A twin-engine heavy multirole fighter jet.,An indigenously developed multi-role light combat aircraft.,A turboprop advanced jet trainer.,C,,,,,,,,Forge_Objective_Content_Cleaned.csv,,,,,,,,,,,
OBJ-088,Defence Technology,,Easy,MCQ,Which is the primary air superiority fighter of the Indian Air Force?,SEPECAT Jaguar.,HAL Tejas.,Dassault Mirage 2000.,Sukhoi Su-30MKI.,D,,,,,,,,Forge_Objective_Content_Cleaned.csv,,,,,,,,,,,
OBJ-089,Defence Technology,,Medium,MCQ,What is the Dassault Mirage 2000 known as in the IAF?,Vajra.,Garuda.,Bahadur.,Shamsher.,A,,,,,,,,Forge_Objective_Content_Cleaned.csv,,,,,,,,,,,
OBJ-090,Defence Technology,,Hard,MCQ,What is the SEPECAT Jaguar known as in the IAF?,Vajra.,Shamsher.,Garuda.,Bahadur.,B,,,,,,,,Forge_Objective_Content_Cleaned.csv,,,,,,,,,,,
OBJ-091,Defence Technology,,Medium,MCQ,What is the BAE Hawk Mk 132 used for?,It serves as India's primary air superiority fighter.,It serves as a heavy-lift transport aircraft.,It serves as an advanced jet trainer in the Indian Air Force.,It serves as an airborne early warning platform.,C,,,,,,,,Forge_Objective_Content_Cleaned.csv,,,,,,,,,,,
OBJ-092,Defence Technology,,Medium,MCQ,What is the Ilyushin Il-76?,An aerial refuelling tanker aircraft.,A dedicated maritime patrol aircraft.,A medium-range tactical transport aircraft.,A heavy military transport aircraft used by the Indian Air Force.,D,,,,,,,,Forge_Objective_Content_Cleaned.csv,,,,,,,,,,,
OBJ-093,Defence Technology,,Hard,MCQ,Name a heavy-lift helicopter operated by the Indian Air Force.,The Mil Mi-26.,The Mil Mi-17.,The HAL Dhruv.,The Mil Mi-35.,A,,,,,,,,Forge_Objective_Content_Cleaned.csv,,,,,,,,,,,
OBJ-094,Defence Technology,,Hard,MCQ,Name an attack helicopter operated by the Indian Air Force.,The Mil Mi-26.,The Mil Mi-35.,The HAL Chetak.,The Boeing Chinook.,B,,,,,,,,Forge_Objective_Content_Cleaned.csv,,,,,,,,,,,
OBJ-095,Defence Technology,,Hard,MCQ,Name two Unmanned Aerial Vehicles (UAVs) used by the IAF for reconnaissance.,IAI Harop and Harpy.,DRDO Rustom and Nishant.,IAI Searcher II and IAI Heron.,Predator and Global Hawk.,C,,,,,,,,Forge_Objective_Content_Cleaned.csv,,,,,,,,,,,
OBJ-096,Defence Technology,,Hard,MCQ,What is the IAI Harpy used for by the Indian Air Force?,It is a trainer UAV used to train operators.,It is a reconnaissance UAV used for battlefield surveillance.,It is a heavy-lift transport UAV.,It is an Unmanned Combat Aerial Vehicle designed to attack radar systems.,D,,,,,,,,Forge_Objective_Content_Cleaned.csv,,,,,,,,,,,
OBJ-097,Defence Technology,,Hard,MCQ,What is the DRDO Lakshya?,A pilotless target aircraft used as a towed aerial sub-target for live fire training.,An armed combat UAV used for precision strikes.,A long-endurance surveillance drone.,A heavy-lift cargo UAV.,A,,,,,,,,Forge_Objective_Content_Cleaned.csv,,,,,,,,,,,
OBJ-098,Defence Awareness,,Easy,MCQ,Name the aircraft carrier currently active in the Indian Navy.,INS Viraat and INS Vikrant.,INS Vikramaditya and INS Vikrant,INS Vikrant and INS Chakra.,INS Vikramaditya and INS Viraat.,B,,,,,,,,Forge_Objective_Content_Cleaned.csv,,,,,,,,,,,
OBJ-099,International Relations,,Medium,MCQ,From which country did India purchase the INS Vikramaditya?,United Kingdom.,France.,Russia.,United States.,C,,,,,,,,Forge_Objective_Content_Cleaned.csv,,,,,,,,,,,
OBJ-100,Defence Technology,,Hard,MCQ,What is INS Chakra?,A conventional submarine built with German collaboration.,An indigenously built ballistic missile submarine.,A diesel-electric submarine purchased from France.,A nuclear-powered attack submarine leased from Russia.,D,,,,,,,,Forge_Objective_Content_Cleaned.csv,,,,,,,,,,,
OBJ-101,Defence Technology,,Hard,MCQ,What is INS Arihant?,An indigenously built nuclear-powered ballistic missile submarine.,A nuclear-powered attack submarine leased from Russia.,A diesel-electric submarine built with French collaboration.,A conventional submarine of Soviet origin.,A,,,,,,,,Forge_Objective_Content_Cleaned.csv,,,,,,,,,,,
OBJ-102,Indian Armed Forces,,Medium,MCQ,What is MARCOS?,The Marine Commando Force of the Indian Navy.,"The Marine Commando Force, a special operations unit of the Indian Navy.",The Special Frontier Force under the Cabinet Secretariat.,The Parachute Regiment's special forces wing.,B,,,,,,,,Forge_Objective_Content_Cleaned.csv,,,,,,,,,,,
OBJ-103,Indian Armed Forces,,Medium,MCQ,What is the Garud Commando Force?,The special operations unit of the Indian Navy.,The special operations unit of the Indian Army.,The special operations unit of the Indian Air Force.,The special operations wing of the Border Security Force.,C,,,,,,,,Forge_Objective_Content_Cleaned.csv,,,,,,,,,,,
OBJ-104,Defence Technology,,Hard,MCQ,What is the Sagarika missile?,A supersonic anti-ship cruise missile.,A land-based intercontinental ballistic missile.,A short-range surface-to-air missile.,An oceanic submarine-launched ballistic missile (SLBM).,D,,,,,,,,Forge_Objective_Content_Cleaned.csv,,,,,,,,,,,
OBJ-105,Defence Technology,,Hard,MCQ,What is the Klub SS-N-27?,A foreign-made cruise missile system used by the Indian Navy.,A Russian-origin cruise missile system used by the Indian Navy.,An indigenously developed anti-ship missile.,A French-origin torpedo system.,A,,,,,,,,Forge_Objective_Content_Cleaned.csv,,,,,,,,,,,
OBJ-106,Defence Technology,,Hard,MCQ,What is the Nirbhay?,An indigenously developed subsonic cruise missile.,An indigenously developed sub-sonic cruise missile system of India.,A supersonic cruise missile jointly developed with Russia.,A submarine-launched ballistic missile.,B,,,,,,,,Forge_Objective_Content_Cleaned.csv,,,,,,,,,,,
OBJ-107,Defence Technology,,Hard,MCQ,What is Sangraha in the context of the Indian Navy?,A satellite communication network for the Indian Navy.,A joint electronic warfare programme of DRDO and the Indian Navy.,A joint electronic warfare programme of the DRDO and the Indian Navy.,A coastal radar surveillance chain.,C,,,,,,,,Forge_Objective_Content_Cleaned.csv,,,,,,,,,,,
OBJ-108,Defence Technology,,Hard,MCQ,What does NEWN stand for in the Indian Navy?,Network for Early Warning and Navigation.,National Emergency Warning Network.,Naval Electronic Warfare Node.,Navy Enterprise Wide Network.,D,,,,,,,,Forge_Objective_Content_Cleaned.csv,,,,,,,,,,,
OBJ-109,Indian Armed Forces,,Hard,MCQ,Where is the Naval Institute of Computer Applications located?,Mumbai.,Kochi.,Visakhapatnam.,Kolkata.,A,,,,,,,,Forge_Objective_Content_Cleaned.csv,,,,,,,,,,,
OBJ-110,International Relations,,Hard,MCQ,What is COMCASA?,A pact enabling secure communications compatibility between India and the US.,A communications compatibility pact between India and the US for secure military hardware.,A logistics-sharing agreement between India and the US.,A civil nuclear cooperation agreement between India and the US.,B,,,,,,,,Forge_Objective_Content_Cleaned.csv,,,,,,,,,,,
OBJ-111,International Relations,,Hard,MCQ,What is LEMOA?,The communications security pact between India and the US.,The Logistics Exchange Memorandum of Agreement between India and the US.,The Logistics Exchange Memorandum of Agreement signed between India and the US in 2016.,The foundational defence framework agreement between India and the US.,C,,,,,,,,Forge_Objective_Content_Cleaned.csv,,,,,,,,,,,
OBJ-112,International Relations,,Hard,MCQ,What is the 123 Agreement?,The Communications Compatibility and Security Agreement.,The US-India Civil Nuclear Agreement.,The Logistics Exchange Memorandum of Agreement.,The US-India Civil Nuclear Agreement signed to facilitate civilian nuclear trade.,D,,,,,,,,Forge_Objective_Content_Cleaned.csv,,,,,,,,,,,
OBJ-113,International Relations,,Medium,MCQ,What is the NSG?,"The Nuclear Suppliers Group, a multinational export-control cartel for nuclear technologies.",The Nuclear Suppliers Group.,The International Atomic Energy Agency.,The Missile Technology Control Regime.,A,,,,,,,,Forge_Objective_Content_Cleaned.csv,,,,,,,,,,,
OBJ-114,International Relations,,Medium,MCQ,What is the IAEA?,The International Atomic Energy Agency.,"The International Atomic Energy Agency, which assists member states with safe nuclear technologies.",The Nuclear Suppliers Group.,The Comprehensive Test Ban Treaty Organization.,B,,,,,,,,Forge_Objective_Content_Cleaned.csv,,,,,,,,,,,
OBJ-115,International Relations,,Easy,MCQ,What was the Rafale Deal?,An agreement to purchase Su-30MKI fighters from Russia.,An agreement to purchase 36 Dassault Rafale fighter aircraft from France.,An agreement between India and France for the purchase of 36 Dassault Rafale fighter aircraft.,An agreement to jointly develop a fighter jet with the US.,C,,,,,,,,Forge_Objective_Content_Cleaned.csv,,,,,,,,,,,
OBJ-116,General Awareness,,Easy,MCQ,Who is known as the Missile Man of India?,Dr. Raja Ramanna.,Dr. Vikram Sarabhai.,Dr. Homi Bhabha.,Dr. APJ Abdul Kalam.,D,,,,,,,,Forge_Objective_Content_Cleaned.csv,,,,,,,,,,,
OBJ-117,Indian Armed Forces,,Medium,MCQ,What is the Territorial Army?,A reserve force of volunteers who receive brief military training for emergency mobilization.,A reserve force of volunteers for emergency mobilisation.,The regular standing infantry reserve of the Indian Army.,A paramilitary force under the Ministry of Home Affairs.,A,,,,,,,,Forge_Objective_Content_Cleaned.csv,,,,,,,,,,,
OBJ-118,Defence Technology,,Easy,MCQ,What is DRDO?,Defence Research and Development Organisation.,"Defence Research and Development Organisation, responsible for developing military technology in India.",Directorate of Research and Defence Operations.,Defence Research and Deployment Organisation.,B,,,,,,,,Forge_Objective_Content_Cleaned.csv,,,,,,,,,,,
OBJ-119,General Awareness,,Easy,MCQ,What is the motto of the National Cadet Corps (NCC)?,"Nation First, Always First.",Service before self.,Unity and Discipline.,Shatrujeet.,C,,,,,,,,Forge_Objective_Content_Cleaned.csv,,,,,,,,,,,
OBJ-120,General Awareness,,Medium,MCQ,When is NCC Day celebrated?,26th January.,The fourth Sunday of November.,The first Sunday of December.,The fourth Sunday of November every year.,D,,,,,,,,Forge_Objective_Content_Cleaned.csv,,,,,,,,,,,
OBJ-121,General Awareness,,Easy,MCQ,What is Aadhaar?,A 12-digit unique identity number issued to Indian residents by UIDAI.,A 12-digit unique identity number issued by UIDAI.,A 10-digit tax identification number issued by the Income Tax Department.,A biometric ration card number issued by state governments.,A,,,,,,,,Forge_Objective_Content_Cleaned.csv,,,,,,,,,,,
OBJ-122,General Awareness,,Medium,MCQ,When was the Unique Identification Authority of India (UIDAI) established?,August 2015.,January 2009.,March 2011.,November 2006.,B,,,,,,,,Forge_Objective_Content_Cleaned.csv,,,,,,,,,,,
OBJ-123,General Awareness,,Medium,MCQ,What is the primary objective of Swachh Bharat Abhiyan?,To provide clean drinking water to rural households.,To clean India's infrastructure and eradicate open defecation.,To clean India's infrastructure and completely eradicate open defecation.,To promote renewable energy adoption nationwide.,C,,,,,,,,Forge_Objective_Content_Cleaned.csv,,,,,,,,,,,
OBJ-124,General Awareness,,Medium,MCQ,What is the NRC?,National Registry of Compliance.,National Register of Citizens.,National Resident Card.,"National Register of Citizens, maintained to identify illegal immigrants in India.",D,,,,,,,,Forge_Objective_Content_Cleaned.csv,,,,,,,,,,,
OBJ-125,General Awareness,,Medium,MCQ,What is the UDAN scheme?,A Regional Connectivity Scheme aimed at making air travel affordable for common citizens.,A Regional Connectivity Scheme for affordable air travel.,A scheme to modernise national highways.,A rural electrification scheme.,A,,,,,,,,Forge_Objective_Content_Cleaned.csv,,,,,,,,,,,
OBJ-126,General Awareness,,Easy,MCQ,What does the acronym UDAN stand for?,Udaan Bharat Abhiyan.,Ude Desh ka Aam Naagrik.,Unnat Disha Aam Naagrik.,Uday Desh Aam Nirman.,B,,,,,,,,Forge_Objective_Content_Cleaned.csv,,,,,,,,,,,
OBJ-127,General Awareness,,Medium,MCQ,What is Mission Indradhanush?,A nutrition scheme targeting maternal health.,A health initiative to boost routine immunisation coverage.,A health initiative to step up routine immunisation for vaccine-preventable diseases in children.,A sanitation drive to reduce waterborne diseases.,C,,,,,,,,Forge_Objective_Content_Cleaned.csv,,,,,,,,,,,
OBJ-128,General Awareness,,Medium,MCQ,What is the Goods and Services Tax Network (GSTN)?,A tribunal for resolving GST disputes.,A non-profit body that built the IT backbone for GST.,A regulatory authority overseeing GST rates.,A non-profit organisation formed to create the IT network for GST.,D,,,,,,,,Forge_Objective_Content_Cleaned.csv,,,,,,,,,,,
OBJ-129,General Awareness,,Hard,MCQ,Which company developed the software for the Goods and Services Tax Network (GSTN)?,Infosys Technologies.,Tata Consultancy Services.,Wipro Technologies.,HCL Technologies.,A,,,,,,,,Forge_Objective_Content_Cleaned.csv,,,,,,,,,,,
OBJ-130,General Awareness,,Medium,MCQ,What is the objective of the Pravasi Kaushal Vikas Yojana?,To provide skill training to Indian youth for overseas employment.,To provide skill training to Indian youth seeking overseas employment.,To provide pensions to retired overseas Indian workers.,To regulate recruitment agencies for foreign jobs.,B,,,,,,,,Forge_Objective_Content_Cleaned.csv,,,,,,,,,,,
OBJ-131,Indian Constitution,,Hard,MCQ,On what date did the Supreme Court of India declare the practice of instant triple talaq unconstitutional?,24 August 2017.,6 September 2018.,22 August 2017.,9 November 2019.,C,,,,,,,,Forge_Objective_Content_Cleaned.csv,,,,,,,,,,,
OBJ-132,General Awareness,,Hard,MCQ,What does BMMA stand for?,Bharatiya Mahila Adhikar Andolan.,Bharatiya Mahila Mukti Andolan.,Bharatiya Muslim Manavata Andolan.,Bharatiya Muslim Mahila Andolan.,D,,,,,,,,Forge_Objective_Content_Cleaned.csv,,,,,,,,,,,
OBJ-133,International Relations,,Medium,MCQ,Which emerging economies largely lead the G20 block?,"India, China, and Brazil.","India, Japan, and Brazil.","China, Russia, and South Africa.","India, Russia, and Japan.",A,,,,,,,,Forge_Objective_Content_Cleaned.csv,,,,,,,,,,,
OBJ-134,International Relations,,Hard,MCQ,Name four member countries of the Shanghai Cooperation Organisation (SCO).,"China, Pakistan, Russia, and Iran.","China, Russia, Kazakhstan, and Uzbekistan.","Russia, Kazakhstan, Turkey, and Iran.","India, China, Russia, and Pakistan.",B,,,,,,,,Forge_Objective_Content_Cleaned.csv,,,,,,,,,,,
OBJ-135,International Relations,,Hard,MCQ,What does ITER stand for?,Indian Thermal Energy Research Reactor.,International Treaty on Emission Reduction.,International Thermonuclear Experimental Reactor.,International Test and Evaluation Range.,C,,,,,,,,Forge_Objective_Content_Cleaned.csv,,,,,,,,,,,
OBJ-136,Defence Technology,,Medium,MCQ,What is the difference between a gun and a rifle?,"A gun always has a smoothbore barrel, unlike a rifle.",A gun and a rifle are identical terms for the same weapon.,A rifle is any firearm larger than a pistol.,A gun is a general term for projectile weapons; a rifle has spiral grooves inside its barrel.,D,,,,,,,,Forge_Objective_Content_Cleaned.csv,,,,,,,,,,,
OBJ-137,Defence Technology,,Hard,MCQ,Which country originally developed the Kriss Vector submachine gun?,Switzerland.,United States.,Israel.,Germany.,A,,,,,,,,Forge_Objective_Content_Cleaned.csv,,,,,,,,,,,
OBJ-138,Defence Technology,,Easy,MCQ,How many engines does the Dassault Rafale fighter have?,One engine.,Two engines.,Three engines.,Four engines.,B,,,,,,,,Forge_Objective_Content_Cleaned.csv,,,,,,,,,,,
OBJ-139,General Awareness,,Medium,MCQ,What is the principle of buoyancy?,The downward force exerted by gravity on a floating object.,The upward force exerted by a fluid opposing the weight of an immersed object.,The upward force exerted by a fluid that opposes the weight of an immersed object.,The frictional force resisting motion through a fluid.,C,,,,,,,,Forge_Objective_Content_Cleaned.csv,,,,,,,,,,,
OBJ-140,Defence Technology,,Medium,MCQ,What is a frigate?,A slow supply vessel used for logistics support.,A fast warship for protecting other vessels from submarines and aircraft.,A heavily armoured warship built for coastal bombardment.,"A fast, maneuverable naval warship used to protect other vessels from submarines and aircraft.",D,,,,,,,,Forge_Objective_Content_Cleaned.csv,,,,,,,,,,,
OBJ-141,Defence Technology,,Medium,MCQ,What is a corvette?,"A small, highly maneuverable, and lightly armed warship, typically smaller than a frigate.","A small, lightly armed warship smaller than a frigate.",A large capital warship bigger than a destroyer.,An unarmed naval support vessel.,A,,,,,,,,Forge_Objective_Content_Cleaned.csv,,,,,,,,,,,
OBJ-142,Indian Constitution,,Easy,MCQ,What does the Right to Education Act ensure?,It makes education a fundamental right for children.,It makes education a fundamental right for children in India.,It mandates free higher education for all citizens.,It establishes a national curriculum board.,B,,,,,,,,Forge_Objective_Content_Cleaned.csv,,,,,,,,,,,
OBJ-143,Military Awareness,,Medium,MCQ,What was the primary cause of the 1999 Kargil conflict?,A border skirmish over river-water sharing.,Infiltration by Pakistani soldiers and militants across the LoC.,Infiltration by Pakistani soldiers and militants into the Indian side of the Line of Control.,A coup attempt by Pakistani military commanders.,C,,,,,,,,Forge_Objective_Content_Cleaned.csv,,,,,,,,,,,
SD001,Self Opinion,Self Description,Medium,Self Description,What do you think of yourself?,,,,,,,,,,,,,Forge_Master_Content.csv,,,,,,,,,,,
SD002,Parents Opinion,Self Description,Medium,Self Description,What do your parents think of you?,,,,,,,,,,,,,Forge_Master_Content.csv,,,,,,,,,,,
SD003,Friends Opinion,Self Description,Medium,Self Description,What do your friends think of you?,,,,,,,,,,,,,Forge_Master_Content.csv,,,,,,,,,,,
SD004,Teachers Opinion,Self Description,Medium,Self Description,What do your teachers or employer think of you?,,,,,,,,,,,,,Forge_Master_Content.csv,,,,,,,,,,,
SD005,Life Goals,Self Description,Medium,Self Description,What kind of person do you want to become in life?,,,,,,,,,,,,,Forge_Master_Content.csv,,,,,,,,,,,
SD006,Life Goals,Self Description,Medium,Self Description,What qualities would you like to improve in yourself?,,,,,,,,,,,,,Forge_Master_Content.csv,,,,,,,,,,,
SD007,Friends Opinion,Self Description,Medium,Self Description,What is one quality your best friends would like you to change?,,,,,,,,,,,,,Forge_Master_Content.csv,,,,,,,,,,,
SD008,Parents Opinion,Self Description,Medium,Self Description,What two things does your mother advise you to improve?,,,,,,,,,,,,,Forge_Master_Content.csv,,,,,,,,,,,
SD009,Friends Opinion,Self Description,Medium,Self Description,What suggestions do your close friends give you for self-improvement?,,,,,,,,,,,,,Forge_Master_Content.csv,,,,,,,,,,,
SD010,Parents Opinion,Self Description,Medium,Self Description,"If your family could change one quality in you, what would it be?",,,,,,,,,,,,,Forge_Master_Content.csv,,,,,,,,,,,
LECT0001,Oil,Lecturette,High,Lecturette,Global Oil Crisis,,,,,,,,,,,,,Forge_Master_Content.csv,,,,,,,,,,,
LECT0002,Power,Lecturette,High,Lecturette,Nuclear Energy / Nuclear power,,,,,,,,,,,,,Forge_Master_Content.csv,,,,,,,,,,,
LECT0003,Pakistan,Lecturette,High,Lecturette,Indo-Pak Peace Process,,,,,,,,,,,,,Forge_Master_Content.csv,,,,,,,,,,,
LECT0004,USA,Lecturette,High,Lecturette,Indo-US Relations / India's relationship :future,,,,,,,,,,,,,Forge_Master_Content.csv,,,,,,,,,,,
LECT0005,WMD,Lecturette,High,Lecturette,Weapons of Mass Destruction,,,,,,,,,,,,,Forge_Master_Content.csv,,,,,,,,,,,
LECT0006,Economy,Lecturette,High,Lecturette,Indian Economy,,,,,,,,,,,,,Forge_Master_Content.csv,,,,,,,,,,,
LECT0007,Nuclear,Lecturette,High,Lecturette,Indo-US Nuclear Deal,,,,,,,,,,,,,Forge_Master_Content.csv,,,,,,,,,,,
LECT0008,Pakistan,Lecturette,High,Lecturette,Indo-Pak Relations,,,,,,,,,,,,,Forge_Master_Content.csv,,,,,,,,,,,
LECT0009,War,Lecturette,High,Lecturette,Wars with Pakistan,,,,,,,,,,,,,Forge_Master_Content.csv,,,,,,,,,,,
LECT0010,Energy,Lecturette,High,Lecturette,Energy Crisis,,,,,,,,,,,,,Forge_Master_Content.csv,,,,,,,,,,,
LECT0011,Budget,Lecturette,High,Lecturette,Defence Budget,,,,,,,,,,,,,Forge_Master_Content.csv,,,,,,,,,,,
LECT0012,Development,Lecturette,High,Lecturette,India as a Superpower,,,,,,,,,,,,,Forge_Master_Content.csv,,,,,,,,,,,
LECT0013,USA,Lecturette,High,Lecturette,COMCASA,,,,,,,,,,,,,Forge_Master_Content.csv,,,,,,,,,,,
LECT0014,China,Lecturette,High,Lecturette,String of Pearls,,,,,,,,,,,,,Forge_Master_Content.csv,,,,,,,,,,,
LECT0015,IOR,Lecturette,High,Lecturette,Indian Ocean Region,,,,,,,,,,,,,Forge_Master_Content.csv,,,,,,,,,,,
LECT0016,UNSC,Lecturette,High,Lecturette,UN Security Council,,,,,,,,,,,,,Forge_Master_Content.csv,,,,,,,,,,,
LECT0017,Cybersecurity,Lecturette,High,Lecturette,Ethical Hacking,,,,,,,,,,,,,Forge_Master_Content.csv,,,,,,,,,,,
LECT0018,Law,Lecturette,High,Lecturette,Food Security Bill,,,,,,,,,,,,,Forge_Master_Content.csv,,,,,,,,,,,
LECT0019,China,Lecturette,High,Lecturette,Indo-China Relations,,,,,,,,,,,,,Forge_Master_Content.csv,,,,,,,,,,,
LECT0020,Cleanliness,Lecturette,High,Lecturette,Swachh Bharat Abhiyan,,,,,,,,,,,,,Forge_Master_Content.csv,,,,,,,,,,,
LECT0021,Digital,Lecturette,High,Lecturette,Digital India Mission,,,,,,,,,,,,,Forge_Master_Content.csv,,,,,,,,,,,
LECT0022,Economy,Lecturette,High,Lecturette,Demonetisation,,,,,,,,,,,,,Forge_Master_Content.csv,,,,,,,,,,,
LECT0023,Urbanization,Lecturette,High,Lecturette,Smart City Project,,,,,,,,,,,,,Forge_Master_Content.csv,,,,,,,,,,,
LECT0024,Transport,Lecturette,High,Lecturette,Bullet Train,,,,,,,,,,,,,Forge_Master_Content.csv,,,,,,,,,,,
LECT0025,Citizenship,Lecturette,High,Lecturette,NRC,,,,,,,,,,,,,Forge_Master_Content.csv,,,,,,,,,,,
LECT0026,Borders,Lecturette,High,Lecturette,India's neighbors,,,,,,,,,,,,,Forge_Master_Content.csv,,,,,,,,,,,
LECT0027,Security,Lecturette,High,Lecturette,Terrorism a global threat / Terrorism,,,,,,,,,,,,,Forge_Master_Content.csv,,,,,,,,,,,
LECT0028,Law,Lecturette,High,Lecturette,Judicial reforms,,,,,,,,,,,,,Forge_Master_Content.csv,,,,,,,,,,,
LECT0029,Law,Lecturette,High,Lecturette,Police reforms,,,,,,,,,,,,,Forge_Master_Content.csv,,,,,,,,,,,
LECT0030,Economy,Lecturette,High,Lecturette,Globalization,,,,,,,,,,,,,Forge_Master_Content.csv,,,,,,,,,,,
LECT0031,Borders,Lecturette,High,Lecturette,Kashmir problem,,,,,,,,,,,,,Forge_Master_Content.csv,,,,,,,,,,,
LECT0032,Nuclear,Lecturette,High,Lecturette,CTBT and India,,,,,,,,,,,,,Forge_Master_Content.csv,,,,,,,,,,,
LECT0033,Law,Lecturette,High,Lecturette,Uniform civil code,,,,,,,,,,,,,Forge_Master_Content.csv,,,,,,,,,,,
LECT0034,Science,Lecturette,High,Lecturette,Cloning,,,,,,,,,,,,,Forge_Master_Content.csv,,,,,,,,,,,
LECT0035,Water,Lecturette,High,Lecturette,River water disputes,,,,,,,,,,,,,Forge_Master_Content.csv,,,,,,,,,,,
LECT0036,Economy,Lecturette,High,Lecturette,Inflation,,,,,,,,,,,,,Forge_Master_Content.csv,,,,,,,,,,,
LECT0037,Economy,Lecturette,High,Lecturette,FDI,,,,,,,,,,,,,Forge_Master_Content.csv,,,,,,,,,,,
LECT0038,Politics,Lecturette,High,Lecturette,Do we need more states?,,,,,,,,,,,,,Forge_Master_Content.csv,,,,,,,,,,,
LECT0039,Military,Lecturette,High,Lecturette,AFSPA,,,,,,,,,,,,,Forge_Master_Content.csv,,,,,,,,,,,
LECT0040,Kashmir,Lecturette,High,Lecturette,Article 370,,,,,,,,,,,,,Forge_Master_Content.csv,,,,,,,,,,,
LECT0041,Security,Lecturette,High,Lecturette,Naxalism problem,,,,,,,,,,,,,Forge_Master_Content.csv,,,,,,,,,,,
LECT0042,South Asia,Lecturette,High,Lecturette,SAARC,,,,,,,,,,,,,Forge_Master_Content.csv,,,,,,,,,,,
LECT0043,Religion,Lecturette,Medium,Lecturette,Indian Religion,,,,,,,,,,,,,Forge_Master_Content.csv,,,,,,,,,,,
LECT0044,Culture,Lecturette,Medium,Lecturette,Indian Culture,,,,,,,,,,,,,Forge_Master_Content.csv,,,,,,,,,,,
LECT0045,Women,Lecturette,Medium,Lecturette,Women in Society / Status of women in India,,,,,,,,,,,,,Forge_Master_Content.csv,,,,,,,,,,,
LECT0046,Village,Lecturette,Medium,Lecturette,Rural Society,,,,,,,,,,,,,Forge_Master_Content.csv,,,,,,,,,,,
LECT0047,Health,Lecturette,Medium,Lecturette,Smoking by Women,,,,,,,,,,,,,Forge_Master_Content.csv,,,,,,,,,,,
LECT0048,Peace,Lecturette,Medium,Lecturette,Communal Harmony,,,,,,,,,,,,,Forge_Master_Content.csv,,,,,,,,,,,
LECT0049,Politics,Lecturette,Medium,Lecturette,Democracy,,,,,,,,,,,,,Forge_Master_Content.csv,,,,,,,,,,,
LECT0050,Media,Lecturette,Medium,Lecturette,Importance of TV / Role of media,,,,,,,,,,,,,Forge_Master_Content.csv,,,,,,,,,,,
LECT0051,Farming,Lecturette,Medium,Lecturette,Agriculture in India,,,,,,,,,,,,,Forge_Master_Content.csv,,,,,,,,,,,
LECT0052,Population,Lecturette,Medium,Lecturette,Family Planning / Population explosion,,,,,,,,,,,,,Forge_Master_Content.csv,,,,,,,,,,,
LECT0053,Environment,Lecturette,Medium,Lecturette,Global Warming,,,,,,,,,,,,,Forge_Master_Content.csv,,,,,,,,,,,
LECT0054,Education,Lecturette,Medium,Lecturette,Sex Education,,,,,,,,,,,,,Forge_Master_Content.csv,,,,,,,,,,,
LECT0055,Internet,Lecturette,Medium,Lecturette,Social Networking Sites,,,,,,,,,,,,,Forge_Master_Content.csv,,,,,,,,,,,
LECT0056,Fashion,Lecturette,Medium,Lecturette,Indian Fashion Industry,,,,,,,,,,,,,Forge_Master_Content.csv,,,,,,,,,,,
LECT0057,Finance,Lecturette,Medium,Lecturette,E-banking,,,,,,,,,,,,,Forge_Master_Content.csv,,,,,,,,,,,
LECT0058,Education,Lecturette,Medium,Lecturette,Brain Drain,,,,,,,,,,,,,Forge_Master_Content.csv,,,,,,,,,,,
LECT0059,Wildlife,Lecturette,Medium,Lecturette,Declining Tiger Population in India,,,,,,,,,,,,,Forge_Master_Content.csv,,,,,,,,,,,
LECT0060,Women,Lecturette,Medium,Lecturette,Women in Corporate India,,,,,,,,,,,,,Forge_Master_Content.csv,,,,,,,,,,,
LECT0061,Women,Lecturette,Medium,Lecturette,Women in Armed Forces,,,,,,,,,,,,,Forge_Master_Content.csv,,,,,,,,,,,
LECT0062,Society,Lecturette,Medium,Lecturette,Social Issues of India,,,,,,,,,,,,,Forge_Master_Content.csv,,,,,,,,,,,
LECT0063,Crime,Lecturette,Medium,Lecturette,Crime Against Women,,,,,,,,,,,,,Forge_Master_Content.csv,,,,,,,,,,,
LECT0064,Economy,Lecturette,Medium,Lecturette,Unemployment / Unemployment in India,,,,,,,,,,,,,Forge_Master_Content.csv,,,,,,,,,,,
LECT0065,Health,Lecturette,Medium,Lecturette,Primary Healthcare in India,,,,,,,,,,,,,Forge_Master_Content.csv,,,,,,,,,,,
LECT0066,Movies,Lecturette,Medium,Lecturette,Cinema Today,,,,,,,,,,,,,Forge_Master_Content.csv,,,,,,,,,,,
LECT0067,Bollywood,Lecturette,Medium,Lecturette,Indian Film Industry,,,,,,,,,,,,,Forge_Master_Content.csv,,,,,,,,,,,
LECT0068,TV,Lecturette,Medium,Lecturette,Reality Shows,,,,,,,,,,,,,Forge_Master_Content.csv,,,,,,,,,,,
LECT0069,Education,Lecturette,Medium,Lecturette,Privatisation of Education,,,,,,,,,,,,,Forge_Master_Content.csv,,,,,,,,,,,
LECT0070,Education,Lecturette,Medium,Lecturette,Literacy Rate in India,,,,,,,,,,,,,Forge_Master_Content.csv,,,,,,,,,,,
LECT0071,Health,Lecturette,Medium,Lecturette,Child Mortality,,,,,,,,,,,,,Forge_Master_Content.csv,,,,,,,,,,,
LECT0072,Women,Lecturette,Medium,Lecturette,Declining Sex Ratio,,,,,,,,,,,,,Forge_Master_Content.csv,,,,,,,,,,,
LECT0073,Health,Lecturette,Medium,Lecturette,Drug Abuse,,,,,,,,,,,,,Forge_Master_Content.csv,,,,,,,,,,,
LECT0074,Politics,Lecturette,Medium,Lecturette,Religion in Politics,,,,,,,,,,,,,Forge_Master_Content.csv,,,,,,,,,,,
LECT0075,Crime,Lecturette,Medium,Lecturette,Criminalisation of Politics,,,,,,,,,,,,,Forge_Master_Content.csv,,,,,,,,,,,
LECT0076,Women,Lecturette,Medium,Lecturette,Women Empowerment,,,,,,,,,,,,,Forge_Master_Content.csv,,,,,,,,,,,
LECT0077,Journalism,Lecturette,Medium,Lecturette,Indian Media,,,,,,,,,,,,,Forge_Master_Content.csv,,,,,,,,,,,
LECT0078,ISRO,Lecturette,Medium,Lecturette,Indian Space Programme / Space research in India,,,,,,,,,,,,,Forge_Master_Content.csv,,,,,,,,,,,
LECT0079,Defense,Lecturette,Medium,Lecturette,Indian Missile Programme / Missile development in India,,,,,,,,,,,,,Forge_Master_Content.csv,,,,,,,,,,,
LECT0080,Corruption,Lecturette,Medium,Lecturette,Corruption in modern India,,,,,,,,,,,,,Forge_Master_Content.csv,,,,,,,,,,,
LECT0081,Environment,Lecturette,Medium,Lecturette,Pollution,,,,,,,,,,,,,Forge_Master_Content.csv,,,,,,,,,,,
LECT0082,Water,Lecturette,Medium,Lecturette,Water shortage,,,,,,,,,,,,,Forge_Master_Content.csv,,,,,,,,,,,
LECT0083,Energy,Lecturette,Medium,Lecturette,Non-conventional energy,,,,,,,,,,,,,Forge_Master_Content.csv,,,,,,,,,,,
LECT0084,Safety,Lecturette,Medium,Lecturette,Disaster management,,,,,,,,,,,,,Forge_Master_Content.csv,,,,,,,,,,,
LECT0085,Women,Lecturette,Medium,Lecturette,Female infanticide,,,,,,,,,,,,,Forge_Master_Content.csv,,,,,,,,,,,
LECT0086,Education,Lecturette,Medium,Lecturette,Educating a girl child,,,,,,,,,,,,,Forge_Master_Content.csv,,,,,,,,,,,
LECT0087,Health,Lecturette,Medium,Lecturette,AIDS,,,,,,,,,,,,,Forge_Master_Content.csv,,,,,,,,,,,
LECT0088,Children,Lecturette,Medium,Lecturette,Child labor,,,,,,,,,,,,,Forge_Master_Content.csv,,,,,,,,,,,
LECT0089,Economy,Lecturette,Medium,Lecturette,Poverty,,,,,,,,,,,,,Forge_Master_Content.csv,,,,,,,,,,,
LECT0090,Politics,Lecturette,Medium,Lecturette,Reservation / Reservation for women,,,,,,,,,,,,,Forge_Master_Content.csv,,,,,,,,,,,
LECT0091,Education,Lecturette,Medium,Lecturette,Ragging,,,,,,,,,,,,,Forge_Master_Content.csv,,,,,,,,,,,
LECT0092,Family,Lecturette,Medium,Lecturette,Single parenting in India,,,,,,,,,,,,,Forge_Master_Content.csv,,,,,,,,,,,
LECT0093,Health,Lecturette,Medium,Lecturette,Medical tourism,,,,,,,,,,,,,Forge_Master_Content.csv,,,,,,,,,,,
LECT0094,Economy,Lecturette,Medium,Lecturette,Tourism in India,,,,,,,,,,,,,Forge_Master_Content.csv,,,,,,,,,,,
LECT0095,Media,Lecturette,Medium,Lecturette,Freedom of press,,,,,,,,,,,,,Forge_Master_Content.csv,,,,,,,,,,,
LECT0096,Politics,Lecturette,Medium,Lecturette,Role of opposition in democracy,,,,,,,,,,,,,Forge_Master_Content.csv,,,,,,,,,,,
LECT0097,Law,Lecturette,Medium,Lecturette,Human rights,,,,,,,,,,,,,Forge_Master_Content.csv,,,,,,,,,,,
LECT0098,LGBTQ,Lecturette,Medium,Lecturette,Gay rights,,,,,,,,,,,,,Forge_Master_Content.csv,,,,,,,,,,,
LECT0099,Politics,Lecturette,Medium,Lecturette,Banana government,,,,,,,,,,,,,Forge_Master_Content.csv,,,,,,,,,,,
LECT0100,Defense,Lecturette,Medium,Lecturette,Compulsory military training,,,,,,,,,,,,,Forge_Master_Content.csv,,,,,,,,,,,
LECT0101,Sports,Lecturette,Medium,Lecturette,Use of drugs in sports,,,,,,,,,,,,,Forge_Master_Content.csv,,,,,,,,,,,
LECT0102,Law,Lecturette,Medium,Lecturette,RTI,,,,,,,,,,,,,Forge_Master_Content.csv,,,,,,,,,,,
LECT0103,Education,Lecturette,Medium,Lecturette,RTE,,,,,,,,,,,,,Forge_Master_Content.csv,,,,,,,,,,,
LECT0104,Education,Lecturette,Low,Lecturette,My School,,,,,,,,,,,,,Forge_Master_Content.csv,,,,,,,,,,,
LECT0105,Relationships,Lecturette,Low,Lecturette,Friends,,,,,,,,,,,,,Forge_Master_Content.csv,,,,,,,,,,,
LECT0106,Family,Lecturette,Low,Lecturette,Best Child,,,,,,,,,,,,,Forge_Master_Content.csv,,,,,,,,,,,
LECT0107,Memories,Lecturette,Low,Lecturette,Childhood Days,,,,,,,,,,,,,Forge_Master_Content.csv,,,,,,,,,,,
LECT0108,Internet,Lecturette,Low,Lecturette,E-mail,,,,,,,,,,,,,Forge_Master_Content.csv,,,,,,,,,,,
LECT0109,Entertainment,Lecturette,Low,Lecturette,Cinema,,,,,,,,,,,,,Forge_Master_Content.csv,,,,,,,,,,,
LECT0110,Tech,Lecturette,Low,Lecturette,Mobile Phone,,,,,,,,,,,,,Forge_Master_Content.csv,,,,,,,,,,,
LECT0111,Gaming,Lecturette,Low,Lecturette,Computer Games,,,,,,,,,,,,,Forge_Master_Content.csv,,,,,,,,,,,
LECT0112,Sports,Lecturette,Low,Lecturette,Cricket in India,,,,,,,,,,,,,Forge_Master_Content.csv,,,,,,,,,,,
LECT0113,Health,Lecturette,Low,Lecturette,Yoga,,,,,,,,,,,,,Forge_Master_Content.csv,,,,,,,,,,,
LECT0114,Role Model,Lecturette,Low,Lecturette,My Idol / My role model,,,,,,,,,,,,,Forge_Master_Content.csv,,,,,,,,,,,
LECT0115,Inspiration,Lecturette,Low,Lecturette,Personality I Like the Most,,,,,,,,,,,,,Forge_Master_Content.csv,,,,,,,,,,,
LECT0116,Family,Lecturette,Low,Lecturette,Role of Parents,,,,,,,,,,,,,Forge_Master_Content.csv,,,,,,,,,,,
LECT0117,Family,Lecturette,Low,Lecturette,Joint Family System,,,,,,,,,,,,,Forge_Master_Content.csv,,,,,,,,,,,
LECT0118,Proverb,Lecturette,Low,Lecturette,A friend in need is a friend indeed,,,,,,,,,,,,,Forge_Master_Content.csv,,,,,,,,,,,
LECT0119,Family,Lecturette,Low,Lecturette,My Father,,,,,,,,,,,,,Forge_Master_Content.csv,,,,,,,,,,,
LECT0120,Personal,Lecturette,Low,Lecturette,My hobby,,,,,,,,,,,,,Forge_Master_Content.csv,,,,,,,,,,,
LECT0121,Sports,Lecturette,Low,Lecturette,Value of sports and games,,,,,,,,,,,,,Forge_Master_Content.csv,,,,,,,,,,,
LECT0122,Society,Lecturette,Low,Lecturette,Generation gap,,,,,,,,,,,,,Forge_Master_Content.csv,,,,,,,,,,,
GD0001,Social Issues,Group Discussion,Medium,Group Discussion,In past few decades it is seen that people from Indian villages are migrating to cities very fast. According to you what is the reason behind this exodus?,,,,,,,,,,,,,Forge_Master_Content.csv,,,,,,,,,,,
GD0002,Social Issues,Group Discussion,Medium,Group Discussion,The corruption in public life is increased in India in past few years; this problem is growing day by day. According to you what is driving factor for the corruption in our day today life need or greed?,,,,,,,,,,,,,Forge_Master_Content.csv,,,,,,,,,,,
GD0003,Economy,Group Discussion,Medium,Group Discussion,"India has several states and some of them have progressed very fast, but at the same time some states have shown slow pace in development. According to you what is the basic reason for this disparity?",,,,,,,,,,,,,Forge_Master_Content.csv,,,,,,,,,,,
GD0004,Social Issues,Group Discussion,Low,Group Discussion,Sudden increase in divorce cases. What is the basic reason behind this?,,,,,,,,,,,,,Forge_Master_Content.csv,,,,,,,,,,,
GD0005,Economy,Group Discussion,Medium,Group Discussion,Causes of this growth in unemployment?,,,,,,,,,,,,,Forge_Master_Content.csv,,,,,,,,,,,
OIR0001,Analogy,OIR,Low,OIR,"Drama is related to scene, in the same way as book is related to...",,,,,,,,,,,,,Forge_Master_Content.csv,,,,,,,,,,,
OIR0002,Analogy,OIR,Low,OIR,Waves is related to air in the same way as ripples is related to...,,,,,,,,,,,,,Forge_Master_Content.csv,,,,,,,,,,,
OIR0003,Analogy,OIR,Medium,OIR,"Shirt is related to button, in the same way as shoes is related to...",,,,,,,,,,,,,Forge_Master_Content.csv,,,,,,,,,,,
OIR0004,Analogy,OIR,Low,OIR,Cloth : Mill :: Newspaper:?,,,,,,,,,,,,,Forge_Master_Content.csv,,,,,,,,,,,
OIR0005,Analogy,OIR,High,OIR,GREAT : 25 :: Number : ?,,,,,,,,,,,,,Forge_Master_Content.csv,,,,,,,,,,,
OIR0006,Analogy,OIR,Low,OIR,Country : President :: State : ?,,,,,,,,,,,,,Forge_Master_Content.csv,,,,,,,,,,,
OIR0007,Analogy,OIR,Medium,OIR,Flow : River :: Stagnant : ?,,,,,,,,,,,,,Forge_Master_Content.csv,,,,,,,,,,,
OIR0008,Analogy,OIR,Medium,OIR,PASS : QBTT :: FAIL : ?,,,,,,,,,,,,,Forge_Master_Content.csv,,,,,,,,,,,
OIR0009,Analogy,OIR,Medium,OIR,Dog is to canine as wolf is to ___________,,,,,,,,,,,,,Forge_Master_Content.csv,,,,,,,,,,,
OIR0010,Analogy,OIR,Low,OIR,Sadness is to happiness as defeat is to ___________,,,,,,,,,,,,,Forge_Master_Content.csv,,,,,,,,,,,
OIR0011,Analogy,OIR,Low,OIR,"Paper is made from timber, as ___________ is made from hide",,,,,,,,,,,,,Forge_Master_Content.csv,,,,,,,,,,,
OIR0012,Analogy,OIR,Low,OIR,A Thermometer is related to Temperature as a Speedometer is to ___________,,,,,,,,,,,,,Forge_Master_Content.csv,,,,,,,,,,,
OIR0013,Analogy,OIR,Low,OIR,Bird is to fly as man is to ________,,,,,,,,,,,,,Forge_Master_Content.csv,,,,,,,,,,,
OIR0014,Analogy,OIR,Low,OIR,Milk is to White as Sky is to ___________,,,,,,,,,,,,,Forge_Master_Content.csv,,,,,,,,,,,
OIR0015,Analogy,OIR,Low,OIR,Wife is to Husband as Mare is to ___________,,,,,,,,,,,,,Forge_Master_Content.csv,,,,,,,,,,,
OIR0016,Analogy,OIR,Low,OIR,"Rich is to Wealthy, as Mars is to ___________",,,,,,,,,,,,,Forge_Master_Content.csv,,,,,,,,,,,
OIR0017,Series,OIR,Medium,OIR,"48, 24, 72, 36, 108, ?",,,,,,,,,,,,,Forge_Master_Content.csv,,,,,,,,,,,
OIR0019,Series,OIR,High,OIR,"P256, N196, L144, J100, ?",,,,,,,,,,,,,Forge_Master_Content.csv,,,,,,,,,,,
OIR0020,Series,OIR,High,OIR,"Find out the wrong number in the given series: 258, 130, 66, 34, 18, 8, 6",,,,,,,,,,,,,Forge_Master_Content.csv,,,,,,,,,,,
OIR0021,Series,OIR,Medium,OIR,"6, 11, 21, 36, 56, ?",,,,,,,,,,,,,Forge_Master_Content.csv,,,,,,,,,,,
OIR0022,Series,OIR,Low,OIR,"1, ?, 27, 64, 125",,,,,,,,,,,,,Forge_Master_Content.csv,,,,,,,,,,,
OIR0023,Series,OIR,Medium,OIR,"10, 22, 8, 24, 6, ?",,,,,,,,,,,,,Forge_Master_Content.csv,,,,,,,,,,,
OIR0024,Series,OIR,Low,OIR,"Find the missing, 3,7,11,15,_,_",,,,,,,,,,,,,Forge_Master_Content.csv,,,,,,,,,,,
OIR0025,Series,OIR,Medium,OIR,Supply the missing numbers: 2 6 12 20 30 ? 56,,,,,,,,,,,,,Forge_Master_Content.csv,,,,,,,,,,,
OIR0026,Coding-Decoding,OIR,Medium,OIR,In a certain code BASIC is written as DDULE. How is LEADER written in that code?,,,,,,,,,,,,,Forge_Master_Content.csv,,,,,,,,,,,
OIR0027,Coding-Decoding,OIR,High,OIR,In a certain code PEN is written as NZO and BARK as CTSL. How can we write PRANK in that coding system?,,,,,,,,,,,,,Forge_Master_Content.csv,,,,,,,,,,,
OIR0028,Coding-Decoding,OIR,Medium,OIR,"If ROYAL is coded as 20-17-01-03-14, how will you code BOIL?",,,,,,,,,,,,,Forge_Master_Content.csv,,,,,,,,,,,
OIR0029,Coding-Decoding,OIR,Medium,OIR,"If in a certain code, BAT = 23 and BALL = 27, then how will you code CAT?",,,,,,,,,,,,,Forge_Master_Content.csv,,,,,,,,,,,
OIR0030,Coding-Decoding,OIR,Low,OIR,"If 'Room' is called as 'Book', 'Book' is called as 'Bag', 'Bag' is called as 'Mat'. Then, what is useful to carry books?",,,,,,,,,,,,,Forge_Master_Content.csv,,,,,,,,,,,
OIR0031,Coding-Decoding,OIR,Medium,OIR,"In a certain code '467' means 'red colour chalk'; '685' means 'green colour flower' and '367' means 'white colour chalk', then what is the code for 'white'?",,,,,,,,,,,,,Forge_Master_Content.csv,,,,,,,,,,,
OIR0032,Coding-Decoding,OIR,Medium,OIR,"If in a code language, PAINT is written as 74128 and EXCEL is written as 93596, then how will ACCEPT be written in that language?",,,,,,,,,,,,,Forge_Master_Content.csv,,,,,,,,,,,
OIR0033,Coding-Decoding,OIR,High,OIR,"If HKTG means Fire, what does YCVGT mean?",,,,,,,,,,,,,Forge_Master_Content.csv,,,,,,,,,,,
OIR0034,Coding-Decoding,OIR,Low,OIR,"If 'ZYXW' is coded as 'ABCD', then 'STUV' will be coded as",,,,,,,,,,,,,Forge_Master_Content.csv,,,,,,,,,,,
OIR0035,Coding-Decoding,OIR,Low,OIR,"In a language A is coded as 1, B is coded as 2, then FACE is coded as",,,,,,,,,,,,,Forge_Master_Content.csv,,,,,,,,,,,
OIR0036,Coding-Decoding,OIR,High,OIR,"If 'Hyderabad' is coded as 'Ixedszcze', then 'Chennai' is coded as",,,,,,,,,,,,,Forge_Master_Content.csv,,,,,,,,,,,
OIR0037,Blood Relations,OIR,Medium,OIR,"A is the brother of B. B is the brother of C. D is the father of A. Based on these three statements, which of the following statements cannot be definitely true? (a) B is the brother of A (b) B is the son of D (c) A is the brother of C (d) C is the brother of A",,,,,,,,,,,,,Forge_Master_Content.csv,,,,,,,,,,,
OIR0038,Blood Relations,OIR,Medium,OIR,"Pointing to Parul, Ram said, She is daughter of the only child of my father. How is Ram's wife related to that girl?",,,,,,,,,,,,,Forge_Master_Content.csv,,,,,,,,,,,
OIR0039,Blood Relations,OIR,Medium,OIR,My mother's sister's husband's only son's sister is related to me as,,,,,,,,,,,,,Forge_Master_Content.csv,,,,,,,,,,,
OIR0040,Blood Relations,OIR,Low,OIR,A lady introduces a man as the son of the brother of her mother. How is the man related to the woman?,,,,,,,,,,,,,Forge_Master_Content.csv,,,,,,,,,,,
OIR0041,Blood Relations,OIR,High,OIR,"Arjun told Rachit, 'Yesterday I defeated the only brother of the daughter of my grandmother.' Whom did Arjun defeat?",,,,,,,,,,,,,Forge_Master_Content.csv,,,,,,,,,,,
OIR0042,Blood Relations,OIR,Medium,OIR,X and Y are children of Z. Z is the father of X but Y is not the son of Z. What is Y to Z?,,,,,,,,,,,,,Forge_Master_Content.csv,,,,,,,,,,,
OIR0043,Blood Relations,OIR,High,OIR,"If a party consisted of a man and his wife, their two sons and their wives and four children of each son, how many persons were there in all in the party?",,,,,,,,,,,,,Forge_Master_Content.csv,,,,,,,,,,,
OIR0044,Direction Sense,OIR,Medium,OIR,"Bani leaves her house and walks 5 m towards North, turns right and walks 10 m, then turns right and walks 5 m, then turns left and walks 15 m. In which direction is she now?",,,,,,,,,,,,,Forge_Master_Content.csv,,,,,,,,,,,
OIR0045,Direction Sense,OIR,Medium,OIR,"From her house, Seema went 15 km to the North. Then she turned West and covered 10 km. Then she turned South and covered 5 km. Finally turning to the East, she covered 10 km. In which direction is she from her house?",,,,,,,,,,,,,Forge_Master_Content.csv,,,,,,,,,,,
OIR0046,Direction Sense,OIR,High,OIR,A clock is so placed that at 12 : 00 noon its minute hand points towards North-East. In which direction does its hour hand point at 1:30 pm?,,,,,,,,,,,,,Forge_Master_Content.csv,,,,,,,,,,,
OIR0047,Direction Sense,OIR,Medium,OIR,"Vijay started walking towards South. After walking 15 m, he turned to the left and walked 15 m. He again turned to his left and walked 15 m. How far is he from his original position and in which direction?",,,,,,,,,,,,,Forge_Master_Content.csv,,,,,,,,,,,
OIR0048,Direction Sense,OIR,Medium,OIR,"If you start from point A and walk 4 miles towards the east, then turn left and walk 3 miles towards the north, turn left again and walk 2 miles, which choice mentions the direction in which you are going?",,,,,,,,,,,,,Forge_Master_Content.csv,,,,,,,,,,,
OIR0049,Classification,OIR,High,OIR,Choose the one which is different from others. (a) BYCX (b) FUHS (c) KPMN (d) IQEU,,,,,,,,,,,,,Forge_Master_Content.csv,,,,,,,,,,,
OIR0050,Classification,OIR,Medium,OIR,"Three out of the following four pairs of numbers have the same relationship. Find the odd one out. (a) 4, 63 (b) 1, 0 (c) 2, 15 (d) 5, 124",,,,,,,,,,,,,Forge_Master_Content.csv,,,,,,,,,,,
OIR0051,Classification,OIR,Medium,OIR,Which one of the following is the odd one out? (a) Babar (b) Shershah (c) Humayun (d) Akbar,,,,,,,,,,,,,Forge_Master_Content.csv,,,,,,,,,,,
OIR0052,Classification,OIR,Low,OIR,Select the one which is different from the other four responses. (a) Flute (b) Guitar (c) Sitar (d) Violin,,,,,,,,,,,,,Forge_Master_Content.csv,,,,,,,,,,,
OIR0053,Classification,OIR,Medium,OIR,"Find the odd word in each of the following lines: Needle, Tackle, Nail, Knife, Pin",,,,,,,,,,,,,Forge_Master_Content.csv,,,,,,,,,,,
OIR0054,Classification,OIR,Low,OIR,"Find the odd word: Circle, Square, Triangle, Hexagon, Pentagon",,,,,,,,,,,,,Forge_Master_Content.csv,,,,,,,,,,,
OIR0055,Non Mirror Images,OIR,Low,OIR,Choose the alternative which most closely resembles the mirror image of the given combination: TRIUMPHS,,,,,,,,,,,,,Forge_Master_Content.csv,,,,,,,,,,,
OIR0056,Non Mirror Images,OIR,Medium,OIR,Choose the alternative which most closely resembles the mirror image of the given combination: 73AP4OD8,,,,,,,,,,,,,Forge_Master_Content.csv,,,,,,,,,,,
OIR0057,Non Mirror Images,OIR,Low,OIR,Choose the alternative which shows the correct water image of the word given: FROG,,,,,,,,,,,,,Forge_Master_Content.csv,,,,,,,,,,,
OIR0058,Non Figure Series,OIR,High,OIR,"In a series of figures where a main geometry rotates 90 degrees anti-clockwise in each step and its shaded portions shift to the connecting lines, what constitutes the next figure logically?",,,,,,,,,,,,,Forge_Master_Content.csv,,,,,,,,,,,
OIR0059,Non Figure Series,OIR,High,OIR,"In a series of hexagons where two inner designs move one step clockwise and two other designs move one step anti-clockwise alternately, what constitutes the next sequence?",,,,,,,,,,,,,Forge_Master_Content.csv,,,,,,,,,,,
OIR0060,Non Pattern Recognition,OIR,High,OIR,A cube whose two adjacent faces are coloured is cut into 64 identical small cubes. How many of these small cubes are not coloured at all?,,,,,,,,,,,,,Forge_Master_Content.csv,,,,,,,,,,,
OIR0061,Non Pattern Recognition,OIR,Medium,OIR,"Two positions of a dice are shown (showing faces 5,6,4 and 2,1,5). What will be the number at the bottom, if 5 is at the top?",,,,,,,,,,,,,Forge_Master_Content.csv,,,,,,,,,,,
OIR0062,Non Pattern Recognition,OIR,Medium,OIR,A figure X is given followed by four figures. The candidate has to select the figure in which the problem figure X is perfectly embedded. How is this solved?,,,,,,,,,,,,,Forge_Master_Content.csv,,,,,,,,,,,
OIR0063,Non Pattern Recognition,OIR,Medium,OIR,A figure is given which has a definite geometric pattern but nearly a quarter of that pattern is left blank. The candidate must complete it. What is the objective?,,,,,,,,,,,,,Forge_Master_Content.csv,,,,,,,,,,,
WAT0001,Sense of Responsibility,WAT,Medium,WAT,CAREFUL,,,,,,,,,,,,,Forge_Master_Content.csv,,,,,5,20,,,,,
WAT0002,Cooperation,WAT,Easy,WAT,AGREE,,,,,,,,,,,,,Forge_Master_Content.csv,,,,,5,20,,,,,
WAT0003,Liveliness,WAT,Easy,WAT,BEAUTIFUL,,,,,,,,,,,,,Forge_Master_Content.csv,,,,,5,20,,,,,
WAT0004,Determination,WAT,Hard,WAT,CANNOT,,,,,,,,,,,,,Forge_Master_Content.csv,,,,,5,20,,,,,
WAT0005,Reasoning Ability,WAT,Hard,WAT,CONFUSE,,,,,,,,,,,,,Forge_Master_Content.csv,,,,,5,20,,,,,
WAT0006,Social Adaptability,WAT,Hard,WAT,BAD,,,,,,,,,,,,,Forge_Master_Content.csv,,,,,5,20,,,,,
WAT0007,Ability to Influence the Group,WAT,Medium,WAT,CROWD,,,,,,,,,,,,,Forge_Master_Content.csv,,,,,5,20,,,,,
WAT0008,Organising Ability,WAT,Easy,WAT,COMPLETE,,,,,,,,,,,,,Forge_Master_Content.csv,,,,,5,20,,,,,
WAT0009,Power of Expression,WAT,Medium,WAT,INSTRUCTION,,,,,,,,,,,,,Forge_Master_Content.csv,,,,,5,20,,,,,
WAT0010,Sense of Responsibility,WAT,Hard,WAT,CHEAT,,,,,,,,,,,,,Forge_Master_Content.csv,,,,,5,20,,,,,
WAT0011,Liveliness,WAT,Medium,WAT,ENCOURAGEMENT,,,,,,,,,,,,,Forge_Master_Content.csv,,,,,5,20,,,,,
WAT0012,Courage,WAT,Hard,WAT,CRY,,,,,,,,,,,,,Forge_Master_Content.csv,,,,,5,20,,,,,
WAT0013,Effective Intelligence,WAT,Medium,WAT,QUALITY,,,,,,,,,,,,,Forge_Master_Content.csv,,,,,5,20,,,,,
WAT0014,Social Adaptability,WAT,Easy,WAT,COMPANY,,,,,,,,,,,,,Forge_Master_Content.csv,,,,,5,20,,,,,
WAT0015,Sense of Responsibility,WAT,Medium,WAT,HONOUR,,,,,,,,,,,,,Forge_Master_Content.csv,,,,,5,20,,,,,
WAT0016,Determination,WAT,Hard,WAT,DEFEAT,,,,,,,,,,,,,Forge_Master_Content.csv,,,,,5,20,,,,,
WAT0017,Reasoning Ability,WAT,Medium,WAT,REASON,,,,,,,,,,,,,Forge_Master_Content.csv,,,,,5,20,,,,,
WAT0018,Power of Expression,WAT,Easy,WAT,CONVERSATION,,,,,,,,,,,,,Forge_Master_Content.csv,,,,,5,20,,,,,
WAT0019,Courage,WAT,Hard,WAT,OPPOSITION,,,,,,,,,,,,,Forge_Master_Content.csv,,,,,5,20,,,,,
WAT0020,Liveliness,WAT,Hard,WAT,DISTURB,,,,,,,,,,,,,Forge_Master_Content.csv,,,,,5,20,,,,,
WAT0021,Speed of Decision,WAT,Medium,WAT,SPEED,,,,,,,,,,,,,Forge_Master_Content.csv,,,,,5,20,,,,,
WAT0022,Cooperation,WAT,Easy,WAT,COOPERATION,,,,,,,,,,,,,Forge_Master_Content.csv,,,,,5,20,,,,,
WAT0023,Sense of Responsibility,WAT,Easy,WAT,PARENTS,,,,,,,,,,,,,Forge_Master_Content.csv,,,,,5,20,,,,,
WAT0024,Determination,WAT,Medium,WAT,DREAM,,,,,,,,,,,,,Forge_Master_Content.csv,,,,,5,20,,,,,
WAT0025,Self-Confidence,WAT,Easy,WAT,SURE,,,,,,,,,,,,,Forge_Master_Content.csv,,,,,5,20,,,,,
WAT0026,Social Adaptability,WAT,Easy,WAT,FRIENDSHIP,,,,,,,,,,,,,Forge_Master_Content.csv,,,,,5,20,,,,,
WAT0027,Cooperation,WAT,Medium,WAT,SYMPATHY,,,,,,,,,,,,,Forge_Master_Content.csv,,,,,5,20,,,,,
WAT0028,Courage,WAT,Hard,WAT,FEARFUL,,,,,,,,,,,,,Forge_Master_Content.csv,,,,,5,20,,,,,
WAT0029,Effective Intelligence,WAT,Medium,WAT,ADVERTISEMENT,,,,,,,,,,,,,Forge_Master_Content.csv,,,,,5,20,,,,,
WAT0030,Cooperation,WAT,Easy,WAT,GIVE,,,,,,,,,,,,,Forge_Master_Content.csv,,,,,5,20,,,,,
WAT0031,Cooperation,WAT,Easy,WAT,TEAM,,,,,,,,,,,,,Forge_Master_Content.csv,,,,,5,20,,,,,
WAT0032,Determination,WAT,Medium,WAT,HEIGHT,,,,,,,,,,,,,Forge_Master_Content.csv,,,,,5,20,,,,,
WAT0033,Organising Ability,WAT,Medium,WAT,BUSY,,,,,,,,,,,,,Forge_Master_Content.csv,,,,,5,20,,,,,
WAT0034,Cooperation,WAT,Easy,WAT,HELP,,,,,,,,,,,,,Forge_Master_Content.csv,,,,,5,20,,,,,
WAT0035,Self-Confidence,WAT,Medium,WAT,ASSERT,,,,,,,,,,,,,Forge_Master_Content.csv,,,,,5,20,,,,,
WAT0036,Initiative,WAT,Hard,WAT,HELPLESS,,,,,,,,,,,,,Forge_Master_Content.csv,,,,,5,20,,,,,
WAT0037,Ability to Influence the Group,WAT,Medium,WAT,ENFORCE,,,,,,,,,,,,,Forge_Master_Content.csv,,,,,5,20,,,,,
WAT0038,Sense of Responsibility,WAT,Medium,WAT,TRUTH,,,,,,,,,,,,,Forge_Master_Content.csv,,,,,5,20,,,,,
WAT0039,Cooperation,WAT,Medium,WAT,CONTRIBUTE,,,,,,,,,,,,,Forge_Master_Content.csv,,,,,5,20,,,,,
WAT0040,Determination,WAT,Easy,WAT,HIGH,,,,,,,,,,,,,Forge_Master_Content.csv,,,,,5,20,,,,,
WAT0041,Liveliness,WAT,Easy,WAT,FILMS,,,,,,,,,,,,,Forge_Master_Content.csv,,,,,5,20,,,,,
WAT0042,Social Adaptability,WAT,Hard,WAT,UNTOUCHABILITY,,,,,,,,,,,,,Forge_Master_Content.csv,,,,,5,20,,,,,
WAT0043,Sense of Responsibility,WAT,Hard,WAT,EXPLOITATION,,,,,,,,,,,,,Forge_Master_Content.csv,,,,,5,20,,,,,
WAT0044,Effective Intelligence,WAT,Medium,WAT,HINT,,,,,,,,,,,,,Forge_Master_Content.csv,,,,,5,20,,,,,
WAT0045,Determination,WAT,Medium,WAT,LIMIT,,,,,,,,,,,,,Forge_Master_Content.csv,,,,,5,20,,,,,
WAT0046,Social Adaptability,WAT,Hard,WAT,ALOOF,,,,,,,,,,,,,Forge_Master_Content.csv,,,,,5,20,,,,,
WAT0047,Liveliness,WAT,Easy,WAT,BLESSING,,,,,,,,,,,,,Forge_Master_Content.csv,,,,,5,20,,,,,
WAT0048,Liveliness,WAT,Easy,WAT,HOLIDAY,,,,,,,,,,,,,Forge_Master_Content.csv,,,,,5,20,,,,,
WAT0049,Speed of Decision,WAT,Medium,WAT,MOVEMENT,,,,,,,,,,,,,Forge_Master_Content.csv,,,,,5,20,,,,,
WAT0050,Sense of Responsibility,WAT,Hard,WAT,BLUFF,,,,,,,,,,,,,Forge_Master_Content.csv,,,,,5,20,,,,,
WAT0051,Organising Ability,WAT,Medium,WAT,EMPLOY,,,,,,,,,,,,,Forge_Master_Content.csv,,,,,5,20,,,,,
WAT0052,Sense of Responsibility,WAT,Hard,WAT,INJURED,,,,,,,,,,,,,Forge_Master_Content.csv,,,,,5,20,,,,,
WAT0053,Social Adaptability,WAT,Easy,WAT,PRECIOUS,,,,,,,,,,,,,Forge_Master_Content.csv,,,,,5,20,,,,,
WAT0054,Initiative,WAT,Easy,WAT,BRING,,,,,,,,,,,,,Forge_Master_Content.csv,,,,,5,20,,,,,
WAT0055,Ability to Influence the Group,WAT,Medium,WAT,INSTRUCTOR,,,,,,,,,,,,,Forge_Master_Content.csv,,,,,5,20,,,,,
WAT0056,Liveliness,WAT,Easy,WAT,LIFE,,,,,,,,,,,,,Forge_Master_Content.csv,,,,,5,20,,,,,
WAT0057,Reasoning Ability,WAT,Medium,WAT,REAL,,,,,,,,,,,,,Forge_Master_Content.csv,,,,,5,20,,,,,
WAT0058,Social Adaptability,WAT,Easy,WAT,CLASS,,,,,,,,,,,,,Forge_Master_Content.csv,,,,,5,20,,,,,
WAT0059,Determination,WAT,Medium,WAT,RANK,,,,,,,,,,,,,Forge_Master_Content.csv,,,,,5,20,,,,,
WAT0060,Social Adaptability,WAT,Hard,WAT,LONELY,,,,,,,,,,,,,Forge_Master_Content.csv,,,,,5,20,,,,,
WAT0061,Speed of Decision,WAT,Medium,WAT,CHOICE,,,,,,,,,,,,,Forge_Master_Content.csv,,,,,5,20,,,,,
WAT0062,Social Adaptability,WAT,Medium,WAT,CO-EDUCATION,,,,,,,,,,,,,Forge_Master_Content.csv,,,,,5,20,,,,,
WAT0063,Self-Confidence,WAT,Easy,WAT,CHAMPION,,,,,,,,,,,,,Forge_Master_Content.csv,,,,,5,20,,,,,
WAT0064,Reasoning Ability,WAT,Hard,WAT,DETERIORATE,,,,,,,,,,,,,Forge_Master_Content.csv,,,,,5,20,,,,,
WAT0065,Effective Intelligence,WAT,Medium,WAT,CURE,,,,,,,,,,,,,Forge_Master_Content.csv,,,,,5,20,,,,,
WAT0066,Cooperation,WAT,Easy,WAT,COOPERATE,,,,,,,,,,,,,Forge_Master_Content.csv,,,,,5,20,,,,,
WAT0067,Effective Intelligence,WAT,Medium,WAT,CLEVER,,,,,,,,,,,,,Forge_Master_Content.csv,,,,,5,20,,,,,
WAT0068,Sense of Responsibility,WAT,Hard,WAT,DISEASE,,,,,,,,,,,,,Forge_Master_Content.csv,,,,,5,20,,,,,
WAT0069,Determination,WAT,Medium,WAT,DEMAND,,,,,,,,,,,,,Forge_Master_Content.csv,,,,,5,20,,,,,
WAT0070,Social Adaptability,WAT,Easy,WAT,FRIEND,,,,,,,,,,,,,Forge_Master_Content.csv,,,,,5,20,,,,,
WAT0071,Ability to Influence the Group,WAT,Hard,WAT,COMPEL,,,,,,,,,,,,,Forge_Master_Content.csv,,,,,5,20,,,,,
WAT0072,Sense of Responsibility,WAT,Easy,WAT,DOCTOR,,,,,,,,,,,,,Forge_Master_Content.csv,,,,,5,20,,,,,
WAT0073,Organising Ability,WAT,Medium,WAT,FOREST,,,,,,,,,,,,,Forge_Master_Content.csv,,,,,5,20,,,,,
WAT0074,Liveliness,WAT,Easy,WAT,HOME,,,,,,,,,,,,,Forge_Master_Content.csv,,,,,5,20,,,,,
WAT0075,Determination,WAT,Medium,WAT,EARN,,,,,,,,,,,,,Forge_Master_Content.csv,,,,,5,20,,,,,
WAT0076,Sense of Responsibility,WAT,Hard,WAT,LIE,,,,,,,,,,,,,Forge_Master_Content.csv,,,,,5,20,,,,,
WAT0077,Social Adaptability,WAT,Hard,WAT,PARTIALITY,,,,,,,,,,,,,Forge_Master_Content.csv,,,,,5,20,,,,,
WAT0078,Stamina,WAT,Easy,WAT,EXERCISE,,,,,,,,,,,,,Forge_Master_Content.csv,,,,,5,20,,,,,
WAT0079,Sense of Responsibility,WAT,Medium,WAT,PATRIOTISM,,,,,,,,,,,,,Forge_Master_Content.csv,,,,,5,20,,,,,
WAT0080,Liveliness,WAT,Easy,WAT,LIVE,,,,,,,,,,,,,Forge_Master_Content.csv,,,,,5,20,,,,,
WAT0081,Self-Confidence,WAT,Medium,WAT,PRIDE,,,,,,,,,,,,,Forge_Master_Content.csv,,,,,5,20,,,,,
WAT0082,Determination,WAT,Easy,WAT,PROGRESS,,,,,,,,,,,,,Forge_Master_Content.csv,,,,,5,20,,,,,
WAT0083,Courage,WAT,Hard,WAT,OPPOSE,,,,,,,,,,,,,Forge_Master_Content.csv,,,,,5,20,,,,,
WAT0084,Social Adaptability,WAT,Medium,WAT,RESPECT,,,,,,,,,,,,,Forge_Master_Content.csv,,,,,5,20,,,,,
WAT0085,Initiative,WAT,Hard,WAT,FIRE,,,,,,,,,,,,,Forge_Master_Content.csv,,,,,5,20,,,,,
WAT0086,Organising Ability,WAT,Easy,WAT,BANK,,,,,,,,,,,,,Forge_Master_Content.csv,,,,,5,20,,,,,
WAT0087,Social Adaptability,WAT,Hard,WAT,RUDE,,,,,,,,,,,,,Forge_Master_Content.csv,,,,,5,20,,,,,
WAT0088,Reasoning Ability,WAT,Medium,WAT,FUTURE,,,,,,,,,,,,,Forge_Master_Content.csv,,,,,5,20,,,,,
WAT0089,Effective Intelligence,WAT,Easy,WAT,BOOK,,,,,,,,,,,,,Forge_Master_Content.csv,,,,,5,20,,,,,
WAT0090,Sense of Responsibility,WAT,Medium,WAT,SINCERITY,,,,,,,,,,,,,Forge_Master_Content.csv,,,,,5,20,,,,,
WAT0091,Cooperation,WAT,Medium,WAT,ALLOW,,,,,,,,,,,,,Forge_Master_Content.csv,,,,,5,20,,,,,
WAT0092,Determination,WAT,Easy,WAT,GET,,,,,,,,,,,,,Forge_Master_Content.csv,,,,,5,20,,,,,
WAT0093,Reasoning Ability,WAT,Medium,WAT,DARJEELING,,,,,,,,,,,,,Forge_Master_Content.csv,,,,,5,20,,,,,
WAT0094,Social Adaptability,WAT,Hard,WAT,TEASE,,,,,,,,,,,,,Forge_Master_Content.csv,,,,,5,20,,,,,
WAT0095,Cooperation,WAT,Medium,WAT,CONSOLE,,,,,,,,,,,,,Forge_Master_Content.csv,,,,,5,20,,,,,
WAT0096,Determination,WAT,Medium,WAT,HARD WORK,,,,,,,,,,,,,Forge_Master_Content.csv,,,,,5,20,,,,,
WAT0097,Effective Intelligence,WAT,Easy,WAT,GRADUATE,,,,,,,,,,,,,Forge_Master_Content.csv,,,,,5,20,,,,,
WAT0098,Sense of Responsibility,WAT,Hard,WAT,TRAITOR,,,,,,,,,,,,,Forge_Master_Content.csv,,,,,5,20,,,,,
WAT0099,Social Adaptability,WAT,Easy,WAT,ELDERS,,,,,,,,,,,,,Forge_Master_Content.csv,,,,,5,20,,,,,
WAT0100,Stamina,WAT,Easy,WAT,HIKING,,,,,,,,,,,,,Forge_Master_Content.csv,,,,,5,20,,,,,
WAT0101,Effective Intelligence,WAT,Medium,WAT,IMAGINATION,,,,,,,,,,,,,Forge_Master_Content.csv,,,,,5,20,,,,,
WAT0102,Cooperation,WAT,Medium,WAT,UNION,,,,,,,,,,,,,Forge_Master_Content.csv,,,,,5,20,,,,,
WAT0103,Sense of Responsibility,WAT,Medium,WAT,NURSE,,,,,,,,,,,,,Forge_Master_Content.csv,,,,,5,20,,,,,
WAT0104,Determination,WAT,Easy,WAT,IMPROVEMENT,,,,,,,,,,,,,Forge_Master_Content.csv,,,,,5,20,,,,,
WAT0105,Cooperation,WAT,Easy,WAT,UNITY,,,,,,,,,,,,,Forge_Master_Content.csv,,,,,5,20,,,,,
WAT0106,Sense of Responsibility,WAT,Medium,WAT,LIEUTENANT,,,,,,,,,,,,,Forge_Master_Content.csv,,,,,5,20,,,,,
WAT0107,Organising Ability,WAT,Hard,WAT,LATE,,,,,,,,,,,,,Forge_Master_Content.csv,,,,,5,20,,,,,
WAT0108,Social Adaptability,WAT,Medium,WAT,LISTEN,,,,,,,,,,,,,Forge_Master_Content.csv,,,,,5,20,,,,,
WAT0109,Social Adaptability,WAT,Hard,WAT,VULGAR,,,,,,,,,,,,,Forge_Master_Content.csv,,,,,5,20,,,,,
WAT0110,Liveliness,WAT,Medium,WAT,SATISFY,,,,,,,,,,,,,Forge_Master_Content.csv,,,,,5,20,,,,,
WAT0111,Sense of Responsibility,WAT,Medium,WAT,RULE,,,,,,,,,,,,,Forge_Master_Content.csv,,,,,5,20,,,,,
WAT0112,Social Adaptability,WAT,Easy,WAT,WOMAN,,,,,,,,,,,,,Forge_Master_Content.csv,,,,,5,20,,,,,
WAT0113,Ability to Influence the Group,WAT,Medium,WAT,PRESIDENT,,,,,,,,,,,,,Forge_Master_Content.csv,,,,,5,20,,,,,
WAT0114,Self-Confidence,WAT,Hard,WAT,NERVOUS,,,,,,,,,,,,,Forge_Master_Content.csv,,,,,5,20,,,,,
WAT0115,Courage,WAT,Medium,WAT,BRAVERY,,,,,,,,,,,,,Forge_Master_Content.csv,,,,,5,20,,,,,
WAT0116,Speed of Decision,WAT,Medium,WAT,DECIDE,,,,,,,,,,,,,Forge_Master_Content.csv,,,,,5,20,,,,,
WAT0117,Reasoning Ability,WAT,Medium,WAT,DIFFERENCE,,,,,,,,,,,,,Forge_Master_Content.csv,,,,,5,20,,,,,
WAT0118,Effective Intelligence,WAT,Easy,WAT,LESSON,,,,,,,,,,,,,Forge_Master_Content.csv,,,,,5,20,,,,,
WAT0119,Reasoning Ability,WAT,Medium,WAT,MEANING,,,,,,,,,,,,,Forge_Master_Content.csv,,,,,5,20,,,,,
WAT0120,Effective Intelligence,WAT,Medium,WAT,PRACTICAL,,,,,,,,,,,,,Forge_Master_Content.csv,,,,,5,20,,,,,
WAT0121,Sense of Responsibility,WAT,Medium,WAT,REPORT,,,,,,,,,,,,,Forge_Master_Content.csv,,,,,5,20,,,,,
WAT0122,Effective Intelligence,WAT,Medium,WAT,NOVEL,,,,,,,,,,,,,Forge_Master_Content.csv,,,,,5,20,,,,,
WAT0123,Organising Ability,WAT,Easy,WAT,PURCHASE,,,,,,,,,,,,,Forge_Master_Content.csv,,,,,5,20,,,,,
WAT0124,Social Adaptability,WAT,Easy,WAT,FRIENDLY,,,,,,,,,,,,,Forge_Master_Content.csv,,,,,5,20,,,,,
WAT0125,Cooperation,WAT,Hard,WAT,INTERFERENCE,,,,,,,,,,,,,Forge_Master_Content.csv,,,,,5,20,,,,,
WAT0126,Liveliness,WAT,Easy,WAT,PLAY,,,,,,,,,,,,,Forge_Master_Content.csv,,,,,5,20,,,,,
WAT0127,Social Adaptability,WAT,Medium,WAT,ROMANCE,,,,,,,,,,,,,Forge_Master_Content.csv,,,,,5,20,,,,,
WAT0128,Self-Confidence,WAT,Easy,WAT,SHOW,,,,,,,,,,,,,Forge_Master_Content.csv,,,,,5,20,,,,,
WAT0129,Effective Intelligence,WAT,Medium,WAT,SMART,,,,,,,,,,,,,Forge_Master_Content.csv,,,,,5,20,,,,,
WAT0130,Sense of Responsibility,WAT,Easy,WAT,SON,,,,,,,,,,,,,Forge_Master_Content.csv,,,,,5,20,,,,,
WAT0131,Cooperation,WAT,Medium,WAT,ASSIST,,,,,,,,,,,,,Forge_Master_Content.csv,,,,,5,20,,,,,
WAT0132,Social Adaptability,WAT,Medium,WAT,BEHAVIOUR,,,,,,,,,,,,,Forge_Master_Content.csv,,,,,5,20,,,,,
WAT0133,Reasoning Ability,WAT,Hard,WAT,EXCEPT,,,,,,,,,,,,,Forge_Master_Content.csv,,,,,5,20,,,,,
WAT0134,Sense of Responsibility,WAT,Hard,WAT,EXCUSE,,,,,,,,,,,,,Forge_Master_Content.csv,,,,,5,20,,,,,
WAT0135,Social Adaptability,WAT,Medium,WAT,ADMIRE,,,,,,,,,,,,,Forge_Master_Content.csv,,,,,5,20,,,,,
WAT0136,Ability to Influence the Group,WAT,Medium,WAT,FOLLOWER,,,,,,,,,,,,,Forge_Master_Content.csv,,,,,5,20,,,,,
WAT0137,Sense of Responsibility,WAT,Medium,WAT,IMPARTIAL,,,,,,,,,,,,,Forge_Master_Content.csv,,,,,5,20,,,,,
WAT0138,Sense of Responsibility,WAT,Easy,WAT,MOTHER,,,,,,,,,,,,,Forge_Master_Content.csv,,,,,5,20,,,,,
WAT0139,Sense of Responsibility,WAT,Medium,WAT,PATRIOT,,,,,,,,,,,,,Forge_Master_Content.csv,,,,,5,20,,,,,
WAT0140,Sense of Responsibility,WAT,Medium,WAT,PRINCIPAL,,,,,,,,,,,,,Forge_Master_Content.csv,,,,,5,20,,,,,
WAT0141,Sense of Responsibility,WAT,Hard,WAT,PUNISH,,,,,,,,,,,,,Forge_Master_Content.csv,,,,,5,20,,,,,
WAT0142,Cooperation,WAT,Medium,WAT,SUPPORT,,,,,,,,,,,,,Forge_Master_Content.csv,,,,,5,20,,,,,
WAT0143,Determination,WAT,Easy,WAT,ABOVE,,,,,,,,,,,,,Forge_Master_Content.csv,,,,,5,20,,,,,
WAT0144,Ability to Influence the Group,WAT,Medium,WAT,MAJORITY,,,,,,,,,,,,,Forge_Master_Content.csv,,,,,5,20,,,,,
WAT0145,Cooperation,WAT,Medium,WAT,CONTRIBUTION,,,,,,,,,,,,,Forge_Master_Content.csv,,,,,5,20,,,,,
WAT0146,Speed of Decision,WAT,Hard,WAT,DISMISS,,,,,,,,,,,,,Forge_Master_Content.csv,,,,,5,20,,,,,
WAT0147,Liveliness,WAT,Easy,WAT,ACTIVE,,,,,,,,,,,,,Forge_Master_Content.csv,,,,,5,20,,,,,
WAT0148,Courage,WAT,Medium,WAT,BLOOD,,,,,,,,,,,,,Forge_Master_Content.csv,,,,,5,20,,,,,
WAT0149,Determination,WAT,Hard,WAT,BREAK,,,,,,,,,,,,,Forge_Master_Content.csv,,,,,5,20,,,,,
WAT0150,Reasoning Ability,WAT,Hard,WAT,CURSE,,,,,,,,,,,,,Forge_Master_Content.csv,,,,,5,20,,,,,
WAT0151,Determination,WAT,Medium,WAT,DESIRE,,,,,,,,,,,,,Forge_Master_Content.csv,,,,,5,20,,,,,
WAT0152,Stamina,WAT,Easy,WAT,GAME,,,,,,,,,,,,,Forge_Master_Content.csv,,,,,5,20,,,,,
WAT0153,Courage,WAT,Hard,WAT,HIJACKING,,,,,,,,,,,,,Forge_Master_Content.csv,,,,,5,20,,,,,
WAT0154,Determination,WAT,Medium,WAT,IMPROVE,,,,,,,,,,,,,Forge_Master_Content.csv,,,,,5,20,,,,,
WAT0155,Effective Intelligence,WAT,Medium,WAT,NECESSITY,,,,,,,,,,,,,Forge_Master_Content.csv,,,,,5,20,,,,,
WAT0156,Self-Confidence,WAT,Hard,WAT,NOTHING,,,,,,,,,,,,,Forge_Master_Content.csv,,,,,5,20,,,,,
WAT0157,Liveliness,WAT,Easy,WAT,PLEASURE,,,,,,,,,,,,,Forge_Master_Content.csv,,,,,5,20,,,,,
WAT0158,Sense of Responsibility,WAT,Easy,WAT,ARMY,,,,,,,,,,,,,Forge_Master_Content.csv,,,,,5,20,,,,,
WAT0159,Effective Intelligence,WAT,Medium,WAT,EDUCATED,,,,,,,,,,,,,Forge_Master_Content.csv,,,,,5,20,,,,,
WAT0160,Reasoning Ability,WAT,Hard,WAT,PROBLEM,,,,,,,,,,,,,Forge_Master_Content.csv,,,,,5,20,,,,,
WAT0161,Effective Intelligence,WAT,Easy,WAT,READ,,,,,,,,,,,,,Forge_Master_Content.csv,,,,,5,20,,,,,
WAT0162,Effective Intelligence,WAT,Medium,WAT,REMEMBER,,,,,,,,,,,,,Forge_Master_Content.csv,,,,,5,20,,,,,
WAT0163,Sense of Responsibility,WAT,Easy,WAT,RIGHT,,,,,,,,,,,,,Forge_Master_Content.csv,,,,,5,20,,,,,
WAT0164,Determination,WAT,Medium,WAT,SCORE,,,,,,,,,,,,,Forge_Master_Content.csv,,,,,5,20,,,,,
WAT0165,Organising Ability,WAT,Medium,WAT,TASK,,,,,,,,,,,,,Forge_Master_Content.csv,,,,,5,20,,,,,
WAT0166,Effective Intelligence,WAT,Medium,WAT,UNIVERSITY,,,,,,,,,,,,,Forge_Master_Content.csv,,,,,5,20,,,,,
WAT0167,Courage,WAT,Medium,WAT,MACHINE GUN,,,,,,,,,,,,,Forge_Master_Content.csv,,,,,5,20,,,,,
WAT0168,Social Adaptability,WAT,Medium,WAT,MODEL,,,,,,,,,,,,,Forge_Master_Content.csv,,,,,5,20,,,,,
WAT0169,Social Adaptability,WAT,Medium,WAT,CHANGE,,,,,,,,,,,,,Forge_Master_Content.csv,,,,,5,20,,,,,
WAT0170,Reasoning Ability,WAT,Hard,WAT,DOUBT,,,,,,,,,,,,,Forge_Master_Content.csv,,,,,5,20,,,,,
WAT0171,Courage,WAT,Hard,WAT,HIDE,,,,,,,,,,,,,Forge_Master_Content.csv,,,,,5,20,,,,,
WAT0172,Power of Expression,WAT,Easy,WAT,LETTER,,,,,,,,,,,,,Forge_Master_Content.csv,,,,,5,20,,,,,
WAT0173,Social Adaptability,WAT,Medium,WAT,MODERN,,,,,,,,,,,,,Forge_Master_Content.csv,,,,,5,20,,,,,
WAT0174,Effective Intelligence,WAT,Medium,WAT,RICH,,,,,,,,,,,,,Forge_Master_Content.csv,,,,,5,20,,,,,
WAT0175,Reasoning Ability,WAT,Hard,WAT,ROGUE,,,,,,,,,,,,,Forge_Master_Content.csv,,,,,5,20,,,,,
WAT0176,Sense of Responsibility,WAT,Hard,WAT,THIEF,,,,,,,,,,,,,Forge_Master_Content.csv,,,,,5,20,,,,,
WAT0177,Organising Ability,WAT,Easy,WAT,TIDY,,,,,,,,,,,,,Forge_Master_Content.csv,,,,,5,20,,,,,
WAT0178,Sense of Responsibility,WAT,Easy,WAT,DUTY,,,,,,,,,,,,,Forge_Master_Content.csv,,,,,5,20,,,,,
WAT0179,Ability to Influence the Group,WAT,Medium,WAT,COMMAND,,,,,,,,,,,,,Forge_Master_Content.csv,,,,,5,20,,,,,
WAT0180,Ability to Influence the Group,WAT,Medium,WAT,CONVINCE,,,,,,,,,,,,,Forge_Master_Content.csv,,,,,5,20,,,,,
WAT0181,Liveliness,WAT,Easy,WAT,FUNNY,,,,,,,,,,,,,Forge_Master_Content.csv,,,,,5,20,,,,,
WAT0182,Sense of Responsibility,WAT,Medium,WAT,HEADMASTER,,,,,,,,,,,,,Forge_Master_Content.csv,,,,,5,20,,,,,
WAT0183,Social Adaptability,WAT,Medium,WAT,PRAISE,,,,,,,,,,,,,Forge_Master_Content.csv,,,,,5,20,,,,,
WAT0184,Initiative,WAT,Medium,WAT,PREVENT,,,,,,,,,,,,,Forge_Master_Content.csv,,,,,5,20,,,,,
WAT0185,Effective Intelligence,WAT,Medium,WAT,SCHOLARSHIP,,,,,,,,,,,,,Forge_Master_Content.csv,,,,,5,20,,,,,
WAT0186,Cooperation,WAT,Medium,WAT,SELFLESS,,,,,,,,,,,,,Forge_Master_Content.csv,,,,,5,20,,,,,
WAT0187,Sense of Responsibility,WAT,Medium,WAT,WELFARE,,,,,,,,,,,,,Forge_Master_Content.csv,,,,,5,20,,,,,
WAT0188,Cooperation,WAT,Easy,WAT,BATCH,,,,,,,,,,,,,Forge_Master_Content.csv,,,,,5,20,,,,,
WAT0189,Initiative,WAT,Medium,WAT,ACTION,,,,,,,,,,,,,Forge_Master_Content.csv,,,,,5,20,,,,,
WAT0190,Self-Confidence,WAT,Medium,WAT,CONFIDENCE,,,,,,,,,,,,,Forge_Master_Content.csv,,,,,5,20,,,,,
WAT0191,Speed of Decision,WAT,Easy,WAT,DASH,,,,,,,,,,,,,Forge_Master_Content.csv,,,,,5,20,,,,,
WAT0192,Courage,WAT,Hard,WAT,DIE,,,,,,,,,,,,,Forge_Master_Content.csv,,,,,5,20,,,,,
WAT0193,Reasoning Ability,WAT,Medium,WAT,EXPECT,,,,,,,,,,,,,Forge_Master_Content.csv,,,,,5,20,,,,,
WAT0194,Determination,WAT,Easy,WAT,LITTLE,,,,,,,,,,,,,Forge_Master_Content.csv,,,,,5,20,,,,,
WAT0195,Determination,WAT,Hard,WAT,LOSS,,,,,,,,,,,,,Forge_Master_Content.csv,,,,,5,20,,,,,
WAT0196,Speed of Decision,WAT,Easy,WAT,MOVE,,,,,,,,,,,,,Forge_Master_Content.csv,,,,,5,20,,,,,
WAT0197,Sense of Responsibility,WAT,Medium,WAT,MUST,,,,,,,,,,,,,Forge_Master_Content.csv,,,,,5,20,,,,,
WAT0198,Liveliness,WAT,Hard,WAT,NOISE,,,,,,,,,,,,,Forge_Master_Content.csv,,,,,5,20,,,,,
WAT0199,Organising Ability,WAT,Medium,WAT,OPERATION,,,,,,,,,,,,,Forge_Master_Content.csv,,,,,5,20,,,,,
WAT0200,Determination,WAT,Medium,WAT,OVERCOME,,,,,,,,,,,,,Forge_Master_Content.csv,,,,,5,20,,,,,
WAT0201,Determination,WAT,Medium,WAT,AMBITION,,,,,,,,,,,,,Forge_Master_Content.csv,,,,,5,20,,,,,
WAT0202,Social Adaptability,WAT,Easy,WAT,BOARDER,,,,,,,,,,,,,Forge_Master_Content.csv,,,,,5,20,,,,,
WAT0203,Sense of Responsibility,WAT,Hard,WAT,FAVOUR,,,,,,,,,,,,,Forge_Master_Content.csv,,,,,5,20,,,,,
WAT0204,Courage,WAT,Hard,WAT,ATTACK,,,,,,,,,,,,,Forge_Master_Content.csv,,,,,5,20,,,,,
WAT0205,Social Adaptability,WAT,Hard,WAT,ANGER,,,,,,,,,,,,,Forge_Master_Content.csv,,,,,5,20,,,,,
WAT0206,Liveliness,WAT,Easy,WAT,CHILDHOOD,,,,,,,,,,,,,Forge_Master_Content.csv,,,,,5,20,,,,,
WAT0207,Cooperation,WAT,Medium,WAT,HELPFUL,,,,,,,,,,,,,Forge_Master_Content.csv,,,,,5,20,,,,,
WAT0208,Courage,WAT,Medium,WAT,COURAGE,,,,,,,,,,,,,Forge_Master_Content.csv,,,,,5,20,,,,,
WAT0209,Reasoning Ability,WAT,Hard,WAT,BLUNDER,,,,,,,,,,,,,Forge_Master_Content.csv,,,,,5,20,,,,,
WAT0210,Courage,WAT,Medium,WAT,HERO,,,,,,,,,,,,,Forge_Master_Content.csv,,,,,5,20,,,,,
WAT0211,Social Adaptability,WAT,Hard,WAT,DISLIKE,,,,,,,,,,,,,Forge_Master_Content.csv,,,,,5,20,,,,,
WAT0212,Sense of Responsibility,WAT,Medium,WAT,OBEDIENCE,,,,,,,,,,,,,Forge_Master_Content.csv,,,,,5,20,,,,,
WAT0213,Determination,WAT,Hard,WAT,DOWN,,,,,,,,,,,,,Forge_Master_Content.csv,,,,,5,20,,,,,
WAT0214,Sense of Responsibility,WAT,Hard,WAT,DISOBEY,,,,,,,,,,,,,Forge_Master_Content.csv,,,,,5,20,,,,,
WAT0215,Ability to Influence the Group,WAT,Medium,WAT,POWER,,,,,,,,,,,,,Forge_Master_Content.csv,,,,,5,20,,,,,
WAT0216,Determination,WAT,Medium,WAT,EFFORT,,,,,,,,,,,,,Forge_Master_Content.csv,,,,,5,20,,,,,
WAT0217,Effective Intelligence,WAT,Easy,WAT,FIND,,,,,,,,,,,,,Forge_Master_Content.csv,,,,,5,20,,,,,
WAT0218,Reasoning Ability,WAT,Hard,WAT,DISPUTE,,,,,,,,,,,,,Forge_Master_Content.csv,,,,,5,20,,,,,
WAT0219,Courage,WAT,Hard,WAT,FEAR,,,,,,,,,,,,,Forge_Master_Content.csv,,,,,5,20,,,,,
WAT0220,Initiative,WAT,Medium,WAT,MEND,,,,,,,,,,,,,Forge_Master_Content.csv,,,,,5,20,,,,,
WAT0221,Social Adaptability,WAT,Medium,WAT,FEELINGS,,,,,,,,,,,,,Forge_Master_Content.csv,,,,,5,20,,,,,
WAT0222,Liveliness,WAT,Easy,WAT,GOOD,,,,,,,,,,,,,Forge_Master_Content.csv,,,,,5,20,,,,,
WAT0223,Sense of Responsibility,WAT,Medium,WAT,UNIFORM,,,,,,,,,,,,,Forge_Master_Content.csv,,,,,5,20,,,,,
WAT0224,Courage,WAT,Hard,WAT,FIGHTING,,,,,,,,,,,,,Forge_Master_Content.csv,,,,,5,20,,,,,
WAT0225,Effective Intelligence,WAT,Easy,WAT,PICTURE,,,,,,,,,,,,,Forge_Master_Content.csv,,,,,5,20,,,,,
WAT0226,Liveliness,WAT,Easy,WAT,NAUGHTY,,,,,,,,,,,,,Forge_Master_Content.csv,,,,,5,20,,,,,
WAT0227,Social Adaptability,WAT,Easy,WAT,BABY,,,,,,,,,,,,,Forge_Master_Content.csv,,,,,5,20,,,,,
WAT0228,Determination,WAT,Medium,WAT,GOAL,,,,,,,,,,,,,Forge_Master_Content.csv,,,,,5,20,,,,,
WAT0229,Reasoning Ability,WAT,Medium,WAT,PUZZLE,,,,,,,,,,,,,Forge_Master_Content.csv,,,,,5,20,,,,,
WAT0230,Liveliness,WAT,Easy,WAT,CHARMING,,,,,,,,,,,,,Forge_Master_Content.csv,,,,,5,20,,,,,
WAT0231,Effective Intelligence,WAT,Medium,WAT,QUALIFICATION,,,,,,,,,,,,,Forge_Master_Content.csv,,,,,5,20,,,,,
WAT0232,Ability to Influence the Group,WAT,Medium,WAT,EXAMPLE,,,,,,,,,,,,,Forge_Master_Content.csv,,,,,5,20,,,,,
WAT0233,Social Adaptability,WAT,Hard,WAT,IRRITATE,,,,,,,,,,,,,Forge_Master_Content.csv,,,,,5,20,,,,,
WAT0234,Sense of Responsibility,WAT,Easy,WAT,STUDY,,,,,,,,,,,,,Forge_Master_Content.csv,,,,,5,20,,,,,
WAT0235,Social Adaptability,WAT,Medium,WAT,ELECTION,,,,,,,,,,,,,Forge_Master_Content.csv,,,,,5,20,,,,,
WAT0236,Determination,WAT,Easy,WAT,BETTER,,,,,,,,,,,,,Forge_Master_Content.csv,,,,,5,20,,,,,
WAT0237,Social Adaptability,WAT,Hard,WAT,UNSOCIAL,,,,,,,,,,,,,Forge_Master_Content.csv,,,,,5,20,,,,,
WAT0238,Ability to Influence the Group,WAT,Medium,WAT,GOVERN,,,,,,,,,,,,,Forge_Master_Content.csv,,,,,5,20,,,,,
WAT0239,Social Adaptability,WAT,Easy,WAT,LOVE,,,,,,,,,,,,,Forge_Master_Content.csv,,,,,5,20,,,,,
WAT0240,Initiative,WAT,Easy,WAT,MAKE,,,,,,,,,,,,,Forge_Master_Content.csv,,,,,5,20,,,,,
WAT0241,Sense of Responsibility,WAT,Hard,WAT,DRINK,,,,,,,,,,,,,Forge_Master_Content.csv,,,,,5,20,,,,,
WAT0242,Sense of Responsibility,WAT,Medium,WAT,GOVERNOR,,,,,,,,,,,,,Forge_Master_Content.csv,,,,,5,20,,,,,
WAT0243,Self-Confidence,WAT,Hard,WAT,LUCK,,,,,,,,,,,,,Forge_Master_Content.csv,,,,,5,20,,,,,
WAT0244,Reasoning Ability,WAT,Medium,WAT,CONSIDER,,,,,,,,,,,,,Forge_Master_Content.csv,,,,,5,20,,,,,
WAT0245,Initiative,WAT,Medium,WAT,CREATE,,,,,,,,,,,,,Forge_Master_Content.csv,,,,,5,20,,,,,
WAT0246,Liveliness,WAT,Easy,WAT,ROSE,,,,,,,,,,,,,Forge_Master_Content.csv,,,,,5,20,,,,,
WAT0247,Effective Intelligence,WAT,Medium,WAT,BRAIN,,,,,,,,,,,,,Forge_Master_Content.csv,,,,,5,20,,,,,
WAT0248,Self-Confidence,WAT,Easy,WAT,BRIGHT,,,,,,,,,,,,,Forge_Master_Content.csv,,,,,5,20,,,,,
WAT0249,Effective Intelligence,WAT,Medium,WAT,AWARE,,,,,,,,,,,,,Forge_Master_Content.csv,,,,,5,20,,,,,
WAT0250,Organising Ability,WAT,Medium,WAT,ARRANGE,,,,,,,,,,,,,Forge_Master_Content.csv,,,,,5,20,,,,,
WAT0251,Sense of Responsibility,WAT,Easy,WAT,ACADEMY,,,,,,,,,,,,,Forge_Master_Content.csv,,,,,5,20,,,,,
WAT0252,Effective Intelligence,WAT,Medium,WAT,ASTRONOMY,,,,,,,,,,,,,Forge_Master_Content.csv,,,,,5,20,,,,,
WAT0253,Reasoning Ability,WAT,Hard,WAT,ASSUMPTION,,,,,,,,,,,,,Forge_Master_Content.csv,,,,,5,20,,,,,
WAT0254,Self-Confidence,WAT,Medium,WAT,ABILITY,,,,,,,,,,,,,Forge_Master_Content.csv,,,,,5,20,,,,,
WAT0255,Reasoning Ability,WAT,Medium,WAT,ANALYSIS,,,,,,,,,,,,,Forge_Master_Content.csv,,,,,5,20,,,,,
WAT0256,Speed of Decision,WAT,Easy,WAT,ANSWER,,,,,,,,,,,,,Forge_Master_Content.csv,,,,,5,20,,,,,
WAT0257,Organising Ability,WAT,Medium,WAT,PLACEMENT,,,,,,,,,,,,,Forge_Master_Content.csv,,,,,5,20,,,,,
WAT0258,Effective Intelligence,WAT,Easy,WAT,JUPITER,,,,,,,,,,,,,Forge_Master_Content.csv,,,,,5,20,,,,,
WAT0259,Social Adaptability,WAT,Medium,WAT,AFFECTION,,,,,,,,,,,,,Forge_Master_Content.csv,,,,,5,20,,,,,
WAT0260,Determination,WAT,Medium,WAT,DEDICATE,,,,,,,,,,,,,Forge_Master_Content.csv,,,,,5,20,,,,,
WAT0261,Social Adaptability,WAT,Medium,WAT,ATTACHMENT,,,,,,,,,,,,,Forge_Master_Content.csv,,,,,5,20,,,,,
WAT0262,Cooperation,WAT,Medium,WAT,AMICABLE,,,,,,,,,,,,,Forge_Master_Content.csv,,,,,5,20,,,,,
WAT0263,Sense of Responsibility,WAT,Medium,WAT,DONOR,,,,,,,,,,,,,Forge_Master_Content.csv,,,,,5,20,,,,,
WAT0264,Liveliness,WAT,Medium,WAT,SATISFACTION,,,,,,,,,,,,,Forge_Master_Content.csv,,,,,5,20,,,,,
WAT0265,Initiative,WAT,Medium,WAT,ADOPT,,,,,,,,,,,,,Forge_Master_Content.csv,,,,,5,20,,,,,
WAT0266,Cooperation,WAT,Medium,WAT,ACCOMPANY,,,,,,,,,,,,,Forge_Master_Content.csv,,,,,5,20,,,,,
WAT0267,Self-Confidence,WAT,Medium,WAT,FAITH,,,,,,,,,,,,,Forge_Master_Content.csv,,,,,5,20,,,,,
WAT0268,Social Adaptability,WAT,Hard,WAT,ARROGANT,,,,,,,,,,,,,Forge_Master_Content.csv,,,,,5,20,,,,,
WAT0269,Cooperation,WAT,Easy,WAT,FELLOW,,,,,,,,,,,,,Forge_Master_Content.csv,,,,,5,20,,,,,
WAT0270,Liveliness,WAT,Easy,WAT,HAPPY,,,,,,,,,,,,,Forge_Master_Content.csv,,,,,5,20,,,,,
WAT0271,Ability to Influence the Group,WAT,Medium,WAT,LEADER,,,,,,,,,,,,,Forge_Master_Content.csv,,,,,5,20,,,,,
WAT0272,Liveliness,WAT,Easy,WAT,LIVELY,,,,,,,,,,,,,Forge_Master_Content.csv,,,,,5,20,,,,,
WAT0273,Ability to Influence the Group,WAT,Medium,WAT,PERSUADE,,,,,,,,,,,,,Forge_Master_Content.csv,,,,,5,20,,,,,
WAT0274,Liveliness,WAT,Easy,WAT,SMILE,,,,,,,,,,,,,Forge_Master_Content.csv,,,,,5,20,,,,,
WAT0275,Sense of Responsibility,WAT,Hard,WAT,SUSPEND,,,,,,,,,,,,,Forge_Master_Content.csv,,,,,5,20,,,,,
WAT0276,Courage,WAT,Medium,WAT,CHALLENGE,,,,,,,,,,,,,Forge_Master_Content.csv,,,,,5,20,,,,,
WAT0277,Speed of Decision,WAT,Medium,WAT,DECISION,,,,,,,,,,,,,Forge_Master_Content.csv,,,,,5,20,,,,,
WAT0278,Ability to Influence the Group,WAT,Medium,WAT,IMPRESS,,,,,,,,,,,,,Forge_Master_Content.csv,,,,,5,20,,,,,
WAT0279,Initiative,WAT,Medium,WAT,INITIATIVE,,,,,,,,,,,,,Forge_Master_Content.csv,,,,,5,20,,,,,
WAT0280,Sense of Responsibility,WAT,Hard,WAT,CONFESS,,,,,,,,,,,,,Forge_Master_Content.csv,,,,,5,20,,,,,
WAT0281,Liveliness,WAT,Easy,WAT,CHEERFUL,,,,,,,,,,,,,Forge_Master_Content.csv,,,,,5,20,,,,,
WAT0282,Courage,WAT,Hard,WAT,DANGER,,,,,,,,,,,,,Forge_Master_Content.csv,,,,,5,20,,,,,
WAT0283,Determination,WAT,Medium,WAT,DETERMINE,,,,,,,,,,,,,Forge_Master_Content.csv,,,,,5,20,,,,,
WAT0284,Stamina,WAT,Medium,WAT,PHYSICAL,,,,,,,,,,,,,Forge_Master_Content.csv,,,,,5,20,,,,,
WAT0285,Effective Intelligence,WAT,Medium,WAT,ARTILLERY,,,,,,,,,,,,,Forge_Master_Content.csv,,,,,5,20,,,,,
WAT0286,Practical Work Sense,WAT,Medium,WAT,AXE,,,,,,,,,,,,,Forge_Master_Content.csv,,,,,5,20,,,,,
WAT0287,Courage,WAT,Medium,WAT,BRAVE,,,,,,,,,,,,,Forge_Master_Content.csv,,,,,5,20,,,,,
WAT0288,Sense of Responsibility,WAT,Hard,WAT,KILL,,,,,,,,,,,,,Forge_Master_Content.csv,,,,,5,20,,,,,
WAT0289,Courage,WAT,Medium,WAT,BOLD,,,,,,,,,,,,,Forge_Master_Content.csv,,,,,5,20,,,,,
WAT0290,Initiative,WAT,Easy,WAT,JUMP,,,,,,,,,,,,,Forge_Master_Content.csv,,,,,5,20,,,,,
WAT0291,Courage,WAT,Hard,WAT,BATTLE,,,,,,,,,,,,,Forge_Master_Content.csv,,,,,5,20,,,,,
WAT0292,Effective Intelligence,WAT,Medium,WAT,INFANTRY,,,,,,,,,,,,,Forge_Master_Content.csv,,,,,5,20,,,,,
WAT0293,Courage,WAT,Hard,WAT,BOMBER,,,,,,,,,,,,,Forge_Master_Content.csv,,,,,5,20,,,,,
WAT0294,Determination,WAT,Medium,WAT,OBSTACLE,,,,,,,,,,,,,Forge_Master_Content.csv,,,,,5,20,,,,,
WAT0295,Sense of Responsibility,WAT,Medium,WAT,DEFENCE,,,,,,,,,,,,,Forge_Master_Content.csv,,,,,5,20,,,,,
WAT0296,Sense of Responsibility,WAT,Medium,WAT,RESPONSIBILITY,,,,,,,,,,,,,Forge_Master_Content.csv,,,,,5,20,,,,,
WAT0297,Effective Intelligence,WAT,Medium,WAT,RESOURCEFUL,,,,,,,,,,,,,Forge_Master_Content.csv,,,,,5,20,,,,,
WAT0298,Stamina,WAT,Medium,WAT,STAMINA,,,,,,,,,,,,,Forge_Master_Content.csv,,,,,5,20,,,,,
WAT0299,Social Adaptability,WAT,Medium,WAT,DEMOCRACY,,,,,,,,,,,,,Forge_Master_Content.csv,,,,,5,20,,,,,
WAT0300,Social Adaptability,WAT,Hard,WAT,SECULARISM,,,,,,,,,,,,,Forge_Master_Content.csv,,,,,5,20,,,,,
SRT0005,Ethics,SRT,Medium,SRT,"Your friend needs urgent money from you for his father's operation and you found a purse full of money along with the ID of owner, you will:",,,,,,,,,,,,,Forge_Master_Content.csv,,,,,20,,,,,,
SRT0006,Leadership,SRT,Medium,SRT,"Your captain falls ill and the team is left with no leader, you will:",,,,,,,,,,,,,Forge_Master_Content.csv,,,,,20,,,,,,
SRT0007,Family,SRT,High,SRT,"You want to marry a girl/boy but your parents are not ready, you will:",,,,,,,,,,,,,Forge_Master_Content.csv,,,,,20,,,,,,
SRT0008,Emergency,SRT,Low,SRT,"You fall ill before your exams, you will:",,,,,,,,,,,,,Forge_Master_Content.csv,,,,,20,,,,,,
SRT0009,Decision Making,SRT,High,SRT,"You have to attend the marriage of a friend's sister in another city, just one day before when you have to leave your other good friend arrives and tells he/she has to stay at your home and has some work in your city. You will:",,,,,,,,,,,,,Forge_Master_Content.csv,,,,,20,,,,,,
SRT0010,Emergency,SRT,High,SRT,In a moving train you see a thief snatch away a women's purse and jump out of the train. You will:,,,,,,,,,,,,,Forge_Master_Content.csv,,,,,20,,,,,,
SRT0011,Leadership,SRT,Medium,SRT,While going on trekking in midway you come to know that the person responsible for bringing the food packets has forgot to bring. You being the leader of the group will:,,,,,,,,,,,,,Forge_Master_Content.csv,,,,,20,,,,,,
SRT0012,Social Responsibility,SRT,High,SRT,While going for exam you see an injured person lying on the road. You will:,,,,,,,,,,,,,Forge_Master_Content.csv,,,,,20,,,,,,
SRT0013,Decision Making,SRT,Medium,SRT,You are very successful and have many jealous people who you suspect are planning against you. You will:,,,,,,,,,,,,,Forge_Master_Content.csv,,,,,20,,,,,,
SRT0014,Emergency,SRT,High,SRT,"He and his friend are standing on a bridge over a river. His friend who does not know swimming, suddenly falls down.",,,,,,,,,,,,,Forge_Master_Content.csv,,,,,20,,,,,,
SRT0015,Decision Making,SRT,Medium,SRT,He and his brother have gone to a forest; they lose their way and it is becoming dark.,,,,,,,,,,,,,Forge_Master_Content.csv,,,,,20,,,,,,
SRT0016,Social Responsibility,SRT,High,SRT,"While going to attend an important meeting, he saw a ghastly accident between an auto rickshaw and a tonga.",,,,,,,,,,,,,Forge_Master_Content.csv,,,,,20,,,,,,
SRT0017,Ethics,SRT,High,SRT,"His father has fixed his marriage with a rich girl, but he is in love with his classmate. He has never disobeyed his father. His girlfriend on the other hand, says that if he does not marry her, she will commit suicide.",,,,,,,,,,,,,Forge_Master_Content.csv,,,,,20,,,,,,
SRT0018,Time Pressure,SRT,Medium,SRT,His exams are starting next week and he is not fully prepared. His father's fast friend suddenly comes to the house and there is no one else to look after him.,,,,,,,,,,,,,Forge_Master_Content.csv,,,,,20,,,,,,
SRT0019,Emergency,SRT,High,SRT,"His parents have gone to their relatives, leaving him behind with his younger brother. After midnight, his younger brother develops very high fever and there is no medicine in the house. It is raining very heavily.",,,,,,,,,,,,,Forge_Master_Content.csv,,,,,20,,,,,,
SRT0020,Social Responsibility,SRT,High,SRT,"He was studying late in the night and at around 2 am, he sees a man's shadow entering his neighbour's house through the ventilator. His exam is starting the next day.",,,,,,,,,,,,,Forge_Master_Content.csv,,,,,20,,,,,,
SRT0021,Social Responsibility,SRT,Medium,SRT,Two groups are quarrelling over a religious problem. And he belongs to the minority group.,,,,,,,,,,,,,Forge_Master_Content.csv,,,,,20,,,,,,
SRT0022,Disaster Management,SRT,High,SRT,A fire broke out in the village due to a short circuit at night. He is the only electrician in the village.,,,,,,,,,,,,,Forge_Master_Content.csv,,,,,20,,,,,,
SRT0023,Decision Making,SRT,Medium,SRT,"While studying, he is taking tuitions side by side. But his parents and friends are advising him to leave the tuitions as he is not getting sufficient time to study for examinations. His financial condition is quite weak.",,,,,,,,,,,,,Forge_Master_Content.csv,,,,,20,,,,,,
SRT0024,Emergency,SRT,High,SRT,"While going on a boat in the river Ganga, he falls down in the fast currents. He does not know how to swim.",,,,,,,,,,,,,Forge_Master_Content.csv,,,,,20,,,,,,
SRT0025,Emergency,SRT,High,SRT,"He is in the bathroom and has latched the door and is about to take a bath. Suddenly, a black cobra comes through the drain and lies in front of him.",,,,,,,,,,,,,Forge_Master_Content.csv,,,,,20,,,,,,
SRT0026,Team Conflict,SRT,Medium,SRT,He finds that his girlfriend is moving with his rival.,,,,,,,,,,,,,Forge_Master_Content.csv,,,,,20,,,,,,
SRT0027,Decision Making,SRT,High,SRT,"While going for his exam, he finds a person who has just fallen down from a moving bus.",,,,,,,,,,,,,Forge_Master_Content.csv,,,,,20,,,,,,
SRT0028,Family,SRT,Medium,SRT,He returns late at night from NCC camp and his stepmother does not open the door of the house.,,,,,,,,,,,,,Forge_Master_Content.csv,,,,,20,,,,,,
SRT0029,Disaster Management,SRT,High,SRT,There is a flood in his village and many houses have fallen down. His house is about to collapse and it is late at night.,,,,,,,,,,,,,Forge_Master_Content.csv,,,,,20,,,,,,
SRT0030,Emergency,SRT,High,SRT,"Some persons are climbing a mountain, but one of them loses his grip on the rope and falls down.",,,,,,,,,,,,,Forge_Master_Content.csv,,,,,20,,,,,,
SRT0031,Disaster Management,SRT,High,SRT,"He has gone to the coastal area with a group of friends for sightseeing. Suddenly, a storm starts approaching. The tide is rising.",,,,,,,,,,,,,Forge_Master_Content.csv,,,,,20,,,,,,
SRT0032,Ethics,SRT,Medium,SRT,He is working in an organisation and one of his close friends in the same office is being harassed by his boss.,,,,,,,,,,,,,Forge_Master_Content.csv,,,,,20,,,,,,
SRT0033,Decision Making,SRT,Medium,SRT,His final degree exams are starting tomorrow and he also has a job call tomorrow. He is in great need of a job.,,,,,,,,,,,,,Forge_Master_Content.csv,,,,,20,,,,,,
SRT0034,Disaster Management,SRT,Medium,SRT,"He has arranged a party on his lawn and suddenly, it starts raining very heavily. He has a large number of guests, who have already arrived.",,,,,,,,,,,,,Forge_Master_Content.csv,,,,,20,,,,,,
SRT0035,Decision Making,SRT,Medium,SRT,He has arranged a party to please his boss on his promotion. The party is half way when someone close to him conveys some bad news.,,,,,,,,,,,,,Forge_Master_Content.csv,,,,,20,,,,,,
SRT0036,Family,SRT,Medium,SRT,"At a party hosted by him on his promotion, his boss gets annoyed due to the sarcastic remarks of his elder brother and he leaves the party without having a meal.",,,,,,,,,,,,,Forge_Master_Content.csv,,,,,20,,,,,,
SRT0037,Social Responsibility,SRT,Medium,SRT,"While going to college, he finds that a cyclist has been knocked down by a fast-moving car, but he could not note down the number of the car.",,,,,,,,,,,,,Forge_Master_Content.csv,,,,,20,,,,,,
SRT0038,Ethics,SRT,High,SRT,"At his friend's marriage, his friend and his father got annoyed due to non-receipt of dowry. They both went away even after a lot of requests were made by all...",,,,,,,,,,,,,Forge_Master_Content.csv,,,,,20,,,,,,
SRT0039,Emergency,SRT,High,SRT,"He was taking his father for treatment in a wheelchair. While coming out of the house, he slipped on a banana peel and fractured his hip joint. It is raining heavily and no conveyance is available nearby.",,,,,,,,,,,,,Forge_Master_Content.csv,,,,,20,,,,,,
SRT0040,Social Responsibility,SRT,Medium,SRT,"In the cinema hall, he is sitting in the last row and watching the movie. Some bad elements are teasing a girl in the front row.",,,,,,,,,,,,,Forge_Master_Content.csv,,,,,20,,,,,,
SRT0041,Emergency,SRT,High,SRT,He is travelling in a taxi to catch a train. The taxi moving ahead of him throws out a person and drives away.,,,,,,,,,,,,,Forge_Master_Content.csv,,,,,20,,,,,,
SRT0042,Time Pressure,SRT,Medium,SRT,He has to go with his friend to play a hockey match in the city. His friend does not turn up and both tyres of his scooter are flat.,,,,,,,,,,,,,Forge_Master_Content.csv,,,,,20,,,,,,
SRT0043,Ethics,SRT,High,SRT,"He finds ten people quarrelling over a purse fallen from a bus. The police have reached the spot. On seeing the police, the others run away and he is found with the purse by the police. They take him to the police station.",,,,,,,,,,,,,Forge_Master_Content.csv,,,,,20,,,,,,
SRT0044,Time Pressure,SRT,High,SRT,"While going to attend the SSB, he loses all his belongings including his ticket and SSB papers in the train, when he went to the toilet. The destination is just 5 km away.",,,,,,,,,,,,,Forge_Master_Content.csv,,,,,20,,,,,,
SRT0045,Emergency,SRT,High,SRT,"While returning from a late show, he finds that two boys armed with a knife are molesting a girl and she is crying. The road is quite lonely.",,,,,,,,,,,,,Forge_Master_Content.csv,,,,,20,,,,,,
SRT0046,Ethics,SRT,Medium,SRT,"He has to deposit his exam fee after two days, but his friend demanded money today, as he needed it urgently. He is very poor.",,,,,,,,,,,,,Forge_Master_Content.csv,,,,,20,,,,,,
SRT0047,Emergency,SRT,Medium,SRT,"While climbing a mountain, he finds that one of his teammates has sprained his ankle and cannot move.",,,,,,,,,,,,,Forge_Master_Content.csv,,,,,20,,,,,,
SRT0048,Decision Making,SRT,Medium,SRT,"While going on a picnic on a cycle, his cycle gets punctured in a jungle and no help is readily available. All other cycles are already overloaded.",,,,,,,,,,,,,Forge_Master_Content.csv,,,,,20,,,,,,
SRT0049,Social Responsibility,SRT,Medium,SRT,"His friend is extremely poor, but good in studies. He can't pay his fees. His own financial condition is also not very sound, but he wants to help his friend.",,,,,,,,,,,,,Forge_Master_Content.csv,,,,,20,,,,,,
SRT0050,Family,SRT,High,SRT,"His marriage has been fixed, but just a week prior to the marriage, the girl meets with an accident and loses one eye.",,,,,,,,,,,,,Forge_Master_Content.csv,,,,,20,,,,,,
SRT0051,Time Pressure,SRT,High,SRT,"He is to catch a train, but the coolie has disappeared with the baggage. The train is about to leave.",,,,,,,,,,,,,Forge_Master_Content.csv,,,,,20,,,,,,
SRT0052,Decision Making,SRT,Medium,SRT,"He lends some money to his friend. Now, he needs this money badly, but the friend is not in a position to pay.",,,,,,,,,,,,,Forge_Master_Content.csv,,,,,20,,,,,,
SRT0053,Leadership,SRT,Medium,SRT,"He is the leader of the hiking party, but due to some reasons, two persons of the party want to return halfway through the hike.",,,,,,,,,,,,,Forge_Master_Content.csv,,,,,20,,,,,,
SRT0054,Family,SRT,High,SRT,"His mother is seriously ill, but his boss has refused to give him leave.",,,,,,,,,,,,,Forge_Master_Content.csv,,,,,20,,,,,,
SRT0055,Family,SRT,Low,SRT,"His parents have asked him to return early in the evening, but his friends want to celebrate a late evening party.",,,,,,,,,,,,,Forge_Master_Content.csv,,,,,20,,,,,,
SRT0056,Military Context,SRT,Medium,SRT,"His brother is leaving for USA after one week, but he has to report for duty in an army unit deployed on the border area.",,,,,,,,,,,,,Forge_Master_Content.csv,,,,,20,,,,,,
SRT0057,Emergency,SRT,High,SRT,The river is in spate and the bridge over the river has been washed away. It is getting dark. He has to reach home with medicine for his aged mother who has a heart problem.,,,,,,,,,,,,,Forge_Master_Content.csv,,,,,20,,,,,,
SRT0058,Leadership,SRT,High,SRT,"He is the manager of a factory, facing serious labour problems. His sister's marriage is after one week and he cannot leave the station.",,,,,,,,,,,,,Forge_Master_Content.csv,,,,,20,,,,,,
SRT0059,Leadership,SRT,Medium,SRT,"Two officers, under whom he is working, are not on good terms and hence, he is getting contradictory instructions.",,,,,,,,,,,,,Forge_Master_Content.csv,,,,,20,,,,,,
SRT0060,Ethics,SRT,High,SRT,"He is returning from a movie. On the way, he is stopped by the police and during the search of his scooter, two packets of charas are found.",,,,,,,,,,,,,Forge_Master_Content.csv,,,,,20,,,,,,
SRT0061,Emergency,SRT,High,SRT,"At midnight, two young persons enter his house and hold him at gunpoint. They need shelter for the night. Their clothes are blood-stained and they appear to have been involved in a murder.",,,,,,,,,,,,,Forge_Master_Content.csv,,,,,20,,,,,,
SRT0062,Decision Making,SRT,Medium,SRT,He went to Shimla on a pleasure trip. There he finds that all his items have been stolen.,,,,,,,,,,,,,Forge_Master_Content.csv,,,,,20,,,,,,
SRT0063,Emergency,SRT,High,SRT,The dacoits have sent a warning to the village headman to hand over 2 lakh or face consequences. The villagers cannot arrange even half of it. He happens to be the village headman's son.,,,,,,,,,,,,,Forge_Master_Content.csv,,,,,20,,,,,,
SRT0064,Emergency,SRT,High,SRT,"While travelling in a bus at night, miscreants stop the bus. They start looting it and two persons start molesting two young girls. The miscreants are fully armed.",,,,,,,,,,,,,Forge_Master_Content.csv,,,,,20,,,,,,
SRT0065,Leadership,SRT,Medium,SRT,"He is contesting the college elections. But all the girls are with his opponent, who is utilising them to snatch his votes.",,,,,,,,,,,,,Forge_Master_Content.csv,,,,,20,,,,,,
SRT0066,Emergency,SRT,High,SRT,"At midnight, he hears a female voice close to his house. Apparently, she is in a terrified state.",,,,,,,,,,,,,Forge_Master_Content.csv,,,,,20,,,,,,
SRT0067,Leadership,SRT,Medium,SRT,The college students are about to call a strike and they want him to join them.,,,,,,,,,,,,,Forge_Master_Content.csv,,,,,20,,,,,,
SRT0068,Team Conflict,SRT,Medium,SRT,His best friend confronts him in front of everyone and accuses him of instigating his girlfriend against him.,,,,,,,,,,,,,Forge_Master_Content.csv,,,,,20,,,,,,
SRT0069,Decision Making,SRT,Medium,SRT,He has gone on a cycling expedition with six persons but two cycles have got punctured on a deserted/isolated patch.,,,,,,,,,,,,,Forge_Master_Content.csv,,,,,20,,,,,,
SRT0070,Decision Making,SRT,Medium,SRT,"His call for the SSB has come for the 10th of this month but on the same day, he has an interview with an MNC. His best friend is also getting married the same day.",,,,,,,,,,,,,Forge_Master_Content.csv,,,,,20,,,,,,
SRT0071,Social Responsibility,SRT,Low,SRT,"In the SSB, he finds that no one is talking to him. Today is the first day.",,,,,,,,,,,,,Forge_Master_Content.csv,,,,,20,,,,,,
SRT0072,Emergency,SRT,High,SRT,He has been kidnapped and taken to a jungle. The kidnappers have asked him to sign a note for his father to send 10 lakh as ransom.,,,,,,,,,,,,,Forge_Master_Content.csv,,,,,20,,,,,,
SRT0073,Team Conflict,SRT,Low,SRT,Two of his best friends are quarrelling with each other.,,,,,,,,,,,,,Forge_Master_Content.csv,,,,,20,,,,,,
SRT0074,Emergency,SRT,High,SRT,"In the train, two dacoits are looting everybody. They demanded his belongings also.",,,,,,,,,,,,,Forge_Master_Content.csv,,,,,20,,,,,,
SRT0075,Military Context,SRT,Medium,SRT,"In NCC camp on guard duty, he finds two strangers approaching the camp at night.",,,,,,,,,,,,,Forge_Master_Content.csv,,,,,20,,,,,,
SRT0076,Leadership,SRT,Medium,SRT,"He, as in-charge of the picnic, has gone halfway with the picnic party and finds that food packets and the music system have been left behind.",,,,,,,,,,,,,Forge_Master_Content.csv,,,,,20,,,,,,
SRT0077,Decision Making,SRT,Medium,SRT,He is staying in a rented accommodation with six other students. The landlady is quite rude to him only and has issued an ultimatum to him to vacate her accommodation.,,,,,,,,,,,,,Forge_Master_Content.csv,,,,,20,,,,,,
SRT0078,Emergency,SRT,High,SRT,"In the circus show, two lions go out of control and jump on the crowd.",,,,,,,,,,,,,Forge_Master_Content.csv,,,,,20,,,,,,
SRT0079,Ethics,SRT,Medium,SRT,"At an exhibition, a fake company is attracting crowds by false propaganda. He knows the reality.",,,,,,,,,,,,,Forge_Master_Content.csv,,,,,20,,,,,,
SRT0080,Family,SRT,Medium,SRT,His father has decided to change his will in the name of his younger brother.,,,,,,,,,,,,,Forge_Master_Content.csv,,,,,20,,,,,,
SRT0081,Ethics,SRT,Low,SRT,"He and his girlfriend want to see a new movie, but the show is housefull. Tickets are available in black. His girlfriend insists on seeing the movie.",,,,,,,,,,,,,Forge_Master_Content.csv,,,,,20,,,,,,
SRT0082,Time Pressure,SRT,Medium,SRT,There is a dispute between two of his friends and they want him as the mediator. He has to go out for some urgent work of his father.,,,,,,,,,,,,,Forge_Master_Content.csv,,,,,20,,,,,,
SRT0083,Emergency,SRT,High,SRT,His neighbour's son has fallen into the river flowing nearby. He is not on talking terms with him. No adults are available to save the child.,,,,,,,,,,,,,Forge_Master_Content.csv,,,,,20,,,,,,
SRT0084,Time Pressure,SRT,High,SRT,"His mother has to go to a famous temple located in a lonely area, and he has to go for an exam. There is no one in the house and no other conveyance is available on the lonely road.",,,,,,,,,,,,,Forge_Master_Content.csv,,,,,20,,,,,,
SRT0085,Decision Making,SRT,Medium,SRT,He has to go to attend the SSB after two days at Bengaluru from Delhi but there is a railway strike.,,,,,,,,,,,,,Forge_Master_Content.csv,,,,,20,,,,,,
SRT0086,Emergency,SRT,Medium,SRT,"He has gone for a picnic with boys and girls in two buses. After the picnic was over at 3 pm, he found that all four tyres of one of the buses were punctured and the other bus driver was missing.",,,,,,,,,,,,,Forge_Master_Content.csv,,,,,20,,,,,,
SRT0087,Ethics,SRT,Medium,SRT,"At the railway station, he finds a beggar shivering with cold. He is going to meet his relative and is wearing only pants and a pullover.",,,,,,,,,,,,,Forge_Master_Content.csv,,,,,20,,,,,,
SRT0088,Leadership,SRT,Medium,SRT,"He wants to organise a cricket match at his college, but his opponent has approached the authorities for a hockey match.",,,,,,,,,,,,,Forge_Master_Content.csv,,,,,20,,,,,,
SRT0089,Emergency,SRT,High,SRT,"At the college gate, he finds an unclaimed bag. The bag contains explosives, but before he can take any action, people see him with the bag. They are suspecting him and hence want to take him to the police station.",,,,,,,,,,,,,Forge_Master_Content.csv,,,,,20,,,,,,
SRT0090,Emergency,SRT,High,SRT,He is driving down with his family members from a hill station and the brakes of the vehicle fail.,,,,,,,,,,,,,Forge_Master_Content.csv,,,,,20,,,,,,
SRT0091,Emergency,SRT,High,SRT,"His sister has gone to meet her friend in Nagaland. The friend came to receive her at the bus stop. The friend picked up his sister's suitcase and went ahead. His sister was enjoying the beauty of the place. In the meanwhile, she saw 50 Nagas approach her. They were barely 20 yards away.",,,,,,,,,,,,,Forge_Master_Content.csv,,,,,20,,,,,,
SRT0092,Leadership,SRT,Medium,SRT,"While delivering a lecture, he finds the audience is not showing any interest.",,,,,,,,,,,,,Forge_Master_Content.csv,,,,,20,,,,,,
SRT0093,Decision Making,SRT,Medium,SRT,"He cannot find any job due to massive unemployment. But he is still keen on finding a job and working. His father asks him to join his business, which he has refused many times earlier.",,,,,,,,,,,,,Forge_Master_Content.csv,,,,,20,,,,,,
SRT0094,Ethics,SRT,High,SRT,"In a drought-affected area, the relief is coming but not reaching the affected persons. He is a social worker.",,,,,,,,,,,,,Forge_Master_Content.csv,,,,,20,,,,,,
SRT0095,Emergency,SRT,High,SRT,"He is walking on the street and suddenly finds that his sister's chain has been snatched and his purse is stolen. Before he could decide on any course of action, one lady has been stabbed and her car has collided with an auto rickshaw. Two people are injured seriously.",,,,,,,,,,,,,Forge_Master_Content.csv,,,,,20,,,,,,
SRT0096,Emergency,SRT,High,SRT,"His team is to play a match after five minutes, but the players do not seem to be in good shape. During the interval he comes to know that most of the players were given toxic material in sweets just before the start of the match by his opponent.",,,,,,,,,,,,,Forge_Master_Content.csv,,,,,20,,,,,,
SRT0097,Emergency,SRT,High,SRT,He is going in a boat alone. He finds a person struggling and is about to drown. He is not a very good swimmer.,,,,,,,,,,,,,Forge_Master_Content.csv,,,,,20,,,,,,
SRT0098,Disaster Management,SRT,Medium,SRT,A fire breaks out in the neighbourhood. He sees enough people are already fighting the fire.,,,,,,,,,,,,,Forge_Master_Content.csv,,,,,20,,,,,,
SRT0099,Team Conflict,SRT,Low,SRT,"If, in a group, his opinion differs from that of other members, he...",,,,,,,,,,,,,Forge_Master_Content.csv,,,,,20,,,,,,
SRT0100,Ethics,SRT,Medium,SRT,"The vice chancellor is to visit his college to preside over a function. He was asked to make arrangements for it. But now, the charge is being given to another person.",,,,,,,,,,,,,Forge_Master_Content.csv,,,,,20,,,,,,
SRT0101,Military Context,SRT,High,SRT,"During an army attachment camp, his batch of volunteers declared a strike because of the rude behaviour of a Junior Commissioned Officer and so he...",,,,,,,,,,,,,Forge_Master_Content.csv,,,,,20,,,,,,
SRT0102,Leadership,SRT,Medium,SRT,"He was a member of the cricket team and once, the captain did not turn up for the match.",,,,,,,,,,,,,Forge_Master_Content.csv,,,,,20,,,,,,
SRT0103,Leadership,SRT,Medium,SRT,"His captain was injured before a crucial match, he was asked to lead the match.",,,,,,,,,,,,,Forge_Master_Content.csv,,,,,20,,,,,,
SRT0104,Decision Making,SRT,Low,SRT,He was on his way to home and suddenly it started raining heavily.,,,,,,,,,,,,,Forge_Master_Content.csv,,,,,20,,,,,,
SRT0105,Family,SRT,Medium,SRT,His brother wants to get admission in a medical college but his marks falls short by 1% for admission.,,,,,,,,,,,,,Forge_Master_Content.csv,,,,,20,,,,,,
SRT0106,Emergency,SRT,High,SRT,He has to go to a city with cash for work but the way is dangerous because of dacoits.,,,,,,,,,,,,,Forge_Master_Content.csv,,,,,20,,,,,,
SRT0107,Emergency,SRT,High,SRT,He was travelling by a train & suddenly a person snatches purse from lady & jumps out of train.,,,,,,,,,,,,,Forge_Master_Content.csv,,,,,20,,,,,,
SRT0108,Decision Making,SRT,High,SRT,"He is going to sign a contract, suddenly he got news that one of his friend who had helped him once, met an accident and is in ICU.",,,,,,,,,,,,,Forge_Master_Content.csv,,,,,20,,,,,,
SRT0109,Decision Making,SRT,Medium,SRT,He had boarded a wrong train and came to know only when he was asked to pay money to TT.,,,,,,,,,,,,,Forge_Master_Content.csv,,,,,20,,,,,,
SRT0110,Team Conflict,SRT,Low,SRT,He saw his girlfriend walking with another person on his way.,,,,,,,,,,,,,Forge_Master_Content.csv,,,,,20,,,,,,
SRT0111,Ethics,SRT,Low,SRT,He was driving the bike without helmet and the traffic police caught him.,,,,,,,,,,,,,Forge_Master_Content.csv,,,,,20,,,,,,
SRT0112,Emergency,SRT,High,SRT,He was in charge of wireless board in a sailing ship which lost its communication with the coast.,,,,,,,,,,,,,Forge_Master_Content.csv,,,,,20,,,,,,
SRT0113,Team Conflict,SRT,Medium,SRT,He went for the picnic with his friends and on the way he had hot arguments with them.,,,,,,,,,,,,,Forge_Master_Content.csv,,,,,20,,,,,,
SRT0114,Ethics,SRT,Medium,SRT,"There is a person who sells smuggled goods. He too, like many others, have purchased a wristwatch from him. But it doesn't work.",,,,,,,,,,,,,Forge_Master_Content.csv,,,,,20,,,,,,
SRT0115,Decision Making,SRT,Low,SRT,He urgently needed money.,,,,,,,,,,,,,Forge_Master_Content.csv,,,,,20,,,,,,
SRT0116,Time Pressure,SRT,Low,SRT,He is getting late in reaching meeting.,,,,,,,,,,,,,Forge_Master_Content.csv,,,,,20,,,,,,
SRT0117,Team Conflict,SRT,Low,SRT,He find his hostel roommate not very friendly with him.,,,,,,,,,,,,,Forge_Master_Content.csv,,,,,20,,,,,,
SRT0118,Family,SRT,High,SRT,His mom is seriously ill and his boss doesn't grant leave.,,,,,,,,,,,,,Forge_Master_Content.csv,,,,,20,,,,,,
SRT0119,Ethics,SRT,Medium,SRT,His friend was copying from book in examination hall.,,,,,,,,,,,,,Forge_Master_Content.csv,,,,,20,,,,,,
SRT0120,Emergency,SRT,High,SRT,"During a trekking trip, he was left alone in the jungle.",,,,,,,,,,,,,Forge_Master_Content.csv,,,,,20,,,,,,
SRT0121,Decision Making,SRT,Low,SRT,"He was weak in studies, and knew that he could not do well in his education.",,,,,,,,,,,,,Forge_Master_Content.csv,,,,,20,,,,,,
SRT0122,Emergency,SRT,High,SRT,He was playing outdoor and his brother got seriously injured and it started to rain heavily.,,,,,,,,,,,,,Forge_Master_Content.csv,,,,,20,,,,,,
SRT0123,Disaster Management,SRT,Medium,SRT,He had exams the next day & the road to his school was flooded with continuous rain for last two days.,,,,,,,,,,,,,Forge_Master_Content.csv,,,,,20,,,,,,
SRT0124,Emergency,SRT,High,SRT,He was walking on a dark street with his girlfriend then suddenly 10 armed people came & started harassing his girlfriend. The next police station was 10 km away.,,,,,,,,,,,,,Forge_Master_Content.csv,,,,,20,,,,,,
SRT0125,Team Conflict,SRT,Low,SRT,His friend was always quarrelling with him and the papers were near.,,,,,,,,,,,,,Forge_Master_Content.csv,,,,,20,,,,,,
SRT0126,Time Pressure,SRT,Medium,SRT,"His boss gives a piece of work and orders him to follow his instructions to complete the work, but the work is difficult to finish within time.",,,,,,,,,,,,,Forge_Master_Content.csv,,,,,20,,,,,,
SRT0127,Emergency,SRT,High,SRT,"He saw a snake moving near to the bed while his younger brother was sleeping, when he enters his room.",,,,,,,,,,,,,Forge_Master_Content.csv,,,,,20,,,,,,
SRT0128,Military Context,SRT,High,SRT,He received an urgent order from his commander. But he feel that order passed on to him is wrong.,,,,,,,,,,,,,Forge_Master_Content.csv,,,,,20,,,,,,
SRT0129,Emergency,SRT,High,SRT,He is driving a car on highway at full speed suddenly brakes fail.,,,,,,,,,,,,,Forge_Master_Content.csv,,,,,20,,,,,,
SRT0130,Team Conflict,SRT,Low,SRT,His joke was well meant but still his friend became angry.,,,,,,,,,,,,,Forge_Master_Content.csv,,,,,20,,,,,,
SRT0131,Team Conflict,SRT,Low,SRT,In free period he wanted to study but his friends were continuously disturbing him.,,,,,,,,,,,,,Forge_Master_Content.csv,,,,,20,,,,,,
SRT0132,Team Conflict,SRT,Medium,SRT,In a fit of anger his friend hit him.,,,,,,,,,,,,,Forge_Master_Content.csv,,,,,20,,,,,,
SRT0133,Emergency,SRT,High,SRT,While hunting he and his brother lost way in dark (night) in jungle and he has no light.,,,,,,,,,,,,,Forge_Master_Content.csv,,,,,20,,,,,,
SRT0134,Leadership,SRT,Medium,SRT,He is serving under two senior officers who always give conflicting orders.,,,,,,,,,,,,,Forge_Master_Content.csv,,,,,20,,,,,,
SRT0135,Leadership,SRT,Medium,SRT,Generally people don't listen to his argument.,,,,,,,,,,,,,Forge_Master_Content.csv,,,,,20,,,,,,
SRT0136,Time Pressure,SRT,Low,SRT,He went to library for a very urgent book and found that all its copies were already issued to others.,,,,,,,,,,,,,Forge_Master_Content.csv,,,,,20,,,,,,
SRT0137,Decision Making,SRT,Low,SRT,He was not getting enough salary for his job.,,,,,,,,,,,,,Forge_Master_Content.csv,,,,,20,,,,,,
SRT0138,Emergency,SRT,High,SRT,The sea was very rough and it was night. Ship duty officer fell in sea while taking a round.,,,,,,,,,,,,,Forge_Master_Content.csv,,,,,20,,,,,,
SRT0139,Emergency,SRT,High,SRT,The tractor dashed against a fast moving truck and the driver were thrown off into ditches. He was just away from it.,,,,,,,,,,,,,Forge_Master_Content.csv,,,,,20,,,,,,
SRT0140,Ethics,SRT,Medium,SRT,As monitor of his class he had to put up the names of those who had not done their homework. His friend was also a culprit.,,,,,,,,,,,,,Forge_Master_Content.csv,,,,,20,,,,,,
SRT0141,Family,SRT,Medium,SRT,His father needed treatment and he was short of money.,,,,,,,,,,,,,Forge_Master_Content.csv,,,,,20,,,,,,
SRT0142,Family,SRT,Medium,SRT,He returns late in night from NCC camp. His step mother did not allowed him to enter the house.,,,,,,,,,,,,,Forge_Master_Content.csv,,,,,20,,,,,,
SRT0143,Emergency,SRT,High,SRT,On opening the door of his bathroom in his room he finds a big snake hanging from the ceiling.,,,,,,,,,,,,,Forge_Master_Content.csv,,,,,20,,,,,,
SRT0144,Emergency,SRT,High,SRT,All his family members are ill and his father is out of town. There is no money in the home.,,,,,,,,,,,,,Forge_Master_Content.csv,,,,,20,,,,,,
SRT0145,Family,SRT,Medium,SRT,He was forced by his father to join the Railways but he was really not of his interest.,,,,,,,,,,,,,Forge_Master_Content.csv,,,,,20,,,,,,
SRT0146,Team Conflict,SRT,Low,SRT,They decide to give a treat to their retiring professor. He wants to give a dinner party whilies his friends want just a tea-party.,,,,,,,,,,,,,Forge_Master_Content.csv,,,,,20,,,,,,
SRT0147,Leadership,SRT,Medium,SRT,The leader of his trekking team decides to take a longer route when time is running out.,,,,,,,,,,,,,Forge_Master_Content.csv,,,,,20,,,,,,
SRT0148,Emergency,SRT,High,SRT,"They are climbing a steep wall with help of ropes & some of them reach the top, when the rope gives away.",,,,,,,,,,,,,Forge_Master_Content.csv,,,,,20,,,,,,
SRT0149,Team Conflict,SRT,Low,SRT,His friends' are having heated arguments over a point.,,,,,,,,,,,,,Forge_Master_Content.csv,,,,,20,,,,,,
SRT0150,Family,SRT,High,SRT,He is in final year BA and his father lost the job and his family facing money problems.,,,,,,,,,,,,,Forge_Master_Content.csv,,,,,20,,,,,,
SRT0151,Social Responsibility,SRT,Medium,SRT,He is going to market with his sister and some boys start doing mischief with his sister.,,,,,,,,,,,,,Forge_Master_Content.csv,,,,,20,,,,,,
SRT0152,Emergency,SRT,High,SRT,He are walking down the road one fine afternoon and a man steals a lady's hand bag and in the process stabs the lady.,,,,,,,,,,,,,Forge_Master_Content.csv,,,,,20,,,,,,
PI0001,Personal Background & Family,,Easy,Personal Interview,What values have you learned from your parents that you think are important for an officer?,,,,,"Mention specific values like discipline, honesty, or responsibility, and connect them concretely to how they would help in a military role.",Linking family values to officer qualities shows self-awareness and genuine reflection rather than a rehearsed answer.,,,,"family,values,olq",,,,PI0001,,,,,,,,,,
PI0002,Personal Background & Family,,Easy,Personal Interview,Does anyone in your family have a background in the armed forces?,,,,,"Answer honestly, whether yes or no, and if relevant, briefly mention how that connection has influenced your interest in joining.",Honesty here matters more than having a defence background; many successful officers are first-generation entrants.,,,,"family,background,honesty",,,,PI0002,,,,,,,,,,
PI0003,Personal Background & Family,,Medium,Personal Interview,How do your parents feel about you joining the armed forces?,,,,,"Describe their genuine reaction, whether full support, initial concern, or a mix, and how you have addressed any concerns through honest conversation.","Assessors want to see that you've had a mature, honest conversation with your family rather than hiding your decision.",,,,"family,communication,maturity",,,,PI0003,,,,,,,,,,
PI0004,Personal Background & Family,,Easy,Personal Interview,"If your parents were against your decision to join the forces, how would you convince them?",,,,,"Explain that you would listen to their concerns respectfully, address them with facts and reassurance, and demonstrate your commitment through consistent preparation and conviction.",This tests persuasion skills and emotional maturity in handling family disagreement without being dismissive of their concerns.,,,,"family,communication,persuasion",,,,PI0004,,,,,,,,,,
PI0005,Personal Background & Family,,Easy,Personal Interview,Your family depends on you financially. How would you balance that responsibility with a military career?,,,,,"Explain a realistic plan involving initial pay structure, allowances, and how you would support your family responsibly while committed to service.",This tests practical planning and shows the candidate has genuinely thought through the implications of their career choice.,,,,"family,responsibility,planning",,,,PI0005,,,,,,,,,,
PI0006,Personal Background & Family,,Medium,Personal Interview,What does your father do for a living?,,,,,"Answer honestly and briefly, focusing on facts rather than embellishment.",Simple factual questions test honesty and comfort discussing personal details naturally.,,,,"family,background,honesty",,,,PI0006,,,,,,,,,,
PI0007,Personal Background & Family,,Hard,Personal Interview,"How many siblings do you have, and what is your relationship like with them?",,,,,"Describe your siblings honestly and mention specific examples of your relationship, such as shared responsibilities or mutual support.","Assessors look for genuine, warm descriptions rather than generic statements, indicating real family bonds.",,,,"family,relationships,honesty",,,,PI0007,,,,,,,,,,
PI0008,Personal Background & Family,,Easy,Personal Interview,Describe a value or lesson your grandparents taught you that you still follow.,,,,,"Share a specific, genuine memory or lesson, and explain briefly how it continues to influence your behaviour today.",Specific personal anecdotes are more convincing than generic statements and reveal genuine character.,,,,"family,values,reflection",,,,PI0008,,,,,,,,,,
PI0009,Personal Background & Family,,Medium,Personal Interview,"Where were you born, and where did you grow up?",,,,,"Answer factually and briefly, adding a small personal detail if relevant.",This is a simple rapport-building question testing comfort and ease in conversation.,,,,"background,communication,rapport",,,,PI0009,,,,,,,,,,
PI0010,Personal Background & Family,,Medium,Personal Interview,How has moving to a new place (if applicable) affected your personality?,,,,,"Reflect honestly on the experience, mentioning specific adaptations you made, such as building new friendships or adjusting to different environments.",This assesses adaptability and self-awareness about personal growth through life experiences.,,,,"adaptability,self-awareness,background",,,,PI0010,,,,,,,,,,
PI0011,Personal Background & Family,,Easy,Personal Interview,What role does your mother play in your life and decisions?,,,,,"Describe her influence honestly and specifically, avoiding generic praise, focusing on concrete examples of guidance or support.","Genuine, specific answers about family influence are valued over generic, rehearsed statements.",,,,"family,relationships,honesty",,,,PI0011,,,,,,,,,,
PI0012,Personal Background & Family,,Medium,Personal Interview,"If you had to choose between caring for an ailing family member and reporting for an urgent military duty, what would you do and why?",,,,,"Acknowledge the difficulty of the situation, explain that military duty carries a non-negotiable commitment during genuine emergencies, while also describing how you would arrange support for your family in advance.","This tests understanding of the sacrifices inherent in military service, balanced with realistic planning for family responsibilities.",,,,"family,responsibility,duty",,,,PI0012,,,,,,,,,,
PI0013,Personal Background & Family,,Easy,Personal Interview,"What is one disagreement you've had with a family member, and how was it resolved?",,,,,"Describe a genuine, appropriately scaled disagreement and explain how it was resolved through communication and compromise, without blaming the other party unfairly.",This tests conflict resolution skills and honesty about imperfect but manageable family dynamics.,,,,"family,conflict-resolution,honesty",,,,PI0013,,,,,,,,,,
PI0014,Personal Background & Family,,Hard,Personal Interview,What language do you speak at home?,,,,,"Answer factually and briefly, mentioning any other languages you know if relevant.",A simple factual question that also opens discussion about linguistic diversity and communication skills.,,,,"background,communication,honesty",,,,PI0014,,,,,,,,,,
PI0015,Personal Background & Family,,Medium,Personal Interview,How do you think your upbringing has prepared you for the discipline required in the armed forces?,,,,,"Give specific examples of discipline instilled at home, such as routines, respect for elders, or responsibility for chores, and connect them to military discipline.",Connecting concrete upbringing experiences to future military discipline shows genuine self-reflection.,,,,"family,discipline,olq",,,,PI0015,,,,,,,,,,
PI0016,Personal Background & Family,,Easy,Personal Interview,Describe a family tradition that is important to you.,,,,,"Share a specific, genuine tradition and briefly explain why it holds meaning for you personally.","Specific, genuine answers about traditions reveal authentic character rather than rehearsed responses.",,,,"family,tradition,honesty",,,,PI0016,,,,,,,,,,
PI0017,Personal Background & Family,,Medium,Personal Interview,How would you handle a situation where your spouse or future family disagrees with a posting to a remote or dangerous location?,,,,,"Explain that you would communicate honestly about the nature of military service before marriage or commitment, and would work to build mutual understanding and support systems for such situations.",This tests long-term thinking about the realistic demands of a military career on family life.,,,,"family,duty,long-term-planning",,,,PI0017,,,,,,,,,,
PI0018,Personal Background & Family,,Easy,Personal Interview,What is your father's or mother's opinion of the armed forces as a career?,,,,,"Answer honestly, whether positive, neutral, or initially hesitant, and briefly explain the current family stance.","Honest answers about family perceptions, even if mixed, are valued over exaggerated claims of universal support.",,,,"family,honesty,background",,,,PI0018,,,,,,,,,,
PI0019,Personal Background & Family,,Hard,Personal Interview,Have you ever had to take on adult responsibilities at a young age? Describe the situation.,,,,,"Share a genuine example, such as caring for a sibling or managing household matters during a family member's absence, and explain what you learned.","This assesses maturity and real-world responsibility-taking, both valuable indicators of officer potential.",,,,"responsibility,maturity,family",,,,PI0019,,,,,,,,,,
PI0020,Personal Background & Family,,Easy,Personal Interview,"What does 'family' mean to you in the context of military life, where your unit becomes like a second family?",,,,,"Explain your understanding that camaraderie and mutual reliance within a military unit mirror family bonds, built through shared hardship and trust.","This tests understanding of esprit de corps, a key concept in military culture.",,,,"family,camaraderie,olq",,,,PI0020,,,,,,,,,,
PI0021,Personal Background & Family,,Medium,Personal Interview,"Do you have any family members serving in other government services, such as police or civil administration?",,,,,"Answer honestly, and if applicable, briefly mention how it has shaped your perspective on public service.",This explores broader family influence on the candidate's inclination toward service-oriented careers.,,,,"family,background,public-service",,,,PI0021,,,,,,,,,,
PI0022,Personal Background & Family,,Medium,Personal Interview,How do you plan to stay connected with your family while serving in a demanding military role?,,,,,"Mention practical approaches like regular communication, using leave periods effectively, and involving family in understanding your career.",This tests realistic planning for maintaining family bonds despite the demanding nature of service.,,,,"family,planning,communication",,,,PI0022,,,,,,,,,,
PI0023,Personal Background & Family,,Easy,Personal Interview,What sacrifices has your family already made to support your preparation for this career?,,,,,"Share genuine examples, such as financial support for coaching or emotional encouragement during setbacks, and express authentic gratitude.","Genuine acknowledgment of family sacrifice reflects humility and awareness, both valued officer traits.",,,,"family,gratitude,honesty",,,,PI0023,,,,,,,,,,
PI0024,Personal Background & Family,,Medium,Personal Interview,"If selected, you may be posted far from your family for extended periods. How would you prepare your family for this reality now?",,,,,"Describe proactive steps like having honest conversations now, involving them in understanding the nature of service, and building a support system for their independence.",This tests foresight and communication skills in managing long-term family expectations.,,,,"family,communication,planning",,,,PI0024,,,,,,,,,,
PI0025,Personal Background & Family,,Medium,Personal Interview,"Who has been the biggest influence in your life, and why?",,,,,"Name a specific person, whether family or otherwise, and explain concretely how they shaped your character or decisions.","Specific, well-reasoned answers about influences reveal genuine self-reflection rather than generic praise.",,,,"family,influence,reflection",,,,PI0025,,,,,,,,,,
PI0026,Personal Background & Family,,Hard,Personal Interview,What do your siblings think about your decision to join the armed forces?,,,,,"Answer honestly about their reaction, whether supportive, curious, or indifferent.","Honest, natural answers about sibling reactions build rapport and demonstrate authenticity.",,,,"family,honesty,relationships",,,,PI0026,,,,,,,,,,
PI0027,Personal Background & Family,,Easy,Personal Interview,How has your family's financial situation influenced your career choices?,,,,,"Explain honestly and practically how financial considerations, if any, played a role, without appearing solely motivated by monetary factors.",This tests honesty about practical considerations while gauging genuine motivation beyond just financial security.,,,,"family,motivation,honesty",,,,PI0027,,,,,,,,,,
PI0028,Personal Background & Family,,Easy,Personal Interview,Describe how your family celebrates important national days like Independence Day or Republic Day.,,,,,"Share genuine family practices or traditions around these days, connecting them to a sense of national pride if relevant.",This explores the candidate's early exposure to and connection with national identity and patriotism.,,,,"family,patriotism,tradition",,,,PI0028,,,,,,,,,,
PI0029,Personal Background & Family,,Medium,Personal Interview,"What is your favourite subject, and why?",,,,,"Name a genuine subject and give specific reasons tied to personal interest or skill, avoiding generic answers like 'all subjects'.","Genuine, specific answers reveal authentic interests rather than rehearsed responses.",,,,"academics,honesty,self-awareness",,,,PI0029,,,,,,,,,,
PI0030,Personal Background & Family,,Medium,Personal Interview,"Why did you choose your particular stream (Science, Commerce, or Arts) in school?",,,,,"Explain honestly the reasoning behind the choice, whether personal interest, career planning, or family guidance, showing clear thought process.",This tests decision-making ability and self-awareness about academic choices.,,,,"academics,decision-making,honesty",,,,PI0030,,,,,,,,,,
PI0031,Education & Academic Journey,,Easy,Personal Interview,"What was the most challenging subject for you, and how did you overcome the difficulty?",,,,,"Name a genuine challenging subject and describe specific steps taken to improve, such as extra practice or seeking help.",This tests resilience and problem-solving in the face of academic difficulty.,,,,"academics,resilience,problem-solving",,,,PI0031,,,,,,,,,,
PI0032,Education & Academic Journey,,Medium,Personal Interview,"What was your favourite book during school, and what did you learn from it?",,,,,Name a specific book and briefly explain a genuine takeaway or lesson learned from it.,This assesses reading habits and the ability to reflect meaningfully on content consumed.,,,,"academics,reading,reflection",,,,PI0032,,,,,,,,,,
PI0033,Education & Academic Journey,,Medium,Personal Interview,How do you manage your time between studies and other commitments like sports or hobbies?,,,,,"Describe a realistic, balanced approach involving prioritisation and a structured routine.","This tests time-management skills, essential for balancing military duties with personal responsibilities.",,,,"academics,time-management,olq",,,,PI0033,,,,,,,,,,
PI0034,Education & Academic Journey,,Easy,Personal Interview,"If you could redesign one aspect of the current education system, what would it be and why?",,,,,"Offer a thoughtful, specific suggestion backed by reasoning, showing awareness of the system's strengths and weaknesses without being overly critical.","This tests critical thinking and constructive perspective on systemic issues, valued in officer candidates.",,,,"academics,critical-thinking,reasoning",,,,PI0034,,,,,,,,,,
PI0035,Education & Academic Journey,,Medium,Personal Interview,Describe a project or assignment you are particularly proud of.,,,,,"Share specific details of the project, your role, and what made it meaningful or successful.",Specific examples demonstrate genuine achievement and ability to reflect on personal contributions.,,,,"academics,achievement,reflection",,,,PI0035,,,,,,,,,,
PI0036,Education & Academic Journey,,Hard,Personal Interview,What subject do you find most relevant to a career in the armed forces?,,,,,"Name a subject like Geography, History, or Physics, and explain its practical relevance to military knowledge or operations.","This connects academic background to defence-relevant knowledge, testing awareness of the field.",,,,"academics,defence-awareness,reasoning",,,,PI0036,,,,,,,,,,
PI0037,Education & Academic Journey,,Easy,Personal Interview,"How do you handle academic failure, such as a poor grade on an important exam?",,,,,"Describe a constructive response involving honest self-assessment, identifying gaps, and working to improve rather than making excuses.",This tests resilience and accountability when facing setbacks.,,,,"academics,resilience,accountability",,,,PI0037,,,,,,,,,,
PI0038,Education & Academic Journey,,Easy,Personal Interview,What extracurricular activities did you participate in during school or college?,,,,,List genuine activities and briefly explain what skills or lessons you gained from them.,"This assesses well-roundedness beyond pure academics, valued in officer candidates.",,,,"academics,extracurricular,self-awareness",,,,PI0038,,,,,,,,,,
PI0039,Education & Academic Journey,,Medium,Personal Interview,How do you think your academic background has prepared you for the intellectual demands of officer training?,,,,,"Connect specific academic skills, such as analytical thinking or written communication, to the demands of military training and leadership.",This tests the candidate's ability to draw meaningful connections between education and future career requirements.,,,,"academics,reasoning,olq",,,,PI0039,,,,,,,,,,
PI0040,Education & Academic Journey,,Medium,Personal Interview,Have you ever had a disagreement with a teacher? How did you handle it?,,,,,"Describe a genuine, respectfully handled disagreement, focusing on how it was resolved constructively.",This tests respect for authority balanced with the ability to express disagreement appropriately.,,,,"academics,conflict-resolution,respect",,,,PI0040,,,,,,,,,,
PI0041,Education & Academic Journey,,Hard,Personal Interview,"What is your current academic percentage or grade, and are you satisfied with it?",,,,,"Answer honestly with the actual figure, and give a genuine reflection on satisfaction or areas for improvement.","Honesty about academic performance, including imperfections, is valued over exaggeration.",,,,"academics,honesty,self-awareness",,,,PI0041,,,,,,,,,,
PI0042,Education & Academic Journey,,Medium,Personal Interview,How do you stay updated with your studies while also preparing for competitive exams like NDA or CDS?,,,,,"Describe a realistic balance strategy, such as dedicated study blocks for each and prioritising based on deadlines.",This tests practical time-management under the pressure of dual academic commitments.,,,,"academics,time-management,planning",,,,PI0042,,,,,,,,,,
PI0043,Education & Academic Journey,,Easy,Personal Interview,What role does discipline play in your academic performance?,,,,,"Explain specific disciplined habits, such as consistent study schedules or avoiding procrastination, and their impact on results.",This connects academic habits to the broader concept of military discipline.,,,,"academics,discipline,olq",,,,PI0043,,,,,,,,,,
PI0044,Education & Academic Journey,,Medium,Personal Interview,"If you found a close friend cheating in an exam, what would you do?",,,,,"Explain that you would first discourage them privately and encourage honest effort, and if it persisted or was serious, you would report it through appropriate channels despite the personal difficulty.",This tests integrity and the willingness to uphold standards even when it involves someone close to you.,,,,"academics,integrity,ethics",,,,PI0044,,,,,,,,,,
PI0045,Education & Academic Journey,,Easy,Personal Interview,What is the difference between studying for understanding versus studying for marks? Which do you prioritise?,,,,,"Explain the distinction clearly and describe a genuine approach that balances both, ideally prioritising understanding for long-term retention.","This tests depth of learning approach, relevant to how officers must genuinely understand rather than memorise tactical concepts.",,,,"academics,learning,reasoning",,,,PI0045,,,,,,,,,,
PI0046,Education & Academic Journey,,Hard,Personal Interview,Describe a teacher or mentor who significantly influenced your academic journey.,,,,,Name a specific person and explain concretely how their guidance or teaching style impacted you.,Specific examples of mentorship reveal genuine reflection and appreciation for guidance.,,,,"academics,mentorship,reflection",,,,PI0046,,,,,,,,,,
PI0047,Education & Academic Journey,,Medium,Personal Interview,Do you prefer studying alone or in groups? Why?,,,,,Answer honestly with genuine reasoning based on personal learning style.,This is a straightforward self-awareness question about personal learning preferences.,,,,"academics,self-awareness,honesty",,,,PI0047,,,,,,,,,,
PI0048,Education & Academic Journey,,Medium,Personal Interview,How would you help a classmate who is struggling academically?,,,,,"Describe a genuine, practical approach such as offering to study together, sharing notes, or encouraging them without being condescending.","This tests empathy and willingness to support peers, relevant to leadership within a unit.",,,,"academics,empathy,teamwork",,,,PI0048,,,,,,,,,,
PI0049,Education & Academic Journey,,Easy,Personal Interview,Some argue that rote memorisation is necessary for competitive exams while others say it hinders real understanding. What is your view?,,,,,"Present a balanced view acknowledging the practical necessity of some memorisation alongside the importance of conceptual understanding, with a clear personal stance.",This tests the ability to engage with a nuanced debate and form a reasoned personal opinion.,,,,"academics,reasoning,critical-thinking",,,,PI0049,,,,,,,,,,
PI0050,Education & Academic Journey,,Easy,Personal Interview,What is one academic goal you have set for yourself in the next year?,,,,,"Share a specific, realistic goal along with a brief plan for achieving it.","This tests goal-setting ability and forward planning, relevant to officer development.",,,,"academics,goal-setting,planning",,,,PI0050,,,,,,,,,,
PI0051,Education & Academic Journey,,Hard,Personal Interview,How do you deal with exam-related stress or pressure?,,,,,"Describe genuine, healthy coping strategies such as structured preparation, physical activity, or talking to someone, rather than claiming to feel no stress at all.",Honest acknowledgment of stress paired with healthy coping mechanisms reflects emotional maturity.,,,,"academics,emotional-stability,honesty",,,,PI0051,,,,,,,,,,
PI0052,Education & Academic Journey,,Medium,Personal Interview,What was your role in any group academic project you've completed?,,,,,"Describe your specific contribution honestly, whether leading, researching, or presenting.",This tests honesty and self-awareness about one's actual role within team-based academic work.,,,,"academics,teamwork,honesty",,,,PI0052,,,,,,,,,,
PI0053,Education & Academic Journey,,Easy,Personal Interview,How important do you think general knowledge is compared to your core academic subjects?,,,,,"Explain that general knowledge broadens perspective and is particularly relevant for defence careers, while core subjects build foundational skills, valuing both appropriately.",This tests awareness of the balance needed for competitive exams that assess both specialised and general knowledge.,,,,"academics,general-knowledge,reasoning",,,,PI0053,,,,,,,,,,
PI0054,Education & Academic Journey,,Easy,Personal Interview,What are your hobbies?,,,,,"List genuine hobbies with brief, specific details rather than generic terms, showing real engagement with each activity.","Specific, genuine hobbies reveal authentic personality rather than rehearsed lists.",,,,"hobbies,honesty,self-awareness",,,,PI0054,,,,,,,,,,
PI0055,Education & Academic Journey,,Medium,Personal Interview,How does your hobby of [a stated hobby] help develop qualities useful for an officer?,,,,,"Draw a specific, genuine connection between the hobby and an Officer Like Quality, such as teamwork from team sports or patience from a craft.",This tests the ability to reflect meaningfully on how personal interests connect to broader character development.,,,,"hobbies,olq,reflection",,,,PI0055,,,,,,,,,,
PI0056,Hobbies & Interests,,Easy,Personal Interview,Do you play any sport regularly? Which one?,,,,,Name a specific sport and briefly describe your level of involvement and enjoyment.,"Simple, genuine answers about sports involvement help assess physical activity habits.",,,,"hobbies,sports,honesty",,,,PI0056,,,,,,,,,,
PI0057,Hobbies & Interests,,Medium,Personal Interview,How do you balance your hobbies with your academic and preparation commitments?,,,,,"Describe a realistic, structured approach to allocating time for hobbies without compromising key responsibilities.",This tests time-management and the ability to maintain balance across multiple areas of life.,,,,"hobbies,time-management,balance",,,,PI0057,,,,,,,,,,
PI0058,Hobbies & Interests,,Easy,Personal Interview,"What is the most challenging aspect of your hobby, and how do you overcome it?",,,,,Describe a genuine challenge related to the hobby and specific steps taken to improve or persist through difficulty.,"This tests resilience and determination in a low-stakes, genuine personal context.",,,,"hobbies,resilience,determination",,,,PI0058,,,,,,,,,,
PI0059,Hobbies & Interests,,Medium,Personal Interview,What kind of music do you enjoy listening to?,,,,,"Answer honestly with genuine preferences, avoiding attempts to appear more sophisticated than natural.",Simple personal preference questions build rapport and test comfort with casual conversation.,,,,"hobbies,honesty,rapport",,,,PI0059,,,,,,,,,,
PI0060,Hobbies & Interests,,Medium,Personal Interview,Have you ever won any competition or recognition related to your hobby? Tell me about it.,,,,,"Share a genuine achievement, however small, with specific details about the effort involved.","Genuine achievements, even modest ones, reveal commitment and the ability to follow through on interests.",,,,"hobbies,achievement,honesty",,,,PI0060,,,,,,,,,,
PI0061,Hobbies & Interests,,Easy,Personal Interview,How did you develop interest in your main hobby?,,,,,"Describe a genuine origin story, whether through family influence, a friend, or personal curiosity.",Authentic origin stories for interests reveal genuine engagement rather than convenient fabrication.,,,,"hobbies,honesty,reflection",,,,PI0061,,,,,,,,,,
PI0062,Hobbies & Interests,,Medium,Personal Interview,"If your commanding officer asked you to give up your favourite hobby due to operational demands, how would you respond?",,,,,"Explain that you would prioritise duty over personal interest without resentment, while finding ways to stay connected to the hobby during available free time.","This tests the ability to place duty above personal preference, a core military value.",,,,"hobbies,duty,priorities",,,,PI0062,,,,,,,,,,
PI0063,Hobbies & Interests,,Easy,Personal Interview,Do you enjoy reading? What kind of books do you prefer?,,,,,Answer honestly about reading habits and genuine genre preferences.,"This assesses reading habits, relevant to general knowledge development and intellectual curiosity.",,,,"hobbies,reading,honesty",,,,PI0063,,,,,,,,,,
PI0064,Hobbies & Interests,,Hard,Personal Interview,"How has participating in [a stated hobby, e.g. debate or music] improved your communication skills?",,,,,"Explain specific ways the hobby has built confidence, articulation, or public presence relevant to officer communication.",This tests the ability to connect hobbies to practically useful skills for a military career.,,,,"hobbies,communication,reflection",,,,PI0064,,,,,,,,,,
PI0065,Hobbies & Interests,,Easy,Personal Interview,What outdoor activities or adventure sports have you tried?,,,,,"List genuine experiences, whether trekking, cycling, or swimming, with brief honest details.",This assesses comfort with physical and outdoor activities relevant to military training demands.,,,,"hobbies,outdoor-activities,fitness",,,,PI0065,,,,,,,,,,
PI0066,Hobbies & Interests,,Medium,Personal Interview,"Do you have any artistic hobbies, such as drawing, painting, or music?",,,,,"Answer honestly, whether yes or no, without feeling pressure to claim artistic hobbies if none exist.","Honesty about hobbies, including their absence in certain areas, is more valuable than fabricated interests.",,,,"hobbies,honesty,creativity",,,,PI0066,,,,,,,,,,
PI0067,Hobbies & Interests,,Easy,Personal Interview,How do you think your hobbies reflect your personality?,,,,,"Draw genuine, thoughtful connections between specific hobbies and personal traits like patience, competitiveness, or creativity.",This tests self-awareness and the ability to reflect meaningfully on one's own character.,,,,"hobbies,self-awareness,reflection",,,,PI0067,,,,,,,,,,
PI0068,Hobbies & Interests,,Easy,Personal Interview,"What is a new hobby or skill you would like to learn, and why?",,,,,Name a specific interest and explain genuine reasoning for wanting to pursue it.,"This tests curiosity and openness to personal growth, valued traits in officer candidates.",,,,"hobbies,growth-mindset,curiosity",,,,PI0068,,,,,,,,,,
PI0069,Hobbies & Interests,,Easy,Personal Interview,Some say hobbies are a waste of time when preparing for competitive exams. What is your view?,,,,,"Present a balanced view acknowledging that focused preparation is important, while explaining how well-managed hobbies support mental wellbeing and skill development.",This tests reasoning ability on a nuanced topic relevant to the candidate's own life balance.,,,,"hobbies,reasoning,balance",,,,PI0069,,,,,,,,,,
PI0070,Hobbies & Interests,,Easy,Personal Interview,Have you ever had to give up a hobby due to other commitments? How did you feel about it?,,,,,"Share a genuine example and describe how you processed the change, whether with acceptance or by finding alternative ways to stay engaged.",This tests emotional maturity in handling loss or change related to personal interests.,,,,"hobbies,emotional-stability,adaptability",,,,PI0070,,,,,,,,,,
PI0071,Hobbies & Interests,,Hard,Personal Interview,"Do you follow any sport competitively, like cricket or football? Who is your favourite team or player?",,,,,Answer honestly with genuine preferences and reasoning.,This is a simple rapport-building question testing natural conversational ability.,,,,"hobbies,sports,rapport",,,,PI0071,,,,,,,,,,
PI0072,Hobbies & Interests,,Medium,Personal Interview,How do you think teamwork in sports differs from teamwork in a military unit?,,,,,"Compare genuine similarities, like coordination and shared goals, with key differences, like the stakes involved and the nature of command structure.",This tests the ability to draw nuanced comparisons between familiar and unfamiliar contexts.,,,,"hobbies,teamwork,reasoning",,,,PI0072,,,,,,,,,,
PI0073,Hobbies & Interests,,Easy,Personal Interview,What is one lesson from your hobby that you would apply to a leadership role?,,,,,"Give a specific, genuine lesson connected clearly to leadership, such as patience from a craft or strategic thinking from a game.",This tests the ability to extract transferable leadership lessons from personal experiences.,,,,"hobbies,leadership,reflection",,,,PI0073,,,,,,,,,,
PI0074,Hobbies & Interests,,Medium,Personal Interview,Do you enjoy travelling? What is the most memorable place you have visited?,,,,,"Share a genuine memory with brief, specific details about the experience.",This is a rapport-building question that also reveals curiosity and openness to new experiences.,,,,"hobbies,travel,rapport",,,,PI0074,,,,,,,,,,
PI0075,Hobbies & Interests,,Medium,Personal Interview,How do you unwind or relax after a stressful day of studies or work?,,,,,"Describe genuine, healthy relaxation methods, such as exercise, music, or spending time with family.","This tests self-care habits and emotional regulation, relevant to sustaining performance under stress.",,,,"hobbies,emotional-stability,self-care",,,,PI0075,,,,,,,,,,
PI0076,Hobbies & Interests,,Easy,Personal Interview,Have you participated in any cultural or community events? What was your role?,,,,,Share a genuine example and describe your specific contribution honestly.,This assesses community involvement and social responsibility beyond personal interests.,,,,"hobbies,community,social-responsibility",,,,PI0076,,,,,,,,,,
PI0077,Hobbies & Interests,,Medium,Personal Interview,"If selected, you may have very limited time for personal hobbies during initial training. How would you cope with this change?",,,,,"Explain a realistic, mature approach involving acceptance of the training's demands, finding smaller ways to stay connected to interests, and prioritising training success.",This tests adaptability and willingness to make sacrifices for professional development.,,,,"hobbies,adaptability,priorities",,,,PI0077,,,,,,,,,,
PI0078,Hobbies & Interests,,Medium,Personal Interview,What hobby or interest do you think would surprise most people about you?,,,,,"Share a genuine, specific interest with brief context, avoiding attempts to seem unusual for effect.","This tests authenticity and comfort sharing genuine, sometimes unexpected, personal details.",,,,"hobbies,authenticity,self-awareness",,,,PI0078,,,,,,,,,,
PI0079,Hobbies & Interests,,Hard,Personal Interview,What are your greatest strengths?,,,,,"Name two or three genuine strengths with specific examples demonstrating each, rather than generic claims.","Specific, evidence-backed strengths are more convincing than vague self-praise.",,,,"strengths,self-awareness,honesty",,,,PI0079,,,,,,,,,,
PI0080,Hobbies & Interests,,Medium,Personal Interview,What is your biggest weakness?,,,,,"Name a genuine weakness honestly, along with specific steps you are taking to address or manage it.",Assessors value honest self-awareness about weaknesses over attempts to disguise a strength as a weakness.,,,,"weaknesses,self-awareness,honesty",,,,PI0080,,,,,,,,,,
PI0081,Strengths & Weaknesses,,Easy,Personal Interview,Give an example of a time your strength helped you overcome a difficult situation.,,,,,"Share a specific, genuine incident where a named strength directly contributed to resolving the difficulty.",Concrete examples demonstrate genuine self-awareness rather than rehearsed claims.,,,,"strengths,reflection,honesty",,,,PI0081,,,,,,,,,,
PI0082,Strengths & Weaknesses,,Easy,Personal Interview,"How has your biggest weakness affected you in the past, and what have you done about it?",,,,,"Describe a genuine instance where the weakness caused difficulty, followed by concrete steps taken to improve.",This tests accountability and a genuine growth mindset rather than denial of flaws.,,,,"weaknesses,accountability,growth-mindset",,,,PI0082,,,,,,,,,,
PI0083,Strengths & Weaknesses,,Medium,Personal Interview,"If your weakness could seriously affect your performance as an officer, how would you address it before it becomes a problem?",,,,,"Describe a proactive, realistic plan for continuous self-improvement, such as seeking feedback, practising specific skills, or working with mentors.",This tests forward planning and seriousness about self-improvement relevant to a demanding career.,,,,"weaknesses,self-improvement,planning",,,,PI0083,,,,,,,,,,
PI0084,Strengths & Weaknesses,,Medium,Personal Interview,How do your friends or family describe your personality?,,,,,"Share genuine, specific descriptions you have actually heard, rather than idealised self-descriptions.",Second-hand perspectives on personality reveal how consistent self-perception is with how others see the candidate.,,,,"strengths,self-awareness,honesty",,,,PI0084,,,,,,,,,,
PI0085,Strengths & Weaknesses,,Hard,Personal Interview,Are you more of an introvert or extrovert? How does this affect your interactions?,,,,,"Answer honestly based on genuine self-assessment, explaining how this trait manifests in daily interactions.","Honest self-assessment of personality type, rather than claiming to be perfectly balanced, reflects genuine self-awareness.",,,,"personality,self-awareness,honesty",,,,PI0085,,,,,,,,,,
PI0086,Strengths & Weaknesses,,Easy,Personal Interview,Describe a situation where you had to work on improving a specific weakness under time pressure.,,,,,"Share a specific, genuine example demonstrating the effort made and the outcome achieved.",This tests the ability to make tangible progress on weaknesses even under real-world constraints.,,,,"weaknesses,resilience,self-improvement",,,,PI0086,,,,,,,,,,
PI0087,Strengths & Weaknesses,,Easy,Personal Interview,What is a strength you have that others may not immediately notice?,,,,,"Share a genuine, less obvious strength with a specific supporting example.",This tests deeper self-reflection beyond commonly cited surface-level strengths.,,,,"strengths,self-awareness,reflection",,,,PI0087,,,,,,,,,,
PI0088,Strengths & Weaknesses,,Medium,Personal Interview,How would you handle a situation where a senior officer points out a weakness in front of others?,,,,,"Explain that you would accept the feedback professionally without becoming defensive, and use it constructively to improve, discussing it privately afterward if needed.","This tests emotional maturity and the ability to accept criticism gracefully, essential in a hierarchical structure.",,,,"weaknesses,emotional-stability,professionalism",,,,PI0088,,,,,,,,,,
PI0089,Strengths & Weaknesses,,Medium,Personal Interview,How do you typically respond to criticism from others?,,,,,"Describe a genuine, constructive response pattern, such as listening carefully, reflecting honestly, and using valid feedback to improve.",This assesses emotional maturity and openness to growth through external feedback.,,,,"weaknesses,feedback,emotional-stability",,,,PI0089,,,,,,,,,,
PI0090,Strengths & Weaknesses,,Hard,Personal Interview,What is one skill you wish you were better at?,,,,,"Name a genuine skill honestly, showing self-awareness about areas for growth.","Honest acknowledgment of skill gaps, paired with a desire to improve, reflects healthy self-awareness.",,,,"weaknesses,self-improvement,honesty",,,,PI0090,,,,,,,,,,
PI0091,Strengths & Weaknesses,,Easy,Personal Interview,"How do you manage a weakness like impatience or a short temper, if applicable to you?",,,,,"If genuinely applicable, describe specific self-management strategies such as pausing before reacting or practising calming techniques.","This tests self-regulation skills, particularly relevant to maintaining composure under pressure.",,,,"weaknesses,emotional-stability,self-regulation",,,,PI0091,,,,,,,,,,
PI0092,Strengths & Weaknesses,,Easy,Personal Interview,Give an example of when your strength became a limitation in a particular situation.,,,,,"Share a genuine, nuanced example where an otherwise positive trait, like being very detail-oriented, caused a challenge, such as slower task completion.","This tests deeper self-awareness, recognising that even strengths have situational trade-offs.",,,,"strengths,self-awareness,reflection",,,,PI0092,,,,,,,,,,
PI0093,Strengths & Weaknesses,,Medium,Personal Interview,Describe a time when you failed to recognise a weakness until someone else pointed it out. How did you react?,,,,,"Share a genuine example of receiving unexpected feedback and describe an honest, constructive reaction rather than denial or defensiveness.",This tests humility and openness to external perspectives on self-improvement.,,,,"weaknesses,humility,feedback",,,,PI0093,,,,,,,,,,
PI0094,Strengths & Weaknesses,,Medium,Personal Interview,How do you build on your strengths to compensate for your weaknesses in a team setting?,,,,,"Describe a practical approach, such as taking on tasks aligned with strengths while relying on teammates for complementary skills.",This tests strategic self-awareness in the context of teamwork and collaboration.,,,,"strengths,teamwork,self-awareness",,,,PI0094,,,,,,,,,,
PI0095,Strengths & Weaknesses,,Hard,Personal Interview,What compliment do you receive most often from others?,,,,,"Share a genuine, specific compliment you have actually received, avoiding exaggeration.",Genuine feedback from others provides an external check on the candidate's self-perception.,,,,"strengths,self-awareness,honesty",,,,PI0095,,,,,,,,,,
PI0096,Strengths & Weaknesses,,Medium,Personal Interview,How would overcoming your current weakness make you a better officer?,,,,,"Explain a specific, realistic connection between improving the named weakness and enhanced effectiveness in a military leadership role.",This tests the ability to connect personal growth directly to professional effectiveness.,,,,"weaknesses,leadership,self-improvement",,,,PI0096,,,,,,,,,,
PI0097,Strengths & Weaknesses,,Easy,Personal Interview,Have you ever used a weakness as motivation to improve yourself? Describe the experience.,,,,,"Share a genuine example of turning a limitation into a driver for growth, with specific details about the process.",This tests resilience and the ability to convert setbacks into productive motivation.,,,,"weaknesses,resilience,motivation",,,,PI0097,,,,,,,,,,
PI0098,Strengths & Weaknesses,,Medium,Personal Interview,"If two of your close friends gave contradictory opinions about your biggest weakness, how would you determine which is more accurate?",,,,,"Explain that you would reflect honestly on both perspectives, seek specific examples from each, and consider patterns across different situations to form a balanced self-assessment.","This tests critical thinking applied to self-reflection, avoiding blind acceptance of any single opinion.",,,,"weaknesses,critical-thinking,self-awareness",,,,PI0098,,,,,,,,,,
PI0099,Strengths & Weaknesses,,Medium,Personal Interview,What steps have you taken in the last six months to work on a personal weakness?,,,,,"Describe specific, concrete actions taken recently, demonstrating an active and ongoing commitment to self-improvement.","This tests whether self-improvement claims are backed by genuine, recent effort rather than vague intentions.",,,,"weaknesses,self-improvement,accountability",,,,PI0099,,,,,,,,,,
PI0100,Strengths & Weaknesses,,Hard,Personal Interview,How do you handle situations where your strengths are not recognised or valued by others?,,,,,"Describe a mature response involving continued effort and self-confidence, without seeking external validation as the primary motivator.",This tests intrinsic motivation and resilience in the face of a lack of external recognition.,,,,"strengths,self-confidence,resilience",,,,PI0100,,,,,,,,,,
PI0101,Strengths & Weaknesses,,Medium,Personal Interview,Do you consider yourself more of a leader or a follower? Why?,,,,,"Answer honestly, explaining genuine reasoning, and acknowledge that both roles are valuable in different contexts.",This tests self-awareness about natural tendencies while showing understanding that effective officers must be capable of both.,,,,"strengths,leadership,self-awareness",,,,PI0101,,,,,,,,,,
PI0102,Strengths & Weaknesses,,Medium,Personal Interview,How has a mentor or senior helped you recognise and work on a personal weakness?,,,,,"Share a genuine example of mentorship that led to specific self-improvement, crediting the mentor's guidance appropriately.",This tests openness to mentorship and the ability to genuinely absorb and act on external guidance.,,,,"weaknesses,mentorship,growth-mindset",,,,PI0102,,,,,,,,,,
PI0103,Strengths & Weaknesses,,Easy,Personal Interview,"What weakness do you think might be most challenging to overcome during initial military training, and how will you prepare for it?",,,,,"Name a genuine, relevant weakness and describe specific preparatory steps being taken before training begins.",This tests foresight and proactive planning specifically related to the demands of military training.,,,,"weaknesses,planning,self-improvement",,,,PI0103,,,,,,,,,,
PI0104,Strengths & Weaknesses,,Medium,Personal Interview,Why do you want to join the armed forces?,,,,,"Give a genuine, specific reason such as a desire to serve the nation, family inspiration, or admiration for the values and lifestyle, avoiding generic or filmy statements.",This is the most fundamental motivation question; authenticity here is critical to a convincing overall interview.,,,,"motivation,honesty,self-awareness",,,,PI0104,,,,,,,,,,
PI0105,Strengths & Weaknesses,,Hard,Personal Interview,Why do you want to join the Army specifically rather than the Navy or Air Force?,,,,,"Explain genuine, specific reasons for this preference, such as interest in ground operations or leadership style, rather than a generic answer applicable to any service.",This tests whether the candidate has genuinely researched and reflected on their choice of service.,,,,"motivation,army,reasoning",,,,PI0105,,,,,,,,,,
PI0106,Career Goals & Motivation,,Easy,Personal Interview,What do you know about the day-to-day life of an officer in the service you're applying for?,,,,,"Describe realistic expectations based on genuine research, covering aspects like training, postings, and responsibilities.",This tests whether the candidate has realistic awareness of the career rather than a romanticised view.,,,,"motivation,knowledge,realism",,,,PI0106,,,,,,,,,,
PI0107,Career Goals & Motivation,,Medium,Personal Interview,"If you are not selected this time, what will you do?",,,,,"Explain a realistic plan involving continued preparation, alternative pathways if relevant, and sustained determination without appearing desperate or defeated.",This tests resilience and long-term commitment to the goal beyond a single attempt.,,,,"motivation,resilience,planning",,,,PI0107,,,,,,,,,,
PI0108,Career Goals & Motivation,,Medium,Personal Interview,What attracts you to the uncertainty and risk associated with a military career?,,,,,Explain a genuine perspective on how the challenges and unpredictability of the career are seen as meaningful rather than merely tolerated.,This tests genuine readiness for the demanding nature of military life rather than naive idealism.,,,,"motivation,risk,honesty",,,,PI0108,,,,,,,,,,
PI0109,Career Goals & Motivation,,Hard,Personal Interview,Have you considered any other career options besides the armed forces?,,,,,"Answer honestly about other options considered, and explain clearly why the armed forces remain the preferred choice.","Honest acknowledgment of alternatives considered, followed by a clear preference, is more convincing than claiming no other options were ever considered.",,,,"motivation,honesty,decision-making",,,,PI0109,,,,,,,,,,
PI0110,Career Goals & Motivation,,Medium,Personal Interview,What do you think is the most difficult part of military training?,,,,,"Describe a realistic understanding of challenges like physical demands, discipline, or being away from family, showing genuine awareness.",This tests whether expectations about training are grounded in reality rather than assumptions.,,,,"motivation,realism,knowledge",,,,PI0110,,,,,,,,,,
PI0111,Career Goals & Motivation,,Easy,Personal Interview,How do you define success in a military career?,,,,,"Explain a thoughtful, personal definition that goes beyond rank or pay, such as effective leadership, service to the nation, or personal growth.",This tests depth of motivation and whether the candidate values intrinsic rewards over superficial markers of success.,,,,"motivation,values,reflection",,,,PI0111,,,,,,,,,,
PI0112,Career Goals & Motivation,,Medium,Personal Interview,"Many officers face long separations from family. How prepared are you, realistically, for this aspect of the career?",,,,,"Give an honest, realistic assessment acknowledging the difficulty while explaining specific coping strategies and family conversations already underway.",This tests genuine preparedness rather than naive confidence about a genuinely difficult aspect of service.,,,,"motivation,realism,family",,,,PI0112,,,,,,,,,,
PI0113,Career Goals & Motivation,,Easy,Personal Interview,What is your understanding of the concept of 'service before self'?,,,,,"Explain the concept clearly, connecting it to prioritising duty and the welfare of subordinates and the nation over personal comfort or interest.",This tests understanding of a core military value central to officer conduct.,,,,"motivation,values,olq",,,,PI0113,,,,,,,,,,
PI0114,Career Goals & Motivation,,Hard,Personal Interview,Why should the armed forces select you over other equally qualified candidates?,,,,,"Give specific, genuine reasons related to personal qualities, preparation, and commitment, without sounding arrogant or dismissive of other candidates.","This tests self-confidence balanced with humility, a delicate but important interview skill.",,,,"motivation,self-confidence,olq",,,,PI0114,,,,,,,,,,
PI0115,Career Goals & Motivation,,Medium,Personal Interview,What inspired you to start preparing for a career in the armed forces?,,,,,"Share a genuine, specific origin story, whether a role model, an event, or a gradual realisation.",Authentic origin stories for motivation reveal genuine commitment rather than convenient narratives.,,,,"motivation,honesty,reflection",,,,PI0115,,,,,,,,,,
PI0116,Career Goals & Motivation,,Medium,Personal Interview,"How long have you been preparing for this career, and what has that journey been like?",,,,,"Describe the genuine timeline and journey honestly, including setbacks and growth along the way.",This tests consistency and sustained effort as indicators of genuine commitment.,,,,"motivation,persistence,honesty",,,,PI0116,,,,,,,,,,
PI0117,Career Goals & Motivation,,Easy,Personal Interview,"If offered a much higher-paying civilian job right after selection, would you still choose to serve? Why?",,,,,"Explain genuine reasoning for prioritising service over financial gain, while acknowledging that financial security is a reasonable consideration but not the primary motivator.",This tests the depth and genuineness of motivation beyond material incentives.,,,,"motivation,values,reasoning",,,,PI0117,,,,,,,,,,
PI0118,Career Goals & Motivation,,Medium,Personal Interview,What do you think is the biggest misconception people have about military life?,,,,,"Share a genuine, thoughtful observation, such as assumptions about constant combat or purely regimented life, backed by realistic understanding.",This tests depth of research and genuine understanding of the profession beyond popular stereotypes.,,,,"motivation,knowledge,critical-thinking",,,,PI0118,,,,,,,,,,
PI0119,Career Goals & Motivation,,Hard,Personal Interview,How does your personality suit the demands of a military career?,,,,,"Draw specific, genuine connections between personal traits, like discipline or resilience, and the demands of military service.","This tests self-awareness in relation to career fit, a key aspect of genuine motivation.",,,,"motivation,self-awareness,olq",,,,PI0119,,,,,,,,,,
PI0120,Career Goals & Motivation,,Medium,Personal Interview,"What rank do you aspire to achieve, and by when?",,,,,"Share a realistic, ambitious goal with genuine reasoning, avoiding both excessive modesty and unrealistic overconfidence.",This tests goal-setting ability and ambition balanced with realism.,,,,"motivation,goal-setting,ambition",,,,PI0120,,,,,,,,,,
PI0121,Career Goals & Motivation,,Easy,Personal Interview,How would you handle being posted to a remote or difficult location early in your career?,,,,,"Describe a mature, accepting attitude toward such postings as part of the job, along with practical coping strategies.",This tests readiness for the unpredictable and sometimes challenging nature of postings.,,,,"motivation,adaptability,duty",,,,PI0121,,,,,,,,,,
PI0122,Career Goals & Motivation,,Easy,Personal Interview,"If you realised midway through training that this career wasn't what you expected, how would you handle it?",,,,,"Explain that you would honestly reflect on the specific concerns, seek guidance from seniors or mentors, and give genuine effort before making any decision, rather than giving up impulsively.",This tests resilience and maturity in handling potential disillusionment during a demanding commitment.,,,,"motivation,resilience,maturity",,,,PI0122,,,,,,,,,,
PI0123,Career Goals & Motivation,,Medium,Personal Interview,What do you think distinguishes a good officer from a great one?,,,,,"Share a thoughtful perspective, such as the difference between competent task completion and genuinely inspiring leadership that earns loyalty and trust.",This tests depth of understanding about leadership excellence beyond basic competence.,,,,"motivation,leadership,reflection",,,,PI0123,,,,,,,,,,
PI0124,Career Goals & Motivation,,Hard,Personal Interview,How do you plan to continue growing and learning throughout your military career?,,,,,"Describe a genuine commitment to continuous learning, such as pursuing further courses, seeking mentorship, and staying updated on developments in the field.",This tests a growth mindset relevant to long-term career development.,,,,"motivation,growth-mindset,planning",,,,PI0124,,,,,,,,,,
PI0125,Career Goals & Motivation,,Easy,Personal Interview,What excites you most about the prospect of joining the armed forces?,,,,,"Share a genuine, specific aspect that excites you, such as leadership opportunities, adventure, or serving a larger purpose.","Genuine enthusiasm, backed by specifics, is more convincing than generic statements of excitement.",,,,"motivation,honesty,enthusiasm",,,,PI0125,,,,,,,,,,
PI0126,Career Goals & Motivation,,Medium,Personal Interview,How do you think your career choice will impact your personal life in the coming years?,,,,,"Give a realistic, thoughtful assessment covering aspects like family life, personal freedom, and career satisfaction.","This tests mature, realistic planning for the broader life implications of the career choice.",,,,"motivation,realism,planning",,,,PI0126,,,,,,,,,,
PI0127,Career Goals & Motivation,,Easy,Personal Interview,What does patriotism mean to you personally?,,,,,"Share a genuine, thoughtful personal definition, avoiding generic or overly rehearsed statements about loving one's country.",This tests depth of reflection on a concept central to military motivation.,,,,"motivation,patriotism,reflection",,,,PI0127,,,,,,,,,,
PI0128,Career Goals & Motivation,,Medium,Personal Interview,"If you found that military bureaucracy or slow decision-making frustrated your efforts, how would you cope with it long-term?",,,,,"Explain a mature, realistic approach involving patience, working within the system constructively, and channeling frustration into productive suggestions through proper channels.","This tests realistic expectations about institutional challenges within any large organisation, including the military.",,,,"motivation,realism,patience",,,,PI0128,,,,,,,,,,
PI0129,Career Goals & Motivation,,Easy,Personal Interview,"What is one quality of a role model officer you admire, and why?",,,,,"Name a specific quality, whether from a known figure or someone personally known, and explain concretely why it resonates with you.",This tests the ability to identify and articulate specific leadership qualities that inspire genuine admiration.,,,,"motivation,role-models,leadership",,,,PI0129,,,,,,,,,,
PI0130,Career Goals & Motivation,,Hard,Personal Interview,How would you describe your commitment level to this career on a scale of complete conviction versus still exploring options?,,,,,"Answer honestly, whether fully committed or still weighing considerations, explaining the reasoning behind the current level of conviction.","Honest self-assessment of commitment level, even if not absolute, is more valuable than overstated certainty.",,,,"motivation,honesty,self-awareness",,,,PI0130,,,,,,,,,,
PI0131,Career Goals & Motivation,,Easy,Personal Interview,What does the phrase 'officer and a gentleman' mean to you?,,,,,"Explain the phrase as reflecting a combination of professional competence, integrity, and courteous, principled conduct both on and off duty.",This tests understanding of the holistic character expected of a commissioned officer.,,,,"motivation,values,olq",,,,PI0131,,,,,,,,,,
PI0132,Career Goals & Motivation,,Hard,Personal Interview,How do you plan to handle the transition from civilian to military life during initial training?,,,,,"Describe a realistic, prepared mindset involving openness to discipline, humility in learning, and patience with the adjustment process.",This tests readiness for the significant lifestyle and mindset shift required during initial training.,,,,"motivation,adaptability,realism",,,,PI0132,,,,,,,,,,
PI0133,Career Goals & Motivation,,Easy,Personal Interview,What do you think you will miss most about civilian life once you join the armed forces?,,,,,"Share a genuine, specific reflection, such as certain freedoms or routines, showing honest awareness of the trade-offs involved.",Honest reflection on what will be given up demonstrates realistic and mature preparation for the transition.,,,,"motivation,honesty,realism",,,,PI0133,,,,,,,,,,
PI0134,Career Goals & Motivation,,Medium,Personal Interview,What is your opinion on the Agnipath recruitment scheme?,,,,,"Present a balanced view acknowledging both the scheme's goals, such as a younger force profile, and the concerns raised, such as shorter tenure, while forming a clear personal stance.",This tests awareness of a significant recent defence policy and the ability to engage with it thoughtfully rather than superficially.,,,,"current-affairs,defence-policy,reasoning",,,,PI0134,,,,,,,,,,
PI0135,Career Goals & Motivation,,Medium,Personal Interview,Who is the current Chief of Defence Staff?,,,,,Name the current officeholder accurately based on up-to-date knowledge.,Staying updated on senior defence leadership reflects genuine awareness expected of a serious candidate.,,,,"current-affairs,defence-awareness,knowledge",,,,PI0135,,,,,,,,,,
PI0136,Current Affairs & General Awareness,,Easy,Personal Interview,What is India's stance on the No First Use nuclear policy?,,,,,"Explain that India's declared doctrine commits to not being the first to use nuclear weapons, while retaining the right to massive retaliation if attacked with them.","This tests understanding of India's strategic nuclear doctrine, a key defence policy topic.",,,,"current-affairs,nuclear-policy,knowledge",,,,PI0136,,,,,,,,,,
PI0137,Current Affairs & General Awareness,,Easy,Personal Interview,What recent defence exercise has India conducted with a foreign country that you find noteworthy?,,,,,"Name a specific, genuine exercise like Malabar or Yudh Abhyas, and briefly explain its significance for India's defence partnerships.",This tests awareness of India's evolving international defence cooperation.,,,,"current-affairs,exercises,knowledge",,,,PI0137,,,,,,,,,,
PI0138,Current Affairs & General Awareness,,Easy,Personal Interview,"What is your view on India's growing defence export ambitions, such as the sale of BrahMos missiles to other countries?",,,,,"Present a reasoned view on how defence exports support India's manufacturing goals and strategic partnerships, while considering any associated risks or debates.",This tests critical engagement with India's evolving defence-industrial policy.,,,,"current-affairs,defence-industry,reasoning",,,,PI0138,,,,,,,,,,
PI0139,Current Affairs & General Awareness,,Medium,Personal Interview,What do you understand by the term 'Atmanirbhar Bharat' in the context of defence?,,,,,Explain the initiative's goal of increasing self-reliance in defence manufacturing and reducing dependence on imports.,This tests understanding of a major ongoing policy direction relevant to the armed forces.,,,,"current-affairs,defence-policy,knowledge",,,,PI0139,,,,,,,,,,
PI0140,Current Affairs & General Awareness,,Hard,Personal Interview,What is the significance of the Quad grouping that India is part of?,,,,,"Explain that the Quad involves India, the United States, Japan, and Australia, focused on cooperation in the Indo-Pacific region, including maritime security.",This tests awareness of India's strategic partnerships relevant to regional security.,,,,"current-affairs,international-relations,knowledge",,,,PI0140,,,,,,,,,,
PI0141,Current Affairs & General Awareness,,Medium,Personal Interview,Name any one indigenous fighter aircraft developed by India.,,,,,"Name Tejas, developed by HAL, and briefly mention its significance for India's indigenous defence manufacturing.",This tests basic awareness of India's indigenous defence technology achievements.,,,,"current-affairs,defence-technology,knowledge",,,,PI0141,,,,,,,,,,
PI0142,Current Affairs & General Awareness,,Medium,Personal Interview,What is your opinion on the increasing role of women in combat roles in the Indian armed forces?,,,,,"Present a balanced, thoughtful view supporting merit-based opportunities while acknowledging any practical considerations being addressed by policy.",This tests the candidate's ability to discuss evolving social and institutional changes within the armed forces maturely.,,,,"current-affairs,social-issues,reasoning",,,,PI0142,,,,,,,,,,
PI0143,Current Affairs & General Awareness,,Easy,Personal Interview,"What recent geopolitical development along India's borders concerns you the most, and why?",,,,,"Discuss a genuine, current border-related concern with balanced reasoning, avoiding inflammatory language while showing awareness of its implications.",This tests awareness of contemporary security challenges and the ability to discuss them with appropriate composure.,,,,"current-affairs,geopolitics,knowledge",,,,PI0143,,,,,,,,,,
PI0144,Current Affairs & General Awareness,,Medium,Personal Interview,What is your view on the theatre command reforms being implemented in India's armed forces?,,,,,"Explain the goal of improving tri-service coordination and jointmanship, and share a reasoned view on potential benefits and implementation challenges.",This tests deeper awareness of ongoing structural reforms within the Indian military.,,,,"current-affairs,defence-reforms,reasoning",,,,PI0144,,,,,,,,,,
PI0145,Current Affairs & General Awareness,,Medium,Personal Interview,"What do you know about India's space-based defence capabilities, such as Mission Shakti?",,,,,"Explain that Mission Shakti demonstrated India's anti-satellite missile capability in 2019, making India one of a small group of nations with this capability.",This tests awareness of India's advancing capabilities in the space and defence technology domain.,,,,"current-affairs,space-defence,knowledge",,,,PI0145,,,,,,,,,,
PI0146,Current Affairs & General Awareness,,Hard,Personal Interview,What is your understanding of India's 'Act East Policy'?,,,,,"Explain that it aims to strengthen economic and strategic ties with South-East Asia and the wider Asia-Pacific region, including through defence cooperation.",This tests awareness of India's broader foreign policy direction relevant to regional security.,,,,"current-affairs,foreign-policy,knowledge",,,,PI0146,,,,,,,,,,
PI0147,Current Affairs & General Awareness,,Medium,Personal Interview,Which neighbouring countries share a land border with India?,,,,,"List the correct countries: Pakistan, China, Nepal, Bhutan, Bangladesh, Myanmar, and Afghanistan.",This tests basic geographic and strategic awareness relevant to India's border security context.,,,,"current-affairs,geography,knowledge",,,,PI0147,,,,,,,,,,
PI0148,Current Affairs & General Awareness,,Easy,Personal Interview,What is your opinion on the role of social media in shaping public perception of the armed forces?,,,,,"Present a balanced view acknowledging both the benefits of increased public engagement and awareness, and the risks of misinformation or security concerns.",This tests critical thinking on a contemporary issue relevant to public relations and information security.,,,,"current-affairs,social-issues,reasoning",,,,PI0148,,,,,,,,,,
PI0149,Current Affairs & General Awareness,,Easy,Personal Interview,"What do you know about India's indigenous aircraft carrier, INS Vikrant?",,,,,"Explain that it is India's first indigenously designed and built aircraft carrier, commissioned in 2022, built at Cochin Shipyard.",This tests awareness of a significant recent milestone in India's naval capabilities.,,,,"current-affairs,navy,knowledge",,,,PI0149,,,,,,,,,,
PI0150,Current Affairs & General Awareness,,Medium,Personal Interview,How do you think emerging technologies like artificial intelligence will change future warfare?,,,,,"Discuss thoughtful possibilities such as AI-assisted decision-making, autonomous systems, and cyber warfare, while acknowledging ethical and strategic considerations.",This tests forward-thinking awareness of how technology is reshaping modern military doctrine.,,,,"current-affairs,technology,reasoning",,,,PI0150,,,,,,,,,,
PI0151,Current Affairs & General Awareness,,Medium,Personal Interview,"What is your view on mandatory military training or service for civilians, as practiced in some countries?",,,,,"Present a balanced view considering potential benefits like discipline and national preparedness, alongside practical challenges of implementation in India's context.",This tests the ability to engage with a debated policy idea while considering India's specific circumstances.,,,,"current-affairs,social-issues,reasoning",,,,PI0151,,,,,,,,,,
PI0152,Current Affairs & General Awareness,,Hard,Personal Interview,"What is the significance of International Yoga Day, and how might physical and mental wellness practices benefit military personnel?",,,,,"Explain the day's origin and significance, and connect it to how such wellness practices could support physical readiness and mental resilience in demanding roles.",This tests the ability to connect broader current affairs to specific relevance for military life.,,,,"current-affairs,wellness,reasoning",,,,PI0152,,,,,,,,,,
PI0153,Current Affairs & General Awareness,,Medium,Personal Interview,What do you understand about India's evolving relationship with Russia in the context of defence cooperation?,,,,,"Explain that Russia has historically been a major defence supplier to India, and discuss how this relationship is evolving alongside India's diversification of defence partners.",This tests awareness of India's complex and evolving international defence relationships.,,,,"current-affairs,international-relations,knowledge",,,,PI0153,,,,,,,,,,
PI0154,Current Affairs & General Awareness,,Hard,Personal Interview,"What is the full form of ISRO, and what is its relevance to India's broader technological capabilities?",,,,,"Explain ISRO stands for Indian Space Research Organisation, and briefly connect its achievements to India's broader strategic technology base.",This tests basic general knowledge with relevance to the broader technology ecosystem that includes defence applications.,,,,"current-affairs,space,knowledge",,,,PI0154,,,,,,,,,,
PI0155,Current Affairs & General Awareness,,Medium,Personal Interview,What is your opinion on India's approach to cybersecurity as a national security priority?,,,,,"Present a thoughtful view on the increasing importance of cybersecurity given growing digital infrastructure, and mention relevant initiatives like the Defence Cyber Agency.",This tests awareness of an increasingly critical dimension of modern national security.,,,,"current-affairs,cybersecurity,reasoning",,,,PI0155,,,,,,,,,,
PI0156,Current Affairs & General Awareness,,Easy,Personal Interview,What recent achievement of the Indian Navy do you find most significant?,,,,,"Name a genuine, specific recent achievement, such as the commissioning of INS Vikrant or advances in submarine capability, and explain its significance.",This tests up-to-date awareness of naval developments relevant to national defence.,,,,"current-affairs,navy,knowledge",,,,PI0156,,,,,,,,,,
PI0157,Current Affairs & General Awareness,,Medium,Personal Interview,Do you think India should increase its defence budget significantly? Why or why not?,,,,,"Present a reasoned, balanced view considering strategic needs, economic constraints, and the goal of self-reliance in defence manufacturing.",This tests the ability to engage with a complex policy question involving trade-offs between competing national priorities.,,,,"current-affairs,defence-budget,reasoning",,,,PI0157,,,,,,,,,,
PI0158,Current Affairs & General Awareness,,Medium,Personal Interview,What is your understanding of India's disaster response capabilities involving the armed forces?,,,,,"Explain that the armed forces are frequently called upon for large-scale disaster relief due to their logistics, discipline, and rapid mobilisation capabilities.","This tests awareness of the armed forces' role beyond combat, in humanitarian and disaster response contexts.",,,,"current-affairs,disaster-response,knowledge",,,,PI0158,,,,,,,,,,
PI0159,Current Affairs & General Awareness,,Hard,Personal Interview,What is your opinion on India's participation in United Nations peacekeeping missions?,,,,,Present a view acknowledging India's long-standing contribution to global peacekeeping efforts and its significance for India's international standing.,This tests awareness of India's broader global role through its armed forces beyond national defence.,,,,"current-affairs,peacekeeping,knowledge",,,,PI0159,,,,,,,,,,
PI0160,Current Affairs & General Awareness,,Medium,Personal Interview,What recent development in India's missile technology are you aware of?,,,,,"Name a genuine, specific development, such as Agni-Prime or hypersonic missile testing efforts, and briefly explain its significance.",This tests current knowledge of India's evolving strategic missile capabilities.,,,,"current-affairs,missiles,knowledge",,,,PI0160,,,,,,,,,,
PI0161,Current Affairs & General Awareness,,Medium,Personal Interview,What is the name of India's indigenous light combat aircraft?,,,,,"Name Tejas, developed by HAL, correctly identifying it as India's indigenous fighter jet programme.",This is a basic factual check of awareness regarding India's indigenous defence achievements.,,,,"current-affairs,air-force,knowledge",,,,PI0161,,,,,,,,,,
PI0162,Current Affairs & General Awareness,,Medium,Personal Interview,What is your view on the increasing use of drones in modern military operations?,,,,,"Discuss thoughtfully how drones have transformed surveillance and precision strike capabilities, while noting associated challenges like counter-drone technology needs.",This tests awareness of a major technological shift affecting modern military operations.,,,,"current-affairs,technology,reasoning",,,,PI0162,,,,,,,,,,
PI0163,Current Affairs & General Awareness,,Easy,Personal Interview,What do you know about India's Chief of Defence Staff position and why it was created?,,,,,Explain that the post was created in 2019 to provide single-point military advice to the government and improve coordination among the three services.,This tests awareness of a significant recent structural reform in India's higher defence organisation.,,,,"current-affairs,defence-reforms,knowledge",,,,PI0163,,,,,,,,,,
PI0164,Current Affairs & General Awareness,,Medium,Personal Interview,"If you disagreed with an order given by a senior officer, what would you do?",,,,,"Explain that you would follow the order first if it was lawful, then respectfully raise your concerns or seek clarification through proper channels afterward.",This tests understanding of military discipline balanced with the ability to voice legitimate concerns appropriately.,,,,"situational,discipline,olq",,,,PI0164,,,,,,,,,,
PI0165,Current Affairs & General Awareness,,Medium,Personal Interview,"If you witnessed a fellow officer engaging in corrupt behaviour, what would you do?",,,,,"Explain that you would report the behaviour through proper channels, prioritising integrity and the institution's reputation over personal loyalty to the individual.","This tests moral courage and commitment to institutional integrity, both essential officer qualities.",,,,"situational,integrity,ethics",,,,PI0165,,,,,,,,,,
PI0166,Situational & Hypothetical Judgment,,Medium,Personal Interview,"If you were leading a team and one member consistently underperformed, how would you handle it?",,,,,"Describe a constructive approach involving private feedback, understanding root causes, and providing support before considering more formal action.",This tests leadership and man-management skills in handling underperformance fairly.,,,,"situational,leadership,man-management",,,,PI0166,,,,,,,,,,
PI0167,Situational & Hypothetical Judgment,,Hard,Personal Interview,"If you had to choose between completing a mission successfully and ensuring the safety of your team, which would you prioritise, and why?",,,,,"Explain that mission success and troop welfare are often interconnected, but if forced to choose, the safety and lives of the team generally take precedence unless the mission is of overriding strategic importance.",This tests understanding of the nuanced balance officers must strike between mission accomplishment and troop welfare.,,,,"situational,decision-making,leadership",,,,PI0167,,,,,,,,,,
PI0168,Situational & Hypothetical Judgment,,Medium,Personal Interview,How would you handle a situation where you made a mistake that affected your team's performance?,,,,,"Explain that you would take full responsibility, inform your team and seniors honestly, and work to correct the mistake and prevent recurrence.","This tests accountability, a core quality expected of officers when errors occur.",,,,"situational,accountability,integrity",,,,PI0168,,,,,,,,,,
PI0169,Situational & Hypothetical Judgment,,Hard,Personal Interview,"If a subordinate came to you with a personal problem affecting their work, how would you respond?",,,,,"Describe a supportive, empathetic approach involving listening carefully, offering appropriate assistance, and maintaining confidentiality where relevant.","This tests man-management and empathy, crucial for effective leadership of troops.",,,,"situational,empathy,leadership",,,,PI0169,,,,,,,,,,
PI0170,Situational & Hypothetical Judgment,,Medium,Personal Interview,"If you were given an order that conflicted with your personal ethics but was not illegal, what would you do?",,,,,"Explain that you would follow the order as part of military discipline while respectfully expressing your concerns through appropriate channels afterward, recognising the importance of the chain of command.",This tests the balance between personal conviction and institutional discipline in a nuanced ethical scenario.,,,,"situational,ethics,discipline",,,,PI0170,,,,,,,,,,
PI0171,Situational & Hypothetical Judgment,,Medium,Personal Interview,How would you motivate a team that has just experienced a significant setback or failure?,,,,,"Describe an approach involving acknowledging the setback honestly, focusing on lessons learned, and rebuilding confidence through achievable next steps.",This tests leadership resilience and the ability to rebuild morale after failure.,,,,"situational,leadership,motivation",,,,PI0171,,,,,,,,,,
PI0172,Situational & Hypothetical Judgment,,Hard,Personal Interview,"If you noticed two team members in conflict that was affecting overall unit morale, how would you address it?",,,,,"Explain that you would speak to both individuals separately to understand the issue, then facilitate a resolution focused on team objectives rather than personal grievances.",This tests conflict-resolution skills relevant to maintaining unit cohesion.,,,,"situational,conflict-resolution,leadership",,,,PI0172,,,,,,,,,,
PI0173,Situational & Hypothetical Judgment,,Medium,Personal Interview,"If you were the only one aware of a serious security lapse that could embarrass a senior officer you respected, what would you do?",,,,,"Explain that you would report the lapse honestly through proper channels regardless of personal relationships, as security and institutional integrity take precedence over individual reputations.",This tests moral courage and prioritisation of duty over personal relationships.,,,,"situational,integrity,duty",,,,PI0173,,,,,,,,,,
PI0174,Situational & Hypothetical Judgment,,Medium,Personal Interview,How would you handle receiving credit for work that was actually accomplished by your team?,,,,,"Explain that you would ensure your team receives appropriate recognition, redirecting credit fairly rather than accepting it solely for yourself.","This tests humility and fair leadership, important for maintaining team trust and morale.",,,,"situational,leadership,integrity",,,,PI0174,,,,,,,,,,
PI0175,Situational & Hypothetical Judgment,,Hard,Personal Interview,"If you were assigned a task you felt was beneath your rank or ability, how would you respond?",,,,,"Explain that you would complete the task professionally and to the best of your ability, understanding that all tasks contribute to the larger mission.","This tests humility and professionalism, avoiding an entitled attitude toward assigned duties.",,,,"situational,professionalism,humility",,,,PI0175,,,,,,,,,,
PI0176,Situational & Hypothetical Judgment,,Medium,Personal Interview,"If you had to deliver difficult news, such as a mission failure or casualty, to your team, how would you approach it?",,,,,"Describe a compassionate, honest, and composed approach, delivering the information clearly while providing appropriate emotional support to the team.",This tests emotional intelligence and communication skills in genuinely difficult leadership situations.,,,,"situational,communication,emotional-stability",,,,PI0176,,,,,,,,,,
PI0177,Situational & Hypothetical Judgment,,Medium,Personal Interview,How would you handle a situation where resources allocated to your team were insufficient for the assigned task?,,,,,"Explain that you would communicate the shortfall honestly to seniors, prioritise the most critical elements of the task, and find creative solutions within available resources.",This tests resourcefulness and honest communication under resource constraints.,,,,"situational,resourcefulness,communication",,,,PI0177,,,,,,,,,,
PI0178,Situational & Hypothetical Judgment,,Hard,Personal Interview,"If your team disagreed with a decision you made as their leader, how would you handle their concerns?",,,,,"Explain that you would listen to their concerns genuinely, explain your reasoning clearly, and remain open to reconsidering if valid new information emerged.",This tests the balance between decisive leadership and genuine openness to team input.,,,,"situational,leadership,communication",,,,PI0178,,,,,,,,,,
PI0179,Situational & Hypothetical Judgment,,Medium,Personal Interview,"If you discovered that following standard procedure would delay an urgent response to a genuine emergency, what would you do?",,,,,"Explain that you would use sound judgement to prioritise the emergency response appropriately, while being prepared to justify any deviation from standard procedure through proper channels afterward.","This tests judgement in balancing procedural discipline with urgent, real-world necessity.",,,,"situational,decision-making,judgement",,,,PI0179,,,,,,,,,,
PI0180,Situational & Hypothetical Judgment,,Medium,Personal Interview,How would you handle being placed under the command of someone younger or less experienced than you?,,,,,"Explain that you would respect the chain of command and support the leader professionally, contributing your experience constructively when appropriate.",This tests humility and professionalism in accepting organisational hierarchy regardless of personal seniority in age or experience.,,,,"situational,professionalism,discipline",,,,PI0180,,,,,,,,,,
PI0181,Situational & Hypothetical Judgment,,Hard,Personal Interview,"If you were responsible for training new recruits who were struggling significantly, how would you approach it?",,,,,"Describe a patient, structured approach involving identifying specific gaps, providing tailored support, and encouraging steady progress rather than expecting immediate perfection.","This tests mentorship and training ability, both important officer responsibilities.",,,,"situational,mentorship,training",,,,PI0181,,,,,,,,,,
PI0182,Situational & Hypothetical Judgment,,Medium,Personal Interview,"If you were forced to make a quick decision with incomplete information during an operation, how would you approach it?",,,,,"Explain that you would rely on your training, available information, and sound judgement to make the best possible decision quickly, while remaining ready to adapt as more information became available.","This tests decisiveness under uncertainty, a critical skill in real operational scenarios.",,,,"situational,decision-making,decisiveness",,,,PI0182,,,,,,,,,,
PI0183,Situational & Hypothetical Judgment,,Medium,Personal Interview,How would you handle a situation where you had to enforce an unpopular rule among your team?,,,,,"Explain that you would enforce the rule fairly and consistently, while explaining the reasoning behind it clearly to help the team understand its purpose.",This tests the ability to balance firm leadership with clear communication to maintain team buy-in.,,,,"situational,leadership,communication",,,,PI0183,,,,,,,,,,
PI0184,Situational & Hypothetical Judgment,,Hard,Personal Interview,"If a team member confided in you about a serious personal issue and asked you to keep it confidential, but it began affecting their duty performance, what would you do?",,,,,"Explain that you would respect confidentiality where possible, but would encourage the person to seek appropriate support, and escalate only if their wellbeing or duty performance was seriously at risk.",This tests the balance between confidentiality and the responsibility to ensure team welfare and operational effectiveness.,,,,"situational,empathy,responsibility",,,,PI0184,,,,,,,,,,
PI0185,Situational & Hypothetical Judgment,,Medium,Personal Interview,"If you found that a plan you had personally invested significant effort into was clearly not working, how would you respond?",,,,,"Explain that you would set aside personal attachment to the plan, honestly assess the situation, and adapt or abandon the approach in favour of what best serves the mission.",This tests intellectual honesty and adaptability over ego-driven attachment to one's own ideas.,,,,"situational,adaptability,decision-making",,,,PI0185,,,,,,,,,,
PI0186,Situational & Hypothetical Judgment,,Hard,Personal Interview,How would you handle a situation where you had to work with someone you personally disliked?,,,,,"Explain that you would maintain professionalism, focus on shared objectives, and treat the person with respect despite personal differences.",This tests emotional maturity and professionalism in managing interpersonal friction within a team.,,,,"situational,professionalism,emotional-stability",,,,PI0186,,,,,,,,,,
PI0187,Situational & Hypothetical Judgment,,Hard,Personal Interview,"If you were given conflicting instructions from two different superiors, how would you handle it?",,,,,"Explain that you would seek clarification respectfully from both, understanding the chain of command, and if needed, escalate the conflict to a higher authority for resolution.",This tests judgement in navigating organisational complexity while maintaining respect for the hierarchy.,,,,"situational,judgement,communication",,,,PI0187,,,,,,,,,,
PI0188,Situational & Hypothetical Judgment,,Medium,Personal Interview,"If you realised partway through an important task that you lacked the necessary skill or knowledge to complete it well, what would you do?",,,,,"Explain that you would honestly communicate the gap to your superiors, seek guidance or support, and take the opportunity to learn quickly rather than hiding the limitation.",This tests honesty and humility in acknowledging limitations rather than risking failure through false confidence.,,,,"situational,honesty,self-awareness",,,,PI0188,,,,,,,,,,
PI0189,Situational & Hypothetical Judgment,,Medium,Personal Interview,"How would you respond if your team achieved a significant success, but you personally felt you hadn't contributed much?",,,,,"Explain that you would celebrate the team's success genuinely, reflect honestly on your own contribution for future improvement, without diminishing the team's achievement.",This tests humility and genuine team-oriented thinking over individual ego.,,,,"situational,teamwork,humility",,,,PI0189,,,,,,,,,,
PI0190,Situational & Hypothetical Judgment,,Hard,Personal Interview,"If you noticed that team morale was low due to factors beyond your control, such as poor weather or delayed supplies, how would you respond?",,,,,"Explain that you would acknowledge the difficulties honestly, focus on what could be controlled, and maintain a positive, steady presence to support team morale.","This tests leadership resilience in maintaining morale despite external, uncontrollable challenges.",,,,"situational,leadership,resilience",,,,PI0190,,,,,,,,,,
PI0191,Situational & Hypothetical Judgment,,Hard,Personal Interview,"If you were asked to implement a policy you personally disagreed with, how would you present it to your team?",,,,,"Explain that you would present the policy professionally and clearly, focusing on its stated purpose, while privately raising your concerns through appropriate channels rather than undermining it to your team.",This tests professionalism and the ability to separate personal opinion from official duty when communicating with subordinates.,,,,"situational,professionalism,discipline",,,,PI0191,,,,,,,,,,
PI0192,Situational & Hypothetical Judgment,,Hard,Personal Interview,How would you handle discovering a minor equipment fault just before an important exercise or operation?,,,,,"Explain that you would report the fault immediately through proper channels, assess whether it compromises safety or effectiveness, and take appropriate corrective action before proceeding.",This tests attention to detail and responsible prioritisation of safety over convenience.,,,,"situational,responsibility,safety",,,,PI0192,,,,,,,,,,
PI0193,Situational & Hypothetical Judgment,,Hard,Personal Interview,"If your team's success depended on a colleague from a different unit who was not cooperating well, how would you handle it?",,,,,"Explain that you would try to understand the colleague's perspective and constraints, communicate the shared goals clearly, and seek a collaborative solution rather than escalating unnecessarily.",This tests interpersonal and negotiation skills in cross-unit or cross-team collaboration.,,,,"situational,teamwork,communication",,,,PI0193,,,,,,,,,,
PI0194,Situational & Hypothetical Judgment,,Medium,Personal Interview,Describe a time you led a group of people. What was the outcome?,,,,,"Share a specific, genuine example, whether from school, NCC, or elsewhere, describing your role, actions taken, and the actual outcome achieved.",Concrete leadership examples demonstrate real experience rather than theoretical claims of leadership ability.,,,,"leadership,experience,honesty",,,,PI0194,,,,,,,,,,
PI0195,Situational & Hypothetical Judgment,,Hard,Personal Interview,Have you ever had to lead a team through a failure? How did you handle it?,,,,,"Describe a genuine setback, the actions you took to address it, and what you learned about leadership through the experience.",This tests resilience in leadership and the ability to learn constructively from failure.,,,,"leadership,resilience,reflection",,,,PI0195,,,,,,,,,,
PI0196,Leadership & Teamwork Experience,,Easy,Personal Interview,What do you think makes someone a good team player?,,,,,"Explain qualities like reliability, communication, and willingness to support others, ideally connecting to a specific personal example.",This tests understanding of teamwork fundamentals relevant to military unit cohesion.,,,,"teamwork,olq,reflection",,,,PI0196,,,,,,,,,,
PI0197,Leadership & Teamwork Experience,,Medium,Personal Interview,Describe a situation where you had to convince a group to follow your idea or plan.,,,,,"Share a specific example, explaining how you communicated your idea, addressed objections, and gained the group's support.",This tests persuasion and communication skills relevant to leading and influencing a team.,,,,"leadership,communication,persuasion",,,,PI0197,,,,,,,,,,
PI0198,Leadership & Teamwork Experience,,Easy,Personal Interview,Tell me about a time you had to lead people who were more experienced or older than you.,,,,,"Share a genuine example describing how you balanced respect for their experience with confident leadership, and the outcome achieved.",This tests the ability to lead effectively despite a potential seniority or experience gap.,,,,"leadership,maturity,olq",,,,PI0198,,,,,,,,,,
PI0199,Leadership & Teamwork Experience,,Medium,Personal Interview,"What is the most difficult team you've ever worked with, and why?",,,,,"Share a genuine example, describing the specific challenges faced and how you contributed to making the collaboration work despite difficulties.",This tests resilience and adaptability in challenging team dynamics.,,,,"teamwork,resilience,adaptability",,,,PI0199,,,,,,,,,,
PI0200,Leadership & Teamwork Experience,,Hard,Personal Interview,Describe a time you had to give constructive feedback to someone in your team.,,,,,"Share a specific example of delivering feedback tactfully and constructively, and describe the outcome of the conversation.",This tests communication skills essential for effective leadership and man-management.,,,,"leadership,communication,feedback",,,,PI0200,,,,,,,,,,
PI0201,Leadership & Teamwork Experience,,Easy,Personal Interview,Have you ever taken charge of a situation without being asked to? Describe it.,,,,,"Share a genuine example demonstrating initiative, describing the situation, your actions, and the results.","This tests initiative, a core Officer Like Quality valued in leadership scenarios.",,,,"leadership,initiative,olq",,,,PI0201,,,,,,,,,,
PI0202,Leadership & Teamwork Experience,,Medium,Personal Interview,Describe a time when your leadership style had to change based on the situation or the people involved.,,,,,"Share a specific example demonstrating flexibility in leadership approach, explaining what changed and why it was necessary.","This tests situational leadership awareness, recognising that effective leaders adapt their approach as needed.",,,,"leadership,adaptability,reflection",,,,PI0202,,,,,,,,,,
PI0203,Leadership & Teamwork Experience,,Medium,Personal Interview,What role do you usually take on in a group project or activity?,,,,,"Describe your typical role honestly, whether leading, organising, or supporting, with specific examples.",This tests self-awareness about natural tendencies within team settings.,,,,"teamwork,self-awareness,honesty",,,,PI0203,,,,,,,,,,
PI0204,Leadership & Teamwork Experience,,Hard,Personal Interview,Tell me about a time you had to resolve a conflict between two team members.,,,,,Share a specific example describing how you facilitated resolution while remaining fair to both parties.,This tests conflict-resolution skills important for maintaining team cohesion.,,,,"leadership,conflict-resolution,teamwork",,,,PI0204,,,,,,,,,,
PI0205,Leadership & Teamwork Experience,,Easy,Personal Interview,What is one leadership quality you admire in others and try to emulate?,,,,,"Name a specific quality, such as decisiveness or empathy, and explain briefly why it resonates with you.",This tests self-awareness about leadership development and role models.,,,,"leadership,reflection,role-models",,,,PI0205,,,,,,,,,,
PI0206,Leadership & Teamwork Experience,,Medium,Personal Interview,Describe a time you had to work under a leader whose style you found ineffective. How did you handle it?,,,,,"Share a genuine, respectful example, explaining how you adapted and contributed positively despite the leadership challenges.",This tests professionalism and the ability to perform well even under imperfect leadership conditions.,,,,"teamwork,professionalism,adaptability",,,,PI0206,,,,,,,,,,
PI0207,Leadership & Teamwork Experience,,Easy,Personal Interview,Have you ever had to make an unpopular decision as a leader? Describe the situation.,,,,,"Share a specific example, explaining the reasoning behind the decision and how you communicated it to the team.",This tests decisiveness and the willingness to make difficult calls when necessary.,,,,"leadership,decision-making,communication",,,,PI0207,,,,,,,,,,
PI0208,Leadership & Teamwork Experience,,Medium,Personal Interview,Describe a time your team succeeded despite significant obstacles. What was your specific contribution?,,,,,"Share a genuine example detailing the obstacles faced, actions taken, and honestly describe your specific role in the team's success.",This tests the ability to reflect honestly on personal contribution within a broader team achievement.,,,,"leadership,teamwork,reflection",,,,PI0208,,,,,,,,,,
PI0209,Leadership & Teamwork Experience,,Medium,Personal Interview,What do you do when you disagree with the majority opinion in a group setting?,,,,,"Explain a mature approach involving voicing your perspective respectfully, listening to counterarguments, and being willing to compromise when appropriate.",This tests the balance between confident opinion-sharing and collaborative flexibility.,,,,"teamwork,communication,maturity",,,,PI0209,,,,,,,,,,
PI0210,Leadership & Teamwork Experience,,Hard,Personal Interview,"Describe your experience, if any, being part of a sports team or similar structured group activity.",,,,,"Share genuine details about your role and experience, connecting lessons learned to broader teamwork skills.",This tests exposure to structured team environments relevant to military unit dynamics.,,,,"teamwork,experience,reflection",,,,PI0210,,,,,,,,,,
PI0211,Leadership & Teamwork Experience,,Medium,Personal Interview,Tell me about a time you had to motivate someone who had lost confidence in themselves.,,,,,"Share a specific example describing the approach taken and the outcome, showing genuine empathy and encouragement.",This tests interpersonal leadership skills relevant to supporting subordinates through difficulties.,,,,"leadership,empathy,motivation",,,,PI0211,,,,,,,,,,
PI0212,Leadership & Teamwork Experience,,Medium,Personal Interview,Describe the biggest leadership challenge you have faced so far in your life.,,,,,"Share a genuine, specific example, describing the challenge, your response, and what you learned from the experience.",This tests depth of leadership experience and the ability to reflect meaningfully on genuine challenges.,,,,"leadership,reflection,resilience",,,,PI0212,,,,,,,,,,
PI0213,Leadership & Teamwork Experience,,Medium,Personal Interview,How do you handle situations where you must delegate tasks to others?,,,,,"Explain a thoughtful approach involving understanding team members' strengths, communicating expectations clearly, and following up appropriately.","This tests delegation skills, important for effective leadership at any level.",,,,"leadership,delegation,organizing-ability",,,,PI0213,,,,,,,,,,
PI0214,Leadership & Teamwork Experience,,Hard,Personal Interview,"Have you ever had to step back and let someone else lead, even when you felt capable of leading yourself?",,,,,Share a genuine example demonstrating humility and support for others' leadership development.,This tests humility and the understanding that effective teams don't always need the same person leading.,,,,"leadership,humility,teamwork",,,,PI0214,,,,,,,,,,
PI0215,Leadership & Teamwork Experience,,Medium,Personal Interview,Describe a time you had to earn the trust of a new team you joined.,,,,,Share a specific example detailing the actions taken to build credibility and trust within a new group.,This tests social adaptability and the ability to integrate effectively into unfamiliar team environments.,,,,"teamwork,social-adaptability,reflection",,,,PI0215,,,,,,,,,,
PI0216,Leadership & Teamwork Experience,,Medium,Personal Interview,"If you were given command of a team with members who had previously worked together and had established dynamics, how would you integrate as their new leader?",,,,,"Explain an approach involving observing existing dynamics first, respecting established relationships, and gradually establishing your leadership through competence and fairness.",This tests strategic thinking about entering and leading an established team environment.,,,,"leadership,adaptability,strategy",,,,PI0216,,,,,,,,,,
PI0217,Leadership & Teamwork Experience,,Medium,Personal Interview,"What is the hardest part of being a leader, in your opinion?",,,,,"Share a genuine, thoughtful reflection, such as making difficult decisions or balancing team needs with mission objectives.",This tests depth of understanding about the genuine challenges of leadership responsibility.,,,,"leadership,reflection,honesty",,,,PI0217,,,,,,,,,,
PI0218,Leadership & Teamwork Experience,,Hard,Personal Interview,Describe a situation where teamwork was more important than individual talent in achieving a goal.,,,,,"Share a specific example illustrating how collective effort, rather than individual brilliance, led to success.","This tests understanding of the value of collaborative effort over individual achievement, central to military teamwork.",,,,"teamwork,reflection,olq",,,,PI0218,,,,,,,,,,
PI0219,Leadership & Teamwork Experience,,Easy,Personal Interview,What are the three main branches of the Indian Armed Forces?,,,,,"Name the Indian Army, Indian Navy, and Indian Air Force correctly, and briefly mention their primary domains of operation.",This tests basic foundational knowledge expected of any serious defence aspirant.,,,,"armed-forces,knowledge,basics",,,,PI0219,,,,,,,,,,
PI0220,Leadership & Teamwork Experience,,Medium,Personal Interview,What is the difference between the Indian Army and the Territorial Army?,,,,,"Explain that the regular Army is a full-time professional force, while the Territorial Army allows citizens to serve part-time as a trained reserve alongside civilian careers.",This tests understanding of the broader structure of India's land forces beyond just the regular Army.,,,,"armed-forces,structure,knowledge",,,,PI0220,,,,,,,,,,
PI0221,Knowledge of Armed Forces & Services,,Easy,Personal Interview,What is the role of the National Defence Academy in officer training?,,,,,"Explain that NDA provides joint tri-service training for cadets of the Army, Navy, and Air Force before they move to service-specific academies for further training.","This tests understanding of the pathway into officer training, directly relevant to the candidate's own aspirations.",,,,"armed-forces,training,knowledge",,,,PI0221,,,,,,,,,,
PI0222,Knowledge of Armed Forces & Services,,Medium,Personal Interview,What is the significance of the Param Vir Chakra?,,,,,"Explain that it is India's highest military decoration, awarded for the most conspicuous acts of bravery in the presence of the enemy.","This tests knowledge of India's gallantry award system, an important aspect of military tradition.",,,,"armed-forces,awards,knowledge",,,,PI0222,,,,,,,,,,
PI0223,Knowledge of Armed Forces & Services,,Medium,Personal Interview,What is the difference between a Commissioned Officer and a Junior Commissioned Officer in the Indian Army?,,,,,"Explain that Commissioned Officers hold a President's Commission and typically enter through academies like IMA, while JCOs like Subedars are promoted from the ranks and hold a lower-tier commission with distinct responsibilities.",This tests nuanced understanding of the Army's rank and command structure.,,,,"armed-forces,ranks,knowledge",,,,PI0223,,,,,,,,,,
PI0224,Knowledge of Armed Forces & Services,,Easy,Personal Interview,"What is the role of the Indian Coast Guard, and how does it differ from the Navy?",,,,,"Explain that the Coast Guard focuses on coastal security, law enforcement, and search and rescue, while the Navy's primary role is combat and strategic maritime defence.",This tests understanding of the distinct roles of India's maritime security organisations.,,,,"armed-forces,coast-guard,knowledge",,,,PI0224,,,,,,,,,,
PI0225,Knowledge of Armed Forces & Services,,Hard,Personal Interview,"What is the SSB, and what does it assess in candidates?",,,,,"Explain that the Services Selection Board conducts a multi-day assessment involving psychological tests, group tasks, and interviews to evaluate Officer Like Qualities.",This tests understanding of the very process the candidate is currently undergoing.,,,,"armed-forces,ssb,knowledge",,,,PI0225,,,,,,,,,,
PI0226,Knowledge of Armed Forces & Services,,Medium,Personal Interview,"What does NCC stand for, and what is its purpose?",,,,,"Explain that NCC stands for National Cadet Corps, aimed at providing basic military training and instilling discipline among students.",This tests basic knowledge relevant to many defence aspirants' early exposure to military training.,,,,"armed-forces,ncc,knowledge",,,,PI0226,,,,,,,,,,
PI0227,Knowledge of Armed Forces & Services,,Easy,Personal Interview,What is the role of the Chief of Defence Staff?,,,,,Explain that the CDS provides single-point military advice to the government and oversees efforts to improve coordination among the three services.,This tests awareness of a significant and relatively recent addition to India's higher defence organisation.,,,,"armed-forces,cds,knowledge",,,,PI0227,,,,,,,,,,
PI0228,Knowledge of Armed Forces & Services,,Easy,Personal Interview,What is the difference between the Border Security Force and the Indian Army?,,,,,"Explain that the BSF is a paramilitary force focused on guarding international borders during peacetime, while the Army is the primary force for national defence and warfighting.",This tests understanding of the distinction between paramilitary and armed forces roles.,,,,"armed-forces,paramilitary,knowledge",,,,PI0228,,,,,,,,,,
PI0229,Knowledge of Armed Forces & Services,,Easy,Personal Interview,What is the purpose of India's Ballistic Missile Defence programme?,,,,,Explain that it aims to intercept and destroy incoming ballistic missile threats using a two-layered system of interceptors at different altitudes.,This tests deeper technical awareness of India's strategic defence capabilities.,,,,"armed-forces,missile-defence,knowledge",,,,PI0229,,,,,,,,,,
PI0230,Knowledge of Armed Forces & Services,,Medium,Personal Interview,What is the significance of Kargil Vijay Diwas?,,,,,Explain that it is observed on 26 July to commemorate India's victory in the 1999 Kargil War.,This tests knowledge of significant commemorative dates central to military history and tradition.,,,,"armed-forces,history,knowledge",,,,PI0230,,,,,,,,,,
PI0231,Knowledge of Armed Forces & Services,,Hard,Personal Interview,What is the role of DRDO in India's defence ecosystem?,,,,,"Explain that DRDO is India's primary defence research body, responsible for developing indigenous technology across missiles, aircraft, and other military systems.",This tests understanding of the research and development backbone supporting the armed forces.,,,,"armed-forces,drdo,knowledge",,,,PI0231,,,,,,,,,,
PI0232,Knowledge of Armed Forces & Services,,Easy,Personal Interview,What is the difference between the Army's operational commands and its functional commands?,,,,,"Explain that operational commands are responsible for specific geographic regions and combat readiness, while functional commands like Training Command focus on doctrine and training across the force.",This tests nuanced understanding of the Army's overall organisational structure.,,,,"armed-forces,structure,knowledge",,,,PI0232,,,,,,,,,,
PI0233,Knowledge of Armed Forces & Services,,Easy,Personal Interview,What does OLQ stand for in the context of officer selection?,,,,,"Explain that OLQ stands for Officer Like Qualities, the traits assessed during the SSB process.",This tests basic familiarity with terminology central to the candidate's own selection process.,,,,"armed-forces,olq,knowledge",,,,PI0233,,,,,,,,,,
PI0234,Knowledge of Armed Forces & Services,,Medium,Personal Interview,What is the significance of the Siachen Glacier in India's defence context?,,,,,"Explain that it is the site of a long-running military standoff and is often called the world's highest battlefield, held continuously by India since Operation Meghdoot in 1984.",This tests knowledge of a strategically and symbolically significant location in India's defence history.,,,,"armed-forces,siachen,knowledge",,,,PI0234,,,,,,,,,,
PI0235,Knowledge of Armed Forces & Services,,Easy,Personal Interview,What is the difference between the Army's infantry and mechanised infantry?,,,,,"Explain that infantry primarily fights on foot, while mechanised infantry operates from and alongside armoured combat vehicles for greater mobility and protection.",This tests understanding of different combat arms within the Army's structure.,,,,"armed-forces,infantry,knowledge",,,,PI0235,,,,,,,,,,
PI0236,Knowledge of Armed Forces & Services,,Medium,Personal Interview,What is the role of India's Strategic Forces Command?,,,,,"Explain that it is responsible for the management and administration of India's nuclear weapons and strategic missile forces, under civilian political control through the Nuclear Command Authority.","This tests awareness of India's nuclear command structure, an advanced but important topic.",,,,"armed-forces,nuclear,knowledge",,,,PI0236,,,,,,,,,,
PI0237,Knowledge of Armed Forces & Services,,Medium,Personal Interview,What is the significance of Operation Vijay in India's military history?,,,,,"Explain that Operation Vijay refers to India's 1999 Kargil War campaign to evict infiltrators, distinct from an earlier 1961 Operation Vijay that liberated Goa.",This tests knowledge of significant military operations and awareness that names can be reused across different historical contexts.,,,,"armed-forces,operations,knowledge",,,,PI0237,,,,,,,,,,
PI0238,Knowledge of Armed Forces & Services,,Hard,Personal Interview,What is the role of the Military Intelligence Corps?,,,,,"Explain that it is responsible for gathering, analysing, and disseminating intelligence relevant to military operations and national security.",This tests awareness of specialised support functions within the broader Army structure.,,,,"armed-forces,intelligence,knowledge",,,,PI0238,,,,,,,,,,
PI0239,Knowledge of Armed Forces & Services,,Medium,Personal Interview,What is the difference between the Regiment of Artillery and the Army Air Defence branch?,,,,,"Explain that the Regiment of Artillery provides indirect fire support using guns and howitzers, while Army Air Defence specifically protects forces from aerial threats using missiles and anti-aircraft systems.",This tests nuanced understanding of specialised combat support arms.,,,,"armed-forces,artillery,knowledge",,,,PI0239,,,,,,,,,,
PI0240,Knowledge of Armed Forces & Services,,Easy,Personal Interview,What is the primary role of the Indian Air Force?,,,,,"Explain that the IAF is responsible for aerial warfare, air defence, and providing air support to the Army and Navy, along with strategic airlift capabilities.",This tests basic understanding of each service's primary role.,,,,"armed-forces,air-force,knowledge",,,,PI0240,,,,,,,,,,
PI0241,Knowledge of Armed Forces & Services,,Medium,Personal Interview,What is the significance of the Instrument of Surrender signed in 1971?,,,,,"Explain that it marked the surrender of over 90,000 Pakistani soldiers in Dhaka, leading to the creation of Bangladesh, and remains one of the largest surrenders since World War II.",This tests knowledge of a landmark event in India's military history.,,,,"armed-forces,history,knowledge",,,,PI0241,,,,,,,,,,
PI0242,Knowledge of Armed Forces & Services,,Easy,Personal Interview,What is the role of the Army Service Corps?,,,,,"Explain that it manages logistics, transportation, and supply for the field army, ensuring troops have the resources needed to sustain operations.","This tests awareness of the critical, if less visible, logistics functions supporting combat operations.",,,,"armed-forces,logistics,knowledge",,,,PI0242,,,,,,,,,,
PI0243,Knowledge of Armed Forces & Services,,Medium,Personal Interview,What is the difference between a gallantry award and a distinguished service award in the Indian armed forces?,,,,,"Explain that gallantry awards like the Vir Chakra recognise bravery in combat or dangerous situations, while distinguished service awards like the Vishisht Seva Medal recognise exceptional non-combat contributions.",This tests nuanced understanding of India's honours and awards system.,,,,"armed-forces,awards,knowledge",,,,PI0243,,,,,,,,,,
PI0244,Knowledge of Armed Forces & Services,,Easy,Personal Interview,What is the significance of India's Integrated Guided Missile Development Programme?,,,,,"Explain that it was launched in the 1980s to make India self-reliant in missile technology, producing missiles like Agni, Prithvi, Akash, Trishul, and Nag.",This tests deeper awareness of India's foundational indigenous missile development efforts.,,,,"armed-forces,missiles,knowledge",,,,PI0244,,,,,,,,,,
PI0245,Knowledge of Armed Forces & Services,,Medium,Personal Interview,What is the role of the Corps of Engineers in the Indian Army?,,,,,"Explain that it is responsible for building and maintaining infrastructure like roads, bridges, and fortifications, often under combat conditions, and also assists in disaster relief.",This tests understanding of the vital combat support role played by engineering units.,,,,"armed-forces,engineers,knowledge",,,,PI0245,,,,,,,,,,
PI0246,Knowledge of Armed Forces & Services,,Hard,Personal Interview,What is the significance of the National War Memorial in New Delhi?,,,,,"Explain that it honours and commemorates soldiers who made the ultimate sacrifice in conflicts since India's independence, complementing the older India Gate.",This tests awareness of how the nation formally honours its fallen soldiers.,,,,"armed-forces,memorials,knowledge",,,,PI0246,,,,,,,,,,
PI0247,Knowledge of Armed Forces & Services,,Easy,Personal Interview,What is the role of Military Intelligence versus the Research and Analysis Wing (RAW)?,,,,,"Explain that Military Intelligence focuses specifically on tactical and operational intelligence for the armed forces, while RAW is India's external intelligence agency handling broader strategic and foreign intelligence.",This tests understanding of the distinction between military and civilian intelligence functions.,,,,"armed-forces,intelligence,knowledge",,,,PI0247,,,,,,,,,,
PI0248,Knowledge of Armed Forces & Services,,Medium,Personal Interview,What is the motto or ethos commonly associated with the Indian Military Academy?,,,,,"Explain that IMA's ethos centres on producing officers of high character, competence, and commitment, often summarised by its guiding principle placing the nation's interest above self.",This tests basic familiarity with the values instilled at India's premier Army officer training academy.,,,,"armed-forces,ima,knowledge",,,,PI0248,,,,,,,,,,
PI0249,Knowledge of Armed Forces & Services,,Medium,Personal Interview,What is your opinion on the reservation system in India?,,,,,"Present a balanced, respectful view acknowledging the historical rationale for reservations alongside ongoing debates about its implementation, avoiding inflammatory or one-sided statements.",This tests the ability to discuss a socially sensitive topic with maturity and balanced reasoning.,,,,"social-issues,reasoning,maturity",,,,PI0249,,,,,,,,,,
PI0250,Knowledge of Armed Forces & Services,,Easy,Personal Interview,What do you think about the role of youth in nation-building?,,,,,"Explain a thoughtful perspective on how young people contribute through education, innovation, civic participation, and service-oriented careers like the armed forces.",This tests broader civic awareness and the candidate's sense of their own role in society.,,,,"social-issues,civic-awareness,reflection",,,,PI0250,,,,,,,,,,
PI0251,Opinion & Social Issues,,Easy,Personal Interview,What is your view on the increasing use of smartphones and social media among young people?,,,,,"Present a balanced view acknowledging benefits like access to information and connectivity, alongside concerns like distraction or misinformation, with a personal stance on responsible use.",This tests critical thinking on a contemporary issue relevant to the candidate's own generation.,,,,"social-issues,technology,reasoning",,,,PI0251,,,,,,,,,,
PI0252,Opinion & Social Issues,,Easy,Personal Interview,Do you think capital punishment should be retained in India's legal system? Why or why not?,,,,,"Present a reasoned, balanced view considering arguments for deterrence and justice alongside concerns about irreversibility and judicial fairness, forming a clear personal stance.",This tests the ability to engage with a complex ethical and legal debate with composure and reasoning.,,,,"social-issues,ethics,reasoning",,,,PI0252,,,,,,,,,,
PI0253,Opinion & Social Issues,,Medium,Personal Interview,"What is your opinion on gender equality in the workplace, including in the armed forces?",,,,,"Present a supportive view of merit-based equal opportunity, discussing genuine progress made and areas that continue to evolve.",This tests the candidate's perspective on an evolving and socially relevant issue directly connected to the armed forces.,,,,"social-issues,gender-equality,reasoning",,,,PI0253,,,,,,,,,,
PI0254,Opinion & Social Issues,,Hard,Personal Interview,What do you think is the biggest challenge facing India's youth today?,,,,,"Share a genuine, thoughtful perspective, such as unemployment, mental health awareness, or educational quality, with reasoning behind the choice.",This tests awareness of contemporary social challenges relevant to the candidate's own generation.,,,,"social-issues,reasoning,awareness",,,,PI0254,,,,,,,,,,
PI0255,Opinion & Social Issues,,Medium,Personal Interview,What is your view on the importance of voting and civic participation?,,,,,"Explain a genuine belief in the importance of democratic participation as a civic responsibility, connecting it to the broader idea of service to the nation.",This tests civic awareness and the candidate's sense of responsibility toward democratic institutions.,,,,"social-issues,civic-duty,reflection",,,,PI0255,,,,,,,,,,
PI0256,Opinion & Social Issues,,Medium,Personal Interview,Some argue that economic development should take priority over environmental protection. What is your view?,,,,,"Present a balanced view acknowledging the need for development alongside sustainable practices, forming a reasoned personal stance on how to balance both priorities.",This tests the ability to engage with a nuanced policy trade-off relevant to national development.,,,,"social-issues,environment,reasoning",,,,PI0256,,,,,,,,,,
PI0257,Opinion & Social Issues,,Medium,Personal Interview,What is your opinion on the mental health awareness movement in India?,,,,,"Present a supportive view acknowledging the importance of reducing stigma and improving access to mental health support, including within demanding careers like the armed forces.",This tests awareness of a contemporary and increasingly important social issue with direct relevance to military life.,,,,"social-issues,mental-health,reasoning",,,,PI0257,,,,,,,,,,
PI0258,Opinion & Social Issues,,Hard,Personal Interview,"What do you think about the balance between individual freedom and national security, such as in surveillance policies?",,,,,"Present a balanced view acknowledging the need for security measures alongside the importance of protecting individual rights, with a reasoned personal perspective.",This tests the ability to engage thoughtfully with a classic tension in democratic governance.,,,,"social-issues,national-security,reasoning",,,,PI0258,,,,,,,,,,
PI0259,Opinion & Social Issues,,Medium,Personal Interview,What is your view on the role of media in a democracy?,,,,,"Explain a balanced perspective on media's role in informing the public and holding institutions accountable, while acknowledging the responsibility to report accurately and fairly.",This tests understanding of institutional checks and balances relevant to a functioning democracy.,,,,"social-issues,media,reasoning",,,,PI0259,,,,,,,,,,
PI0260,Opinion & Social Issues,,Medium,Personal Interview,Do you think India should have a uniform civil code? Present a balanced view.,,,,,"Present a reasoned, balanced perspective acknowledging arguments for legal uniformity and equality alongside concerns about respecting diverse cultural and religious practices.","This tests the ability to engage with a complex, sensitive constitutional debate with maturity and balance.",,,,"social-issues,constitution,reasoning",,,,PI0260,,,,,,,,,,
PI0261,Opinion & Social Issues,,Easy,Personal Interview,What is your opinion on the growing focus on physical fitness and wellness in Indian society?,,,,,"Present a positive view on the trend, connecting it to broader benefits for public health and its particular relevance to physically demanding careers like the armed forces.",This tests the candidate's perspective on a positive social trend relevant to their own career path.,,,,"social-issues,fitness,reasoning",,,,PI0261,,,,,,,,,,
PI0262,Opinion & Social Issues,,Hard,Personal Interview,What do you think is the role of education in reducing social inequality?,,,,,Explain a thoughtful perspective on how access to quality education can help bridge social and economic gaps over time.,This tests broader awareness of social issues and the candidate's ability to connect them to systemic solutions.,,,,"social-issues,education,reasoning",,,,PI0262,,,,,,,,,,
PI0263,Opinion & Social Issues,,Medium,Personal Interview,What is your opinion on the increasing urban-rural divide in India?,,,,,"Present a balanced view acknowledging the reasons behind the divide, such as infrastructure and economic opportunity gaps, along with potential solutions.",This tests awareness of a significant socio-economic issue relevant to national development.,,,,"social-issues,development,reasoning",,,,PI0263,,,,,,,,,,
PI0264,Opinion & Social Issues,,Medium,Personal Interview,Do you think social media influencers have too much influence over young people's opinions today?,,,,,"Present a balanced view acknowledging both the positive potential for awareness-building and the risks of misinformation or unhealthy comparison, with a reasoned personal stance.",This tests critical thinking about a contemporary cultural phenomenon relevant to the candidate's generation.,,,,"social-issues,media,reasoning",,,,PI0264,,,,,,,,,,
PI0265,Opinion & Social Issues,,Medium,Personal Interview,What is your view on the importance of preserving India's cultural diversity?,,,,,"Explain a genuine appreciation for India's diversity as a source of strength, while acknowledging the importance of national unity alongside this diversity.",This tests understanding of the balance between diversity and unity central to India's national identity.,,,,"social-issues,culture,reasoning",,,,PI0265,,,,,,,,,,
PI0266,Opinion & Social Issues,,Hard,Personal Interview,What do you think about the increasing focus on skill-based education alongside traditional academics?,,,,,Present a balanced view acknowledging the practical value of skill development alongside the continued importance of foundational academic knowledge.,This tests awareness of evolving educational priorities relevant to workforce readiness.,,,,"social-issues,education,reasoning",,,,PI0266,,,,,,,,,,
PI0267,Opinion & Social Issues,,Medium,Personal Interview,What is your opinion on the role of NGOs in addressing social issues in India?,,,,,Present a balanced view acknowledging the valuable contributions of NGOs alongside the importance of government-led systemic solutions.,This tests awareness of the broader ecosystem of actors addressing social challenges in India.,,,,"social-issues,ngos,reasoning",,,,PI0267,,,,,,,,,,
PI0268,Opinion & Social Issues,,Medium,Personal Interview,Some believe that traditional joint family structures are better than nuclear families for raising children. What is your view?,,,,,"Present a balanced, respectful view acknowledging the strengths of both family structures depending on circumstances, without dismissing either as inherently superior.",This tests the ability to discuss a culturally sensitive topic with balance and respect for differing family structures.,,,,"social-issues,family,reasoning",,,,PI0268,,,,,,,,,,
PI0269,Opinion & Social Issues,,Medium,Personal Interview,What is your opinion on the growing importance of environmental sustainability in daily life?,,,,,"Explain a genuine, thoughtful perspective on practical steps individuals and society can take toward more sustainable living.",This tests awareness of environmental responsibility as a contemporary social value.,,,,"social-issues,environment,reasoning",,,,PI0269,,,,,,,,,,
PI0270,Opinion & Social Issues,,Hard,Personal Interview,What do you think is the most effective way to reduce corruption in public institutions?,,,,,"Share a genuine, thoughtful perspective, such as transparency measures, accountability systems, or technology-driven solutions, with reasoning behind the choice.","This tests critical thinking on institutional integrity, relevant to the candidate's own future role in a public institution.",,,,"social-issues,governance,reasoning",,,,PI0270,,,,,,,,,,
PI0271,Opinion & Social Issues,,Medium,Personal Interview,What is your view on the importance of physical education in schools?,,,,,"Present a supportive view connecting physical education to overall health, discipline, and character development in young people.","This tests the candidate's broader perspective on holistic education, relevant to their own understanding of officer development.",,,,"social-issues,education,fitness",,,,PI0271,,,,,,,,,,
PI0272,Opinion & Social Issues,,Medium,Personal Interview,Do you think there should be an age limit for political leadership positions in India? Present a balanced view.,,,,,"Present a reasoned, balanced perspective considering the value of experience against the need for fresh perspectives and energy in leadership.",This tests the ability to engage with a debated governance topic thoughtfully and without extreme positions.,,,,"social-issues,governance,reasoning",,,,PI0272,,,,,,,,,,
PI0273,Opinion & Social Issues,,Medium,Personal Interview,What is your opinion on the balance between tradition and modernity in Indian society today?,,,,,"Present a thoughtful, balanced perspective acknowledging the value of preserving meaningful traditions while embracing beneficial modern changes.",This tests nuanced thinking about India's ongoing social evolution.,,,,"social-issues,culture,reasoning",,,,PI0273,,,,,,,,,,
PI0274,Opinion & Social Issues,,Hard,Personal Interview,Are you part of the NCC? What has your experience been like?,,,,,"Answer honestly, whether yes or no, and if applicable, share genuine specific experiences and what you have learned from participation.",This tests genuine engagement with NCC as a foundational experience for many defence aspirants.,,,,"ncc,experience,honesty",,,,PI0274,,,,,,,,,,
PI0275,Opinion & Social Issues,,Medium,Personal Interview,What is the most valuable lesson you have learned from your NCC training?,,,,,"Share a specific, genuine lesson, such as discipline, teamwork, or physical endurance, with a concrete example.",This tests depth of reflection on NCC experience rather than generic statements.,,,,"ncc,reflection,olq",,,,PI0275,,,,,,,,,,
PI0276,NCC & Extracurricular Experience,,Easy,Personal Interview,Have you attended any NCC camps? Describe your experience.,,,,,"Share genuine details about a specific camp, including activities undertaken and personal takeaways.","This tests genuine, specific experience rather than vague claims of participation.",,,,"ncc,experience,honesty",,,,PI0276,,,,,,,,,,
PI0277,NCC & Extracurricular Experience,,Medium,Personal Interview,"What NCC certificate level have you achieved, and what did the process involve?",,,,,"Answer honestly about your certificate level (A, B, or C) and briefly describe the associated training and examination process.",This tests factual accuracy about the candidate's own NCC background and achievements.,,,,"ncc,achievement,honesty",,,,PI0277,,,,,,,,,,
PI0278,NCC & Extracurricular Experience,,Easy,Personal Interview,How has NCC training specifically prepared you for the physical and mental demands of SSB and officer training?,,,,,"Draw specific, genuine connections between NCC training experiences and skills relevant to SSB tasks and officer training demands.",This tests the ability to connect prior training experience meaningfully to future career demands.,,,,"ncc,ssb,reflection",,,,PI0278,,,,,,,,,,
PI0279,NCC & Extracurricular Experience,,Medium,Personal Interview,"What responsibilities have you held within your NCC unit, if any?",,,,,"Share genuine details about any leadership or specific roles held, such as cadet leader positions, with concrete examples of responsibilities managed.",This tests genuine leadership experience gained through NCC involvement.,,,,"ncc,leadership,honesty",,,,PI0279,,,,,,,,,,
PI0280,NCC & Extracurricular Experience,,Hard,Personal Interview,"If you are not part of NCC, what other extracurricular activities have shaped your interest in the armed forces?",,,,,"Share genuine alternative experiences, such as sports, adventure activities, or community service, that have contributed to your interest and preparation.",This tests genuine engagement with relevant experiences even outside the NCC framework.,,,,"extracurricular,honesty,reflection",,,,PI0280,,,,,,,,,,
PI0281,NCC & Extracurricular Experience,,Easy,Personal Interview,Describe a challenging NCC drill or exercise and how you overcame it.,,,,,"Share a specific, genuine example of a physically or mentally demanding NCC activity and the approach taken to complete it successfully.",This tests resilience and determination demonstrated through concrete NCC experience.,,,,"ncc,resilience,determination",,,,PI0281,,,,,,,,,,
PI0282,NCC & Extracurricular Experience,,Easy,Personal Interview,"What is the difference between the NCC's Army, Navy, and Air Wings, and which one are you or would you be part of?",,,,,"Explain that each wing provides training oriented toward its respective service, and answer honestly about personal involvement or interest.",This tests factual understanding of NCC's structure alongside genuine personal engagement.,,,,"ncc,knowledge,honesty",,,,PI0282,,,,,,,,,,
PI0283,NCC & Extracurricular Experience,,Medium,Personal Interview,"If you had to choose one NCC activity to recommend to a hesitant junior cadet, what would it be and why?",,,,,"Share a specific, genuine recommendation with clear reasoning about its value for building confidence or skills relevant to the junior cadet's development.",This tests the ability to mentor and articulate the value of specific experiences to others.,,,,"ncc,mentorship,reflection",,,,PI0283,,,,,,,,,,
PI0284,NCC & Extracurricular Experience,,Medium,Personal Interview,Have you participated in any NCC parades or Republic Day contingent selections? Describe the experience.,,,,,"Share genuine details about participation or attempts, including preparation involved and personal reflections on the experience.",This tests genuine engagement with one of NCC's most prestigious and demanding opportunities.,,,,"ncc,experience,discipline",,,,PI0284,,,,,,,,,,
PI0285,NCC & Extracurricular Experience,,Hard,Personal Interview,What extracurricular activity outside of academics has taught you the most about discipline?,,,,,"Share a specific, genuine activity, such as a sport, NCC, or a structured hobby, explaining concretely how it built disciplined habits.",This tests the ability to connect broader life experiences to core officer qualities like discipline.,,,,"extracurricular,discipline,reflection",,,,PI0285,,,,,,,,,,
PI0286,NCC & Extracurricular Experience,,Medium,Personal Interview,Describe a time during an NCC camp or activity when you had to work with cadets from different backgrounds.,,,,,Share a genuine example demonstrating social adaptability and effective collaboration across diverse backgrounds.,This tests social adaptability developed through structured group training experiences.,,,,"ncc,social-adaptability,teamwork",,,,PI0286,,,,,,,,,,
PI0287,NCC & Extracurricular Experience,,Medium,Personal Interview,"What motivated you to join the NCC, if you are a member?",,,,,"Share a genuine, specific reason for joining, whether personal interest, family influence, or school encouragement.",This tests authenticity in explaining the origin of involvement in structured training programmes.,,,,"ncc,motivation,honesty",,,,PI0287,,,,,,,,,,
PI0288,NCC & Extracurricular Experience,,Medium,Personal Interview,How do you balance NCC commitments with your academic responsibilities?,,,,,"Describe a realistic, structured approach to managing time between NCC training and academic demands.",This tests time-management skills relevant to balancing multiple serious commitments.,,,,"ncc,time-management,balance",,,,PI0288,,,,,,,,,,
PI0289,NCC & Extracurricular Experience,,Easy,Personal Interview,What is one skill from your extracurricular activities that you believe directly supports leadership development?,,,,,"Name a specific skill, such as public speaking or organisational ability, and explain concretely how it developed through the named activity.",This tests the ability to identify transferable leadership skills from varied personal experiences.,,,,"extracurricular,leadership,reflection",,,,PI0289,,,,,,,,,,
PI0290,NCC & Extracurricular Experience,,Medium,Personal Interview,"If NCC training conflicted significantly with your academic exam schedule, how would you prioritise between the two?",,,,,"Explain a realistic, balanced approach involving communication with both NCC and academic authorities to find a workable solution, while explaining your general prioritisation reasoning.",This tests practical judgement in balancing genuinely competing commitments.,,,,"ncc,decision-making,time-management",,,,PI0290,,,,,,,,,,
PI0291,NCC & Extracurricular Experience,,Medium,Personal Interview,"Describe your experience with any adventure activities organised through NCC, such as trekking or mountaineering.",,,,,"Share genuine specific details about the activity, challenges faced, and personal growth experienced.",This tests genuine exposure to physically and mentally demanding activities relevant to military training.,,,,"ncc,adventure,resilience",,,,PI0291,,,,,,,,,,
PI0292,NCC & Extracurricular Experience,,Hard,Personal Interview,"What is the NCC motto, and what does it mean to you personally?",,,,,"Explain that the NCC motto is 'Unity and Discipline', and share a genuine personal reflection on how this principle has influenced your own conduct.",This tests both factual knowledge and genuine personal connection to NCC's guiding values.,,,,"ncc,values,knowledge",,,,PI0292,,,,,,,,,,
PI0293,NCC & Extracurricular Experience,,Medium,Personal Interview,Have you participated in any social service or community activities through NCC or otherwise? Describe one.,,,,,"Share a genuine, specific example of community service, describing your role and its impact.",This tests genuine social responsibility demonstrated through concrete community engagement.,,,,"ncc,social-service,honesty",,,,PI0293,,,,,,,,,,
PI0294,NCC & Extracurricular Experience,,Easy,Personal Interview,"What NCC activity did you find most enjoyable, and why?",,,,,"Share a genuine, specific activity with honest reasoning for the enjoyment, avoiding generic answers.",This tests authenticity and genuine engagement with the NCC experience.,,,,"ncc,honesty,reflection",,,,PI0294,,,,,,,,,,
PI0295,NCC & Extracurricular Experience,,Medium,Personal Interview,How has NCC shaped your understanding of the armed forces as a career?,,,,,"Explain genuine insights gained through NCC exposure, such as realistic expectations about discipline, teamwork, or physical demands.","This tests whether NCC involvement has translated into genuine, realistic career understanding.",,,,"ncc,motivation,realism",,,,PI0295,,,,,,,,,,
PI0296,NCC & Extracurricular Experience,,Easy,Personal Interview,Describe a time you had to follow strict rules during an NCC camp that you found difficult to adhere to.,,,,,Share a genuine example and describe how you managed to comply while understanding the underlying purpose of the rule.,This tests discipline and the ability to follow structure even when personally challenging.,,,,"ncc,discipline,resilience",,,,PI0296,,,,,,,,,,
PI0297,NCC & Extracurricular Experience,,Medium,Personal Interview,"If you were an NCC cadet leader and a junior cadet consistently broke minor rules, how would you address it?",,,,,"Explain a fair, constructive approach involving understanding the root cause, providing guidance, and applying consistent consequences if the behaviour continued.",This tests leadership and disciplinary judgement in a realistic NCC-specific scenario.,,,,"ncc,leadership,discipline",,,,PI0297,,,,,,,,,,
PI0298,NCC & Extracurricular Experience,,Medium,Personal Interview,What do you think is the main purpose of the NCC in India's broader youth development framework?,,,,,"Explain that NCC aims to develop character, discipline, and a spirit of national service among students, while also creating awareness of and interest in the armed forces.",This tests broader understanding of NCC's institutional purpose beyond personal experience.,,,,"ncc,knowledge,civic-awareness",,,,PI0298,,,,,,,,,,
